id,Status,Created date (UTC),Amount,Currency,Description
ch_0000000,Paid,2020-08-01 10:30:39,196.72,aud,Subscription update
ch_0000001,Paid,2020-08-01 15:30:53,355.04,aud,Subscription update
ch_0000002,Paid,2020-08-02 19:29:21,1571.58,aud,Invoice payment
ch_0000003,Paid,2020-08-03 15:32:01,192.18,aud,Subscription update
ch_0000004,Paid,2020-08-04 08:02:52,186.4,aud,IV League - Booking
ch_0000005,Paid,2020-08-06 14:16:35,195.47,aud,Subscription update
ch_0000006,Paid,2020-08-11 20:48:50,331.08,aud,Subscription update
ch_0000007,Paid,2020-08-12 20:23:23,192.26,aud,Subscription update
ch_0000008,Paid,2020-08-13 15:59:16,241.6,aud,IV League - Booking
ch_0000009,Paid,2020-08-15 14:22:10,198.86,aud,Subscription update
ch_0000010,Paid,2020-08-15 18:09:24,1612.19,aud,Invoice payment
ch_0000011,Paid,2020-08-15 18:55:05,594.06,aud,Subscription update
ch_0000012,Paid,2020-08-17 09:56:44,194.95,aud,Subscription update
ch_0000013,Paid,2020-08-17 16:36:26,351.45,aud,Subscription creation
ch_0000014,Paid,2020-08-18 18:35:47,339.4,aud,Subscription update
ch_0000015,Paid,2020-08-19 12:26:31,592.2,aud,Subscription update
ch_0000016,Paid,2020-08-20 19:15:07,196.92,aud,Subscription update
ch_0000017,Paid,2020-08-21 09:58:52,358.32,aud,Subscription update
ch_0000018,Paid,2020-08-21 14:14:39,344.12,aud,Subscription update
ch_0000019,Paid,2020-08-22 08:09:15,202.53,aud,Subscription update
ch_0000020,Paid,2020-08-22 12:12:50,196.45,aud,Subscription update
ch_0000021,Paid,2020-08-23 08:45:12,206.55,aud,Subscription update
ch_0000022,Paid,2020-08-23 11:46:39,204.29,aud,Subscription update
ch_0000023,Paid,2020-08-23 18:07:13,1721.87,aud,Invoice payment
ch_0000024,Paid,2020-08-26 14:03:25,196.23,aud,Subscription update
ch_0000025,Paid,2020-08-26 19:50:07,1643.12,aud,Invoice payment
ch_0000026,Paid,2020-08-27 17:42:03,445.81,aud,IV League - Booking
ch_0000027,Paid,2020-08-28 20:55:11,603.76,aud,Subscription update
ch_0000028,Paid,2020-08-30 14:49:15,195.49,aud,Subscription update
ch_0000029,Paid,2020-08-31 10:42:15,305.25,aud,IV League - Booking
ch_0000030,Paid,2020-08-31 19:23:53,449.12,aud,IV League - Booking
ch_0000031,Paid,2020-09-01 12:04:52,199.35,aud,Subscription update
ch_0000032,Paid,2020-09-01 17:04:41,2013.49,aud,Invoice payment
ch_0000033,Paid,2020-09-01 19:18:35,197.18,aud,Subscription update
ch_0000034,Refunded,2020-09-02 15:57:24,349.0,aud,Subscription update
ch_0000035,Paid,2020-09-04 06:10:24,195.56,aud,Subscription creation
ch_0000036,Paid,2020-09-04 10:56:03,194.09,aud,Subscription update
ch_0000037,Paid,2020-09-04 13:36:23,1005.29,aud,Invoice payment
ch_0000038,Paid,2020-09-06 06:44:10,430.59,aud,Package initiation
ch_0000039,Paid,2020-09-06 13:03:29,199.98,aud,Subscription update
ch_0000040,Paid,2020-09-07 16:19:03,356.23,aud,Subscription update
ch_0000041,Paid,2020-09-08 08:13:36,186.49,aud,IV League - Booking
ch_0000042,Paid,2020-09-08 18:34:37,191.85,aud,Subscription update
ch_0000043,Paid,2020-09-09 10:20:30,194.41,aud,Subscription update
ch_0000044,Paid,2020-09-10 11:35:21,313.65,aud,Initial consultation
ch_0000045,Paid,2020-09-10 13:41:52,169.18,aud,IV League - Booking
ch_0000046,Paid,2020-09-10 19:06:12,197.57,aud,Subscription update
ch_0000047,Paid,2020-09-11 08:18:56,338.35,aud,Subscription update
ch_0000048,Paid,2020-09-12 10:03:51,584.56,aud,Subscription update
ch_0000049,Paid,2020-09-12 17:27:44,993.28,aud,Longevity panel
ch_0000050,Paid,2020-09-12 20:09:43,203.83,aud,Subscription update
ch_0000051,Paid,2020-09-13 10:03:17,2135.32,aud,Invoice payment
ch_0000052,Paid,2020-09-13 20:06:48,2329.16,aud,Package initiation
ch_0000053,Paid,2020-09-14 14:04:58,608.58,aud,Subscription update
ch_0000054,Paid,2020-09-15 12:32:41,196.55,aud,Subscription creation
ch_0000055,Paid,2020-09-16 09:19:56,254.48,aud,IV League - Booking
ch_0000056,Paid,2020-09-16 12:49:56,1904.48,aud,Package initiation
ch_0000057,Paid,2020-09-17 18:37:44,586.87,aud,Subscription update
ch_0000058,Paid,2020-09-17 20:25:22,2530.66,aud,Package initiation
ch_0000059,Paid,2020-09-19 07:10:56,600.78,aud,Subscription update
ch_0000060,Paid,2020-09-19 14:01:51,195.77,aud,Subscription update
ch_0000061,Paid,2020-09-21 13:34:43,196.14,aud,Subscription creation
ch_0000062,Paid,2020-09-22 07:53:50,4501.05,aud,Corporate wellness - Keyman
ch_0000063,Paid,2020-09-22 13:36:05,192.83,aud,Subscription update
ch_0000064,Paid,2020-09-22 15:25:11,576.97,aud,Subscription update
ch_0000065,Paid,2020-09-25 09:38:58,191.57,aud,IV League - Booking
ch_0000066,Paid,2020-09-26 20:29:04,247.88,aud,IV League - Booking
ch_0000067,Paid,2020-09-28 16:05:30,360.23,aud,Subscription update
ch_0000068,Paid,2020-09-29 06:54:47,585.03,aud,Subscription update
ch_0000069,Paid,2020-09-29 07:47:23,205.61,aud,Subscription update
ch_0000070,Paid,2020-09-29 14:47:21,464.29,aud,IV League - Booking
ch_0000071,Paid,2020-09-29 15:13:36,342.72,aud,Subscription update
ch_0000072,Paid,2020-09-29 17:29:01,263.87,aud,IV League - Booking
ch_0000073,Paid,2020-09-29 20:28:38,341.21,aud,Subscription update
ch_0000074,Paid,2020-10-01 06:29:49,205.62,aud,Subscription update
ch_0000075,Paid,2020-10-01 08:17:39,347.63,aud,Subscription update
ch_0000076,Paid,2020-10-03 06:13:34,351.28,aud,Subscription update
ch_0000077,Paid,2020-10-03 13:15:51,199.56,aud,Subscription update
ch_0000078,Paid,2020-10-04 16:50:38,209.55,aud,Subscription update
ch_0000079,Paid,2020-10-04 20:18:53,250.0,usd,Initial consultation
ch_0000080,Paid,2020-10-05 10:46:54,200.76,aud,Subscription update
ch_0000081,Paid,2020-10-06 06:15:31,202.67,aud,Subscription update
ch_0000082,Paid,2020-10-07 18:47:29,350.87,aud,Subscription update
ch_0000083,Paid,2020-10-07 19:59:18,219.45,aud,IV League - Booking
ch_0000084,Paid,2020-10-08 14:13:01,589.56,aud,Subscription update
ch_0000085,Paid,2020-10-08 15:29:34,195.29,aud,Subscription update
ch_0000086,Paid,2020-10-09 08:12:25,208.87,aud,Subscription update
ch_0000087,Paid,2020-10-10 16:03:33,352.82,aud,Subscription update
ch_0000088,Paid,2020-10-12 13:54:30,590.84,aud,Subscription update
ch_0000089,Paid,2020-10-13 11:45:35,197.5,aud,Subscription update
ch_0000090,Paid,2020-10-13 13:54:46,350.47,aud,Subscription update
ch_0000091,Paid,2020-10-14 13:44:10,196.17,aud,Subscription creation
ch_0000092,Paid,2020-10-16 09:39:54,192.39,aud,Subscription update
ch_0000093,Paid,2020-10-18 13:57:27,210.3,aud,Subscription update
ch_0000094,Paid,2020-10-18 17:36:05,329.01,aud,Initial consultation
ch_0000095,Paid,2020-10-18 19:12:08,341.05,aud,Subscription creation
ch_0000096,Paid,2020-10-19 12:24:22,1184.04,aud,Invoice payment
ch_0000097,Paid,2020-10-20 13:31:41,247.07,aud,IV League - Booking
ch_0000098,Paid,2020-10-22 16:32:32,612.25,aud,Subscription update
ch_0000099,Paid,2020-10-23 13:34:01,348.02,aud,Subscription update
ch_0000100,Paid,2020-10-24 17:41:15,200.24,aud,Subscription update
ch_0000101,Paid,2020-10-25 11:49:03,196.47,aud,Subscription update
ch_0000102,Paid,2020-10-26 09:48:36,8184.98,aud,Corporate wellness - Keyman
ch_0000103,Failed,2020-10-27 15:14:20,349.0,aud,Subscription update
ch_0000104,Paid,2020-10-29 09:44:37,198.54,aud,Subscription update
ch_0000105,Paid,2020-10-29 10:38:49,199.97,aud,Subscription update
ch_0000106,Paid,2020-10-30 14:33:10,347.94,aud,Subscription update
ch_0000107,Paid,2020-10-30 18:15:47,198.66,aud,Subscription creation
ch_0000108,Refunded,2020-10-30 19:47:02,349.0,aud,Subscription update
ch_0000109,Paid,2020-11-02 16:29:24,344.58,aud,Subscription update
ch_0000110,Paid,2020-11-03 13:38:22,347.56,aud,Subscription update
ch_0000111,Paid,2020-11-05 13:03:20,608.27,aud,Subscription update
ch_0000112,Paid,2020-11-08 18:28:34,193.47,aud,Subscription update
ch_0000113,Paid,2020-11-09 14:33:23,192.3,aud,Subscription update
ch_0000114,Paid,2020-11-09 15:07:14,332.58,aud,Subscription update
ch_0000115,Paid,2020-11-09 18:57:31,195.37,aud,Subscription update
ch_0000116,Paid,2020-11-10 11:27:02,198.36,aud,Subscription update
ch_0000117,Paid,2020-11-10 16:00:23,205.01,aud,Subscription update
ch_0000118,Paid,2020-11-11 06:20:29,461.74,aud,IV League - Booking
ch_0000119,Paid,2020-11-11 08:19:31,200.44,aud,Subscription update
ch_0000120,Paid,2020-11-11 13:53:10,353.17,aud,Subscription update
ch_0000121,Paid,2020-11-12 09:33:34,204.65,aud,Subscription update
ch_0000122,Paid,2020-11-12 17:37:53,197.13,aud,Subscription update
ch_0000123,Paid,2020-11-12 19:50:04,302.31,aud,IV League - Booking
ch_0000124,Paid,2020-11-13 20:59:54,611.21,aud,Subscription update
ch_0000125,Paid,2020-11-14 06:53:41,191.46,aud,Subscription update
ch_0000126,Paid,2020-11-14 09:12:14,196.06,aud,Subscription update
ch_0000127,Paid,2020-11-15 08:51:23,2993.87,aud,Package initiation
ch_0000128,Paid,2020-11-15 14:24:46,205.04,aud,Subscription update
ch_0000129,Paid,2020-11-15 14:26:05,351.28,aud,Subscription update
ch_0000130,Paid,2020-11-15 20:24:17,201.32,aud,Subscription update
ch_0000131,Paid,2020-11-16 06:14:39,621.25,aud,Subscription update
ch_0000132,Paid,2020-11-16 16:24:40,175.35,aud,IV League - Booking
ch_0000133,Paid,2020-11-17 14:40:14,2259.45,aud,Package initiation
ch_0000134,Paid,2020-11-17 15:50:36,611.56,aud,Subscription update
ch_0000135,Paid,2020-11-18 06:10:53,352.81,aud,Subscription update
ch_0000136,Paid,2020-11-20 08:22:35,204.02,aud,Subscription update
ch_0000137,Paid,2020-11-20 12:30:15,197.53,aud,Subscription update
ch_0000138,Paid,2020-11-20 12:47:55,311.92,aud,IV League - Booking
ch_0000139,Paid,2020-11-22 13:36:50,203.26,aud,Subscription update
ch_0000140,Paid,2020-11-23 19:51:07,609.35,aud,Subscription creation
ch_0000141,Paid,2020-11-25 18:06:07,195.62,aud,Subscription update
ch_0000142,Paid,2020-11-26 13:15:36,206.93,aud,Subscription creation
ch_0000143,Paid,2020-11-27 17:14:43,202.13,aud,Subscription update
ch_0000144,Paid,2020-11-27 18:01:14,1201.59,aud,Longevity panel
ch_0000145,Paid,2020-11-27 19:45:12,180.49,aud,IV League - Booking
ch_0000146,Paid,2020-11-29 20:01:34,193.93,aud,Subscription update
ch_0000147,Paid,2020-11-30 19:11:33,298.99,aud,Initial consultation
ch_0000148,Paid,2020-12-01 10:27:19,208.92,aud,Subscription update
ch_0000149,Paid,2020-12-01 13:38:34,197.35,aud,Subscription update
ch_0000150,Paid,2020-12-01 14:14:16,2242.6,aud,Package initiation
ch_0000151,Paid,2020-12-01 20:32:59,194.72,aud,Subscription update
ch_0000152,Paid,2020-12-02 08:25:32,339.64,aud,IV League - Booking
ch_0000153,Paid,2020-12-02 11:32:16,203.23,aud,Subscription update
ch_0000154,Paid,2020-12-02 20:45:42,198.59,aud,Subscription update
ch_0000155,Paid,2020-12-03 16:07:17,205.25,aud,Subscription update
ch_0000156,Paid,2020-12-04 19:26:58,361.99,aud,Subscription update
ch_0000157,Paid,2020-12-07 12:43:54,199.06,aud,Subscription creation
ch_0000158,Paid,2020-12-10 14:30:33,203.99,aud,Subscription update
ch_0000159,Paid,2020-12-10 18:59:33,603.86,aud,Subscription update
ch_0000160,Paid,2020-12-11 16:27:20,243.55,aud,IV League - Booking
ch_0000161,Paid,2020-12-11 17:41:20,198.32,aud,Subscription update
ch_0000162,Paid,2020-12-11 18:02:56,192.99,aud,Subscription update
ch_0000163,Paid,2020-12-12 08:49:37,197.78,aud,Subscription update
ch_0000164,Paid,2020-12-12 11:34:39,619.09,aud,Subscription update
ch_0000165,Paid,2020-12-13 15:04:46,194.3,aud,Subscription update
ch_0000166,Paid,2020-12-13 15:15:40,182.31,aud,IV League - Booking
ch_0000167,Paid,2020-12-16 18:19:27,196.12,aud,Subscription update
ch_0000168,Paid,2020-12-17 19:55:42,352.57,aud,Subscription update
ch_0000169,Paid,2020-12-19 11:57:26,201.04,aud,Subscription update
ch_0000170,Paid,2020-12-20 12:55:43,201.47,aud,Subscription update
ch_0000171,Paid,2020-12-20 17:38:21,191.54,aud,Subscription update
ch_0000172,Paid,2020-12-21 06:32:16,599.78,aud,Subscription update
ch_0000173,Paid,2020-12-23 08:15:11,614.34,aud,Subscription update
ch_0000174,Paid,2020-12-23 18:21:29,345.53,aud,Subscription update
ch_0000175,Paid,2020-12-25 06:54:13,196.04,aud,Subscription update
ch_0000176,Paid,2020-12-26 07:48:22,332.73,aud,Subscription update
ch_0000177,Paid,2020-12-26 14:29:04,2712.67,aud,Package initiation
ch_0000178,Paid,2020-12-27 18:42:55,338.95,aud,Subscription update
ch_0000179,Paid,2020-12-27 19:33:40,332.12,aud,Subscription update
ch_0000180,Paid,2020-12-28 11:24:58,353.35,aud,Subscription update
ch_0000181,Paid,2020-12-28 12:15:19,194.56,aud,Subscription update
ch_0000182,Paid,2020-12-29 06:16:30,343.91,aud,Subscription update
ch_0000183,Paid,2020-12-30 08:39:16,602.1,aud,Subscription update
ch_0000184,Paid,2020-12-30 13:48:42,355.66,aud,Subscription update
ch_0000185,Paid,2021-01-01 16:11:49,624.92,aud,Subscription update
ch_0000186,Paid,2021-01-02 17:59:01,201.33,aud,Subscription update
ch_0000187,Paid,2021-01-02 18:47:01,194.98,aud,Subscription update
ch_0000188,Paid,2021-01-03 08:10:40,601.42,aud,Subscription creation
ch_0000189,Paid,2021-01-03 15:13:40,195.49,aud,Subscription update
ch_0000190,Paid,2021-01-07 09:57:28,353.95,aud,Subscription update
ch_0000191,Paid,2021-01-09 06:49:20,194.47,aud,Subscription update
ch_0000192,Paid,2021-01-09 13:17:10,204.19,aud,Subscription update
ch_0000193,Paid,2021-01-10 20:44:23,201.0,aud,Subscription update
ch_0000194,Paid,2021-01-11 15:09:05,340.98,aud,Subscription update
ch_0000195,Paid,2021-01-11 17:31:52,616.87,aud,Subscription update
ch_0000196,Paid,2021-01-11 17:57:53,206.29,aud,Subscription update
ch_0000197,Paid,2021-01-12 16:16:08,342.09,aud,Subscription update
ch_0000198,Paid,2021-01-13 10:55:15,207.99,aud,Subscription update
ch_0000199,Paid,2021-01-13 14:11:23,359.58,aud,Subscription update
ch_0000200,Paid,2021-01-15 07:06:59,197.71,aud,Subscription update
ch_0000201,Paid,2021-01-15 09:28:06,198.98,aud,Subscription update
ch_0000202,Paid,2021-01-15 12:33:34,408.85,aud,Initial consultation
ch_0000203,Paid,2021-01-16 18:05:41,203.26,aud,Subscription update
ch_0000204,Paid,2021-01-18 10:24:16,2136.45,aud,Package initiation
ch_0000205,Paid,2021-01-18 18:11:34,584.23,aud,Subscription update
ch_0000206,Paid,2021-01-19 14:24:02,355.82,aud,Subscription update
ch_0000207,Paid,2021-01-22 16:02:02,205.57,aud,Subscription update
ch_0000208,Paid,2021-01-23 10:35:44,596.63,aud,Subscription update
ch_0000209,Paid,2021-01-23 10:48:02,204.48,aud,Subscription update
ch_0000210,Paid,2021-01-23 11:28:12,735.79,aud,Invoice payment
ch_0000211,Paid,2021-01-23 13:17:31,202.82,aud,Subscription creation
ch_0000212,Paid,2021-01-24 07:12:40,202.88,aud,Subscription update
ch_0000213,Paid,2021-01-25 08:09:02,349.27,aud,Subscription update
ch_0000214,Paid,2021-01-26 12:21:44,191.51,aud,Subscription update
ch_0000215,Paid,2021-01-26 13:21:51,597.48,aud,Subscription update
ch_0000216,Paid,2021-01-27 18:34:02,196.37,aud,Subscription update
ch_0000217,Paid,2021-01-28 10:37:57,203.83,aud,Subscription update
ch_0000218,Paid,2021-01-29 13:57:22,595.48,aud,Subscription update
ch_0000219,Paid,2021-01-30 10:13:09,354.04,aud,Subscription update
ch_0000220,Paid,2021-01-30 19:03:59,356.28,aud,Subscription update
ch_0000221,Paid,2021-02-01 08:21:42,196.56,aud,Subscription update
ch_0000222,Paid,2021-02-02 12:55:15,357.25,aud,Subscription update
ch_0000223,Refunded,2021-02-02 13:30:24,349.0,aud,Subscription update
ch_0000224,Paid,2021-02-03 06:56:18,194.6,aud,Subscription update
ch_0000225,Paid,2021-02-04 07:58:21,193.72,aud,Subscription update
ch_0000226,Paid,2021-02-04 09:39:12,200.9,aud,Subscription update
ch_0000227,Paid,2021-02-05 17:14:35,195.81,aud,Subscription update
ch_0000228,Paid,2021-02-07 07:51:45,349.58,aud,Subscription update
ch_0000229,Paid,2021-02-08 11:04:04,348.0,aud,Subscription update
ch_0000230,Paid,2021-02-08 15:51:07,609.74,aud,Subscription update
ch_0000231,Paid,2021-02-09 07:30:04,349.71,aud,Subscription creation
ch_0000232,Paid,2021-02-09 14:01:39,197.25,aud,Subscription update
ch_0000233,Paid,2021-02-10 06:23:18,355.63,aud,Subscription update
ch_0000234,Paid,2021-02-13 20:50:14,186.08,aud,IV League - Booking
ch_0000235,Paid,2021-02-14 12:33:18,362.3,aud,Subscription update
ch_0000236,Paid,2021-02-14 15:46:19,194.87,aud,Subscription update
ch_0000237,Paid,2021-02-14 17:23:02,194.35,aud,Subscription creation
ch_0000238,Paid,2021-02-14 20:10:05,612.7,aud,Subscription creation
ch_0000239,Paid,2021-02-18 12:30:23,196.92,aud,Subscription creation
ch_0000240,Paid,2021-02-18 19:01:01,199.96,aud,Subscription update
ch_0000241,Paid,2021-02-19 10:20:10,201.56,aud,Subscription creation
ch_0000242,Paid,2021-02-19 12:03:19,609.95,aud,Subscription update
ch_0000243,Paid,2021-02-21 06:06:04,199.18,aud,Subscription update
ch_0000244,Paid,2021-02-21 17:32:53,207.35,aud,Subscription creation
ch_0000245,Paid,2021-02-21 17:36:00,611.97,aud,Subscription update
ch_0000246,Paid,2021-02-22 07:35:25,2932.37,aud,Package initiation
ch_0000247,Paid,2021-02-22 11:32:23,344.43,aud,Subscription update
ch_0000248,Paid,2021-02-22 11:48:25,195.95,aud,Subscription update
ch_0000249,Paid,2021-02-22 20:56:48,195.57,aud,Subscription update
ch_0000250,Paid,2021-02-23 12:09:10,340.08,aud,Subscription update
ch_0000251,Paid,2021-02-24 11:03:01,362.22,aud,Subscription update
ch_0000252,Paid,2021-02-24 15:33:03,1706.81,aud,Invoice payment
ch_0000253,Paid,2021-02-25 07:00:33,193.13,aud,Subscription update
ch_0000254,Paid,2021-02-25 10:30:11,599.05,aud,Subscription update
ch_0000255,Paid,2021-02-25 16:21:58,190.35,aud,Subscription creation
ch_0000256,Paid,2021-02-26 15:30:04,203.73,aud,Subscription update
ch_0000257,Paid,2021-02-28 09:06:55,346.05,aud,Subscription update
ch_0000258,Paid,2021-02-28 09:58:26,203.72,aud,Subscription update
ch_0000259,Paid,2021-03-02 09:05:21,198.17,aud,Subscription update
ch_0000260,Paid,2021-03-02 15:03:09,192.21,aud,Subscription update
ch_0000261,Paid,2021-03-06 07:03:04,843.2,aud,Invoice payment
ch_0000262,Paid,2021-03-06 19:09:33,201.4,aud,Subscription update
ch_0000263,Paid,2021-03-07 13:44:04,198.37,aud,Subscription update
ch_0000264,Paid,2021-03-07 17:24:58,351.78,aud,Subscription update
ch_0000265,Paid,2021-03-07 19:26:22,581.3,aud,Subscription update
ch_0000266,Paid,2021-03-08 08:03:29,201.24,aud,Subscription update
ch_0000267,Paid,2021-03-08 14:57:53,342.96,aud,Subscription update
ch_0000268,Paid,2021-03-08 20:42:36,347.6,aud,Subscription update
ch_0000269,Paid,2021-03-09 10:07:01,201.59,aud,Subscription update
ch_0000270,Paid,2021-03-10 09:53:17,201.23,aud,Subscription creation
ch_0000271,Paid,2021-03-10 16:08:21,2592.4,aud,Package initiation
ch_0000272,Paid,2021-03-10 20:16:10,201.23,aud,Subscription update
ch_0000273,Paid,2021-03-11 10:34:18,1529.48,aud,Invoice payment
ch_0000274,Paid,2021-03-12 18:26:36,204.08,aud,Subscription update
ch_0000275,Paid,2021-03-13 07:31:23,354.67,aud,Subscription update
ch_0000276,Paid,2021-03-13 19:39:20,201.13,aud,Subscription update
ch_0000277,Paid,2021-03-14 16:47:10,196.02,aud,Subscription update
ch_0000278,Paid,2021-03-15 11:10:35,191.48,aud,Subscription update
ch_0000279,Paid,2021-03-15 11:18:48,351.52,aud,Subscription update
ch_0000280,Paid,2021-03-17 10:41:17,198.56,aud,Subscription update
ch_0000281,Paid,2021-03-17 19:44:13,206.93,aud,Subscription update
ch_0000282,Paid,2021-03-18 20:18:33,205.0,aud,Subscription update
ch_0000283,Paid,2021-03-21 06:28:48,195.72,aud,Subscription update
ch_0000284,Paid,2021-03-21 08:51:45,1043.18,aud,Longevity panel
ch_0000285,Paid,2021-03-21 17:02:33,592.92,aud,Subscription update
ch_0000286,Paid,2021-03-24 11:34:08,341.02,aud,Subscription update
ch_0000287,Paid,2021-03-24 18:23:54,191.87,aud,Subscription update
ch_0000288,Paid,2021-03-24 18:47:11,585.58,aud,Subscription update
ch_0000289,Paid,2021-03-26 06:10:18,202.3,aud,Subscription update
ch_0000290,Paid,2021-03-26 11:14:25,199.41,aud,Subscription update
ch_0000291,Paid,2021-03-27 10:46:06,347.58,aud,Subscription update
ch_0000292,Paid,2021-03-28 16:16:04,349.19,aud,Subscription update
ch_0000293,Paid,2021-03-30 09:29:51,358.86,aud,Subscription update
ch_0000294,Paid,2021-03-30 11:29:55,612.74,aud,Subscription update
ch_0000295,Paid,2021-03-31 13:55:07,626.31,aud,Subscription update
ch_0000296,Paid,2021-03-31 18:53:16,363.06,aud,Subscription update
ch_0000297,Paid,2021-04-03 10:34:13,203.51,aud,Subscription update
ch_0000298,Paid,2021-04-03 10:49:23,348.18,aud,Subscription update
ch_0000299,Paid,2021-04-03 12:37:36,601.62,aud,Subscription update
ch_0000300,Paid,2021-04-03 14:42:56,197.18,aud,Subscription update
ch_0000301,Paid,2021-04-03 18:39:54,200.59,aud,Subscription update
ch_0000302,Paid,2021-04-04 08:39:51,194.47,aud,Subscription update
ch_0000303,Paid,2021-04-04 10:30:18,203.39,aud,Subscription update
ch_0000304,Paid,2021-04-06 08:54:16,192.32,aud,Subscription update
ch_0000305,Paid,2021-04-06 09:14:58,197.75,aud,Subscription update
ch_0000306,Paid,2021-04-07 12:39:41,352.82,aud,Subscription update
ch_0000307,Paid,2021-04-07 16:52:42,360.6,aud,Subscription update
ch_0000308,Failed,2021-04-07 17:31:14,349.0,aud,Subscription update
ch_0000309,Paid,2021-04-08 07:53:22,601.35,aud,Subscription update
ch_0000310,Paid,2021-04-08 14:59:14,604.82,aud,Subscription update
ch_0000311,Paid,2021-04-10 07:04:23,198.51,aud,Subscription creation
ch_0000312,Paid,2021-04-10 08:37:02,358.63,aud,Subscription update
ch_0000313,Paid,2021-04-11 11:27:37,1637.08,aud,Invoice payment
ch_0000314,Paid,2021-04-11 16:21:14,207.72,aud,Subscription update
ch_0000315,Paid,2021-04-13 09:47:52,353.17,aud,Subscription update
ch_0000316,Paid,2021-04-13 20:52:03,350.96,aud,Subscription update
ch_0000317,Paid,2021-04-14 16:13:22,196.81,aud,Subscription update
ch_0000318,Paid,2021-04-16 14:00:57,339.27,aud,Subscription update
ch_0000319,Paid,2021-04-17 14:03:57,199.25,aud,Subscription creation
ch_0000320,Paid,2021-04-18 09:10:40,194.38,aud,Subscription update
ch_0000321,Paid,2021-04-19 06:52:30,345.23,aud,Subscription creation
ch_0000322,Paid,2021-04-20 07:44:41,198.94,aud,Subscription update
ch_0000323,Paid,2021-04-20 13:33:05,200.95,aud,Subscription update
ch_0000324,Paid,2021-04-21 06:25:06,3166.05,aud,Package initiation
ch_0000325,Paid,2021-04-21 13:59:19,200.93,aud,Subscription update
ch_0000326,Paid,2021-04-21 15:15:52,354.22,aud,Subscription update
ch_0000327,Paid,2021-04-22 15:10:54,343.37,aud,Subscription update
ch_0000328,Paid,2021-04-22 20:38:58,209.09,aud,Subscription creation
ch_0000329,Paid,2021-04-23 18:15:06,196.65,aud,Subscription creation
ch_0000330,Paid,2021-04-23 18:45:21,611.78,aud,Subscription creation
ch_0000331,Paid,2021-04-24 12:44:39,453.29,aud,Initial consultation
ch_0000332,Paid,2021-04-26 08:17:58,200.09,aud,Subscription update
ch_0000333,Paid,2021-04-27 20:39:07,190.1,aud,Subscription update
ch_0000334,Refunded,2021-04-27 20:50:03,349.0,aud,Subscription update
ch_0000335,Paid,2021-04-29 09:18:00,204.64,aud,Subscription update
ch_0000336,Paid,2021-04-29 16:51:50,199.83,aud,Subscription update
ch_0000337,Paid,2021-05-01 12:45:43,270.2,aud,Initial consultation
ch_0000338,Paid,2021-05-02 17:14:06,346.44,aud,Subscription update
ch_0000339,Paid,2021-05-03 15:37:06,338.22,aud,Subscription update
ch_0000340,Paid,2021-05-04 10:17:20,255.28,aud,IV League - Booking
ch_0000341,Paid,2021-05-04 16:54:07,356.47,aud,Subscription update
ch_0000342,Paid,2021-05-04 18:23:12,341.57,aud,Subscription update
ch_0000343,Paid,2021-05-05 10:29:43,345.9,aud,Subscription update
ch_0000344,Paid,2021-05-05 10:51:18,200.74,aud,Subscription update
ch_0000345,Paid,2021-05-05 12:29:05,356.16,aud,Subscription update
ch_0000346,Paid,2021-05-05 14:22:11,203.01,aud,Subscription update
ch_0000347,Paid,2021-05-05 20:48:51,174.16,aud,IV League - Booking
ch_0000348,Paid,2021-05-06 07:05:19,375.45,aud,Initial consultation
ch_0000349,Paid,2021-05-06 19:34:52,604.62,aud,Subscription update
ch_0000350,Paid,2021-05-07 06:13:51,197.98,aud,Subscription update
ch_0000351,Paid,2021-05-07 19:03:03,201.32,aud,Subscription update
ch_0000352,Paid,2021-05-08 09:04:39,201.68,aud,Subscription update
ch_0000353,Paid,2021-05-08 15:18:50,353.2,aud,Subscription creation
ch_0000354,Paid,2021-05-09 10:18:16,195.25,aud,Subscription update
ch_0000355,Paid,2021-05-09 11:32:49,199.11,aud,Subscription update
ch_0000356,Paid,2021-05-09 17:28:58,818.34,aud,Longevity panel
ch_0000357,Paid,2021-05-10 07:40:11,2575.83,aud,Package initiation
ch_0000358,Paid,2021-05-11 18:19:26,197.08,aud,Subscription update
ch_0000359,Paid,2021-05-12 14:12:02,359.75,aud,Subscription update
ch_0000360,Paid,2021-05-12 17:30:19,335.91,aud,Subscription creation
ch_0000361,Paid,2021-05-16 11:42:28,351.91,aud,Subscription update
ch_0000362,Paid,2021-05-17 13:44:41,352.33,aud,Subscription update
ch_0000363,Paid,2021-05-17 15:16:14,201.28,aud,Subscription update
ch_0000364,Paid,2021-05-18 06:14:17,191.73,aud,Subscription update
ch_0000365,Paid,2021-05-18 07:50:19,583.54,aud,Subscription update
ch_0000366,Paid,2021-05-18 18:48:39,202.81,aud,Subscription update
ch_0000367,Paid,2021-05-19 12:41:57,1054.96,aud,Invoice payment
ch_0000368,Paid,2021-05-21 09:36:46,204.61,aud,Subscription update
ch_0000369,Paid,2021-05-22 12:14:39,204.99,aud,Subscription update
ch_0000370,Paid,2021-05-24 13:54:52,349.77,aud,Subscription update
ch_0000371,Paid,2021-05-24 16:29:27,349.92,aud,Subscription update
ch_0000372,Paid,2021-05-24 18:45:47,590.74,aud,Subscription creation
ch_0000373,Paid,2021-05-24 18:53:32,189.83,aud,Subscription update
ch_0000374,Paid,2021-05-26 13:19:07,195.58,aud,Subscription update
ch_0000375,Paid,2021-05-26 19:39:53,344.45,aud,Subscription update
ch_0000376,Paid,2021-05-27 08:17:07,200.04,aud,Subscription update
ch_0000377,Paid,2021-05-29 13:06:46,193.58,aud,Subscription update
ch_0000378,Paid,2021-05-29 13:30:05,196.41,aud,Subscription update
ch_0000379,Paid,2021-05-31 08:52:11,207.43,aud,Subscription update
ch_0000380,Paid,2021-05-31 18:42:59,200.85,aud,Subscription creation
ch_0000381,Paid,2021-06-01 06:48:34,348.06,aud,Subscription update
ch_0000382,Refunded,2021-06-01 14:31:28,349.0,aud,Subscription update
ch_0000383,Paid,2021-06-02 16:26:42,201.8,aud,Subscription creation
ch_0000384,Paid,2021-06-03 16:27:59,198.87,aud,Subscription update
ch_0000385,Paid,2021-06-04 07:28:25,201.76,aud,Subscription update
ch_0000386,Paid,2021-06-04 10:18:27,200.76,aud,Subscription update
ch_0000387,Paid,2021-06-05 10:06:49,189.03,aud,Subscription creation
ch_0000388,Paid,2021-06-06 16:51:00,201.95,aud,Subscription update
ch_0000389,Paid,2021-06-07 10:01:27,354.84,aud,Subscription update
ch_0000390,Paid,2021-06-07 15:49:17,201.71,aud,Subscription update
ch_0000391,Paid,2021-06-08 06:11:33,196.12,aud,Subscription update
ch_0000392,Paid,2021-06-08 15:09:22,603.83,aud,Subscription update
ch_0000393,Paid,2021-06-08 16:10:01,203.35,aud,Subscription creation
ch_0000394,Paid,2021-06-08 17:12:31,202.77,aud,Subscription update
ch_0000395,Paid,2021-06-09 07:24:44,203.6,aud,Subscription update
ch_0000396,Paid,2021-06-09 19:37:42,202.18,aud,Subscription update
ch_0000397,Paid,2021-06-10 06:21:27,201.74,aud,Subscription update
ch_0000398,Paid,2021-06-10 09:19:06,202.59,aud,Subscription update
ch_0000399,Paid,2021-06-11 14:48:37,195.26,aud,Subscription update
ch_0000400,Paid,2021-06-12 12:56:45,579.84,aud,Subscription update
ch_0000401,Paid,2021-06-13 18:59:51,193.81,aud,Subscription update
ch_0000402,Paid,2021-06-14 18:58:16,346.43,aud,Subscription update
ch_0000403,Paid,2021-06-17 08:51:54,350.25,aud,Subscription update
ch_0000404,Paid,2021-06-17 15:21:23,359.76,aud,Subscription creation
ch_0000405,Paid,2021-06-18 14:23:46,343.16,aud,Subscription update
ch_0000406,Paid,2021-06-18 19:13:11,196.04,aud,Subscription update
ch_0000407,Paid,2021-06-20 08:18:29,196.95,aud,Subscription update
ch_0000408,Paid,2021-06-20 14:44:10,206.4,aud,Subscription update
ch_0000409,Paid,2021-06-20 19:39:37,195.39,aud,Subscription update
ch_0000410,Paid,2021-06-21 08:52:30,198.03,aud,Subscription update
ch_0000411,Paid,2021-06-22 12:44:21,204.4,aud,Subscription update
ch_0000412,Paid,2021-06-22 14:58:16,577.39,aud,Subscription update
ch_0000413,Paid,2021-06-24 15:27:12,201.89,aud,Subscription update
ch_0000414,Paid,2021-06-24 16:22:39,202.86,aud,Subscription update
ch_0000415,Paid,2021-06-24 19:22:52,614.52,aud,Subscription update
ch_0000416,Paid,2021-06-25 13:18:09,347.69,aud,Subscription update
ch_0000417,Paid,2021-06-26 07:42:49,194.09,aud,Subscription update
ch_0000418,Paid,2021-06-27 15:58:50,354.95,aud,Subscription update
ch_0000419,Paid,2021-06-28 12:34:18,199.0,aud,Subscription update
ch_0000420,Paid,2021-06-29 14:12:04,197.85,aud,Subscription creation
ch_0000421,Paid,2021-07-01 06:02:34,197.3,aud,Subscription creation
ch_0000422,Paid,2021-07-02 06:35:28,260.66,aud,IV League - Booking
ch_0000423,Failed,2021-07-02 12:43:10,349.0,aud,Subscription update
ch_0000424,Paid,2021-07-02 13:09:38,1558.34,aud,Package initiation
ch_0000425,Paid,2021-07-02 20:25:23,345.77,aud,Subscription update
ch_0000426,Paid,2021-07-05 10:09:25,596.45,aud,Subscription update
ch_0000427,Paid,2021-07-06 13:46:40,347.22,aud,Subscription update
ch_0000428,Paid,2021-07-06 14:56:57,565.42,aud,Subscription update
ch_0000429,Paid,2021-07-06 16:28:48,601.43,aud,Subscription update
ch_0000430,Paid,2021-07-07 09:48:35,198.01,aud,Subscription update
ch_0000431,Paid,2021-07-07 16:30:28,200.45,aud,Subscription update
ch_0000432,Paid,2021-07-08 15:25:27,1370.46,aud,Package initiation
ch_0000433,Paid,2021-07-09 08:06:26,332.84,aud,Subscription update
ch_0000434,Paid,2021-07-10 12:08:21,349.27,aud,Subscription update
ch_0000435,Paid,2021-07-10 16:25:44,357.87,aud,Subscription update
ch_0000436,Paid,2021-07-11 16:34:20,190.39,aud,Subscription update
ch_0000437,Paid,2021-07-13 08:32:46,198.28,aud,Subscription update
ch_0000438,Paid,2021-07-13 10:09:20,199.71,aud,Subscription update
ch_0000439,Paid,2021-07-14 09:57:38,196.96,aud,Subscription update
ch_0000440,Paid,2021-07-14 11:55:21,343.91,aud,Subscription update
ch_0000441,Paid,2021-07-14 17:40:19,197.47,aud,Subscription update
ch_0000442,Paid,2021-07-14 18:23:30,200.52,aud,Subscription update
ch_0000443,Paid,2021-07-15 10:55:48,338.19,aud,IV League - Booking
ch_0000444,Paid,2021-07-16 10:04:30,350.19,aud,Subscription update
ch_0000445,Paid,2021-07-16 14:53:31,336.96,aud,Subscription update
ch_0000446,Paid,2021-07-17 09:19:17,603.8,aud,Subscription update
ch_0000447,Paid,2021-07-17 18:22:18,602.76,aud,Subscription update
ch_0000448,Paid,2021-07-18 12:46:03,349.49,aud,Subscription creation
ch_0000449,Paid,2021-07-18 18:03:11,201.99,aud,Subscription update
ch_0000450,Paid,2021-07-20 10:01:06,359.83,aud,Subscription update
ch_0000451,Paid,2021-07-21 08:57:27,359.36,aud,Subscription creation
ch_0000452,Paid,2021-07-21 11:32:19,201.97,aud,Subscription update
ch_0000453,Paid,2021-07-22 06:04:55,620.91,aud,Subscription update
ch_0000454,Paid,2021-07-22 10:21:40,206.45,aud,Subscription creation
ch_0000455,Paid,2021-07-22 11:25:31,199.77,aud,Subscription creation
ch_0000456,Paid,2021-07-23 10:50:48,208.43,aud,Subscription update
ch_0000457,Paid,2021-07-23 11:48:01,198.0,aud,Subscription update
ch_0000458,Paid,2021-07-24 12:30:46,197.04,aud,Subscription update
ch_0000459,Paid,2021-07-24 17:24:24,205.62,aud,Subscription creation
ch_0000460,Paid,2021-07-25 10:35:32,207.72,aud,Subscription update
ch_0000461,Paid,2021-07-27 20:37:20,201.63,aud,Subscription update
ch_0000462,Paid,2021-07-28 18:26:42,610.08,aud,Subscription creation
ch_0000463,Paid,2021-07-29 13:24:55,361.36,aud,Subscription update
ch_0000464,Paid,2021-07-30 18:29:47,197.06,aud,Subscription update
ch_0000465,Paid,2021-07-31 10:02:26,194.86,aud,Subscription update
ch_0000466,Paid,2021-07-31 11:56:23,197.51,aud,Subscription creation
ch_0000467,Paid,2021-07-31 12:05:22,196.23,aud,Subscription creation
ch_0000468,Paid,2021-08-01 06:49:32,196.42,aud,Subscription update
ch_0000469,Paid,2021-08-01 10:16:53,176.71,aud,IV League - Booking
ch_0000470,Paid,2021-08-02 19:49:18,349.11,aud,Subscription update
ch_0000471,Paid,2021-08-03 11:25:52,201.45,aud,Subscription update
ch_0000472,Paid,2021-08-03 16:12:59,345.89,aud,Subscription update
ch_0000473,Paid,2021-08-04 14:39:53,608.61,aud,Subscription update
ch_0000474,Paid,2021-08-04 16:32:42,344.03,aud,Subscription update
ch_0000475,Paid,2021-08-05 08:52:43,346.39,aud,Subscription update
ch_0000476,Paid,2021-08-05 13:37:33,611.45,aud,Subscription update
ch_0000477,Paid,2021-08-05 17:40:03,345.97,aud,Subscription update
ch_0000478,Paid,2021-08-06 06:17:12,614.88,aud,Subscription update
ch_0000479,Paid,2021-08-07 09:03:24,198.72,aud,Subscription update
ch_0000480,Paid,2021-08-07 09:22:03,201.98,aud,Subscription update
ch_0000481,Paid,2021-08-07 13:20:04,329.88,aud,Initial consultation
ch_0000482,Paid,2021-08-07 13:51:15,2319.12,aud,Invoice payment
ch_0000483,Paid,2021-08-07 18:36:24,337.63,aud,Subscription update
ch_0000484,Paid,2021-08-07 19:26:49,201.18,aud,Subscription update
ch_0000485,Paid,2021-08-08 08:06:39,649.95,aud,Longevity panel
ch_0000486,Paid,2021-08-08 09:15:44,343.01,aud,Subscription update
ch_0000487,Paid,2021-08-08 13:38:52,348.69,aud,IV League - Booking
ch_0000488,Paid,2021-08-08 14:48:07,592.41,aud,Subscription update
ch_0000489,Paid,2021-08-08 17:50:44,346.02,aud,Subscription update
ch_0000490,Paid,2021-08-10 08:05:15,198.25,aud,Subscription update
ch_0000491,Paid,2021-08-11 08:18:14,191.07,aud,Subscription update
ch_0000492,Paid,2021-08-12 13:19:19,346.27,aud,Subscription update
ch_0000493,Paid,2021-08-12 16:42:51,200.74,aud,Subscription creation
ch_0000494,Paid,2021-08-12 18:26:01,623.3,aud,Subscription update
ch_0000495,Paid,2021-08-12 18:48:48,195.03,aud,Subscription update
ch_0000496,Paid,2021-08-13 16:52:36,195.51,aud,Subscription update
ch_0000497,Paid,2021-08-13 20:41:27,348.91,aud,Subscription update
ch_0000498,Paid,2021-08-13 20:48:14,382.52,aud,Initial consultation
ch_0000499,Paid,2021-08-14 13:45:18,600.05,aud,Subscription update
ch_0000500,Paid,2021-08-15 07:02:31,338.18,aud,Subscription update
ch_0000501,Paid,2021-08-15 07:20:42,196.4,aud,Subscription update
ch_0000502,Paid,2021-08-15 12:39:44,204.19,aud,Subscription creation
ch_0000503,Paid,2021-08-15 13:11:50,349.81,aud,Subscription update
ch_0000504,Paid,2021-08-15 19:37:43,814.92,aud,Invoice payment
ch_0000505,Paid,2021-08-16 19:28:58,346.94,aud,Subscription update
ch_0000506,Paid,2021-08-18 07:09:43,196.11,aud,Subscription creation
ch_0000507,Paid,2021-08-18 10:24:39,2107.9,aud,Package initiation
ch_0000508,Paid,2021-08-18 18:54:26,203.31,aud,Subscription update
ch_0000509,Paid,2021-08-19 07:00:59,205.4,aud,IV League - Booking
ch_0000510,Paid,2021-08-19 19:58:47,198.48,aud,Subscription update
ch_0000511,Paid,2021-08-20 18:49:35,197.04,aud,Subscription creation
ch_0000512,Paid,2021-08-21 09:21:10,996.19,aud,Longevity panel
ch_0000513,Paid,2021-08-22 18:21:48,1668.78,aud,Package initiation
ch_0000514,Paid,2021-08-22 20:59:47,1663.17,aud,Package initiation
ch_0000515,Paid,2021-08-23 11:11:31,348.13,aud,Subscription update
ch_0000516,Paid,2021-08-24 06:47:51,303.33,aud,IV League - Booking
ch_0000517,Paid,2021-08-24 13:09:21,356.93,aud,Subscription update
ch_0000518,Paid,2021-08-25 15:06:29,353.07,aud,Subscription creation
ch_0000519,Paid,2021-08-25 18:33:06,200.61,aud,Subscription update
ch_0000520,Paid,2021-08-25 20:05:57,408.65,aud,Initial consultation
ch_0000521,Paid,2021-08-27 08:59:54,343.8,aud,Subscription update
ch_0000522,Paid,2021-08-28 07:59:18,196.75,aud,Subscription update
ch_0000523,Paid,2021-08-29 12:51:39,575.29,aud,Subscription update
ch_0000524,Paid,2021-08-29 12:53:34,198.32,aud,Subscription update
ch_0000525,Paid,2021-08-30 11:59:18,194.69,aud,Subscription update
ch_0000526,Paid,2021-08-31 09:58:05,202.56,aud,Subscription update
ch_0000527,Paid,2021-08-31 19:52:12,200.49,aud,Subscription update
ch_0000528,Paid,2021-09-01 07:30:43,195.54,aud,Subscription creation
ch_0000529,Paid,2021-09-02 10:28:20,198.0,aud,Subscription update
ch_0000530,Paid,2021-09-02 15:12:08,197.5,aud,Subscription creation
ch_0000531,Paid,2021-09-02 15:54:05,595.85,aud,Subscription update
ch_0000532,Paid,2021-09-02 18:36:20,587.34,aud,Subscription update
ch_0000533,Paid,2021-09-02 19:07:55,202.03,aud,Subscription update
ch_0000534,Paid,2021-09-03 08:10:38,203.03,aud,Subscription update
ch_0000535,Paid,2021-09-03 10:35:24,197.2,aud,Subscription creation
ch_0000536,Paid,2021-09-04 06:57:25,196.7,aud,Subscription update
ch_0000537,Paid,2021-09-04 12:52:22,351.72,aud,Subscription update
ch_0000538,Paid,2021-09-06 17:53:53,349.94,aud,Subscription update
ch_0000539,Paid,2021-09-07 15:05:15,177.63,aud,IV League - Booking
ch_0000540,Paid,2021-09-08 07:54:47,196.21,aud,Subscription update
ch_0000541,Paid,2021-09-08 08:44:43,1822.62,aud,Package initiation
ch_0000542,Paid,2021-09-08 13:41:27,590.81,aud,Subscription update
ch_0000543,Paid,2021-09-09 12:30:50,419.59,aud,Initial consultation
ch_0000544,Paid,2021-09-09 15:39:30,623.1,aud,Subscription update
ch_0000545,Paid,2021-09-09 15:46:39,242.12,aud,Initial consultation
ch_0000546,Paid,2021-09-09 16:08:04,201.78,aud,Subscription update
ch_0000547,Paid,2021-09-09 16:30:28,364.96,aud,Subscription update
ch_0000548,Paid,2021-09-10 12:52:03,349.85,aud,Subscription update
ch_0000549,Paid,2021-09-11 06:31:23,199.34,aud,Subscription update
ch_0000550,Paid,2021-09-11 18:04:30,193.89,aud,Subscription update
ch_0000551,Paid,2021-09-12 08:35:54,344.67,aud,Subscription update
ch_0000552,Paid,2021-09-12 08:56:14,198.95,aud,Subscription update
ch_0000553,Paid,2021-09-12 13:49:27,198.43,aud,Subscription creation
ch_0000554,Paid,2021-09-12 14:11:29,194.46,aud,Subscription update
ch_0000555,Paid,2021-09-12 17:40:37,196.07,aud,Subscription update
ch_0000556,Paid,2021-09-14 06:11:53,350.02,aud,Subscription update
ch_0000557,Paid,2021-09-15 17:32:06,771.01,aud,Package initiation
ch_0000558,Paid,2021-09-16 20:01:07,343.77,aud,Subscription update
ch_0000559,Paid,2021-09-17 08:11:17,612.49,aud,Subscription update
ch_0000560,Paid,2021-09-17 08:40:06,202.65,aud,Subscription update
ch_0000561,Paid,2021-09-18 11:25:29,203.2,aud,Subscription update
ch_0000562,Paid,2021-09-19 09:00:42,601.09,aud,Subscription update
ch_0000563,Paid,2021-09-19 11:19:42,197.74,aud,Subscription update
ch_0000564,Paid,2021-09-19 13:18:00,340.29,aud,Subscription update
ch_0000565,Paid,2021-09-20 06:49:16,203.38,aud,Subscription update
ch_0000566,Paid,2021-09-21 12:05:03,602.82,aud,Subscription update
ch_0000567,Paid,2021-09-21 15:32:27,356.06,aud,Subscription update
ch_0000568,Paid,2021-09-22 11:32:07,346.53,aud,Subscription update
ch_0000569,Paid,2021-09-22 16:51:54,201.31,aud,Subscription update
ch_0000570,Paid,2021-09-22 19:59:20,359.37,aud,Subscription update
ch_0000571,Paid,2021-09-24 12:14:37,183.59,aud,IV League - Booking
ch_0000572,Paid,2021-09-24 13:38:44,202.64,aud,Subscription update
ch_0000573,Paid,2021-09-25 16:20:46,198.26,aud,Subscription update
ch_0000574,Paid,2021-09-26 09:37:57,203.07,aud,Subscription update
ch_0000575,Paid,2021-09-26 16:37:53,186.42,aud,Subscription update
ch_0000576,Paid,2021-09-27 17:43:29,196.66,aud,Subscription update
ch_0000577,Paid,2021-09-27 19:17:40,201.09,aud,Subscription update
ch_0000578,Paid,2021-09-29 11:04:21,347.98,aud,Subscription update
ch_0000579,Paid,2021-09-29 15:11:24,203.99,aud,Subscription update
ch_0000580,Paid,2021-09-29 15:42:45,194.16,aud,Subscription update
ch_0000581,Paid,2021-09-29 16:05:20,325.56,aud,Initial consultation
ch_0000582,Paid,2021-09-29 16:17:15,581.81,aud,Subscription update
ch_0000583,Paid,2021-09-29 19:35:42,200.81,aud,Subscription update
ch_0000584,Paid,2021-09-30 15:55:26,587.04,aud,Subscription update
ch_0000585,Paid,2021-09-30 17:18:47,1972.43,aud,Package initiation
ch_0000586,Paid,2021-10-01 19:29:10,198.85,aud,Subscription update
ch_0000587,Paid,2021-10-02 08:39:51,191.04,aud,Subscription update
ch_0000588,Paid,2021-10-02 13:12:50,613.19,aud,Subscription update
ch_0000589,Paid,2021-10-02 16:59:34,199.06,aud,Subscription update
ch_0000590,Paid,2021-10-02 17:06:55,358.04,aud,Subscription update
ch_0000591,Paid,2021-10-03 11:36:55,199.44,aud,Subscription update
ch_0000592,Paid,2021-10-04 20:17:16,186.94,aud,Subscription creation
ch_0000593,Paid,2021-10-05 18:29:17,202.73,aud,Subscription update
ch_0000594,Paid,2021-10-06 13:03:28,345.78,aud,Subscription creation
ch_0000595,Paid,2021-10-07 13:48:03,372.91,aud,Initial consultation
ch_0000596,Paid,2021-10-07 19:07:18,349.97,aud,Subscription update
ch_0000597,Paid,2021-10-09 14:06:25,196.11,aud,Subscription update
ch_0000598,Paid,2021-10-10 07:44:49,197.14,aud,Subscription update
ch_0000599,Paid,2021-10-10 12:58:35,201.91,aud,Subscription update
ch_0000600,Paid,2021-10-10 18:10:19,338.35,aud,Subscription update
ch_0000601,Paid,2021-10-10 20:53:11,733.69,aud,Longevity panel
ch_0000602,Paid,2021-10-11 07:23:58,347.52,aud,Subscription creation
ch_0000603,Paid,2021-10-11 07:54:18,200.28,aud,Subscription update
ch_0000604,Paid,2021-10-11 07:56:04,350.28,aud,Subscription update
ch_0000605,Paid,2021-10-11 13:45:04,190.93,aud,IV League - Booking
ch_0000606,Paid,2021-10-12 15:27:36,3374.07,aud,Package initiation
ch_0000607,Paid,2021-10-12 17:03:01,339.39,aud,Subscription update
ch_0000608,Paid,2021-10-13 06:23:11,1647.71,aud,Invoice payment
ch_0000609,Paid,2021-10-13 15:04:43,196.84,aud,Subscription update
ch_0000610,Paid,2021-10-13 16:19:12,198.33,aud,Subscription update
ch_0000611,Paid,2021-10-14 15:34:44,201.81,aud,Subscription update
ch_0000612,Paid,2021-10-14 15:41:38,348.93,aud,IV League - Booking
ch_0000613,Paid,2021-10-15 10:28:58,201.59,aud,Subscription update
ch_0000614,Paid,2021-10-15 15:20:17,602.02,aud,Subscription update
ch_0000615,Paid,2021-10-15 19:17:51,196.26,aud,Subscription update
ch_0000616,Paid,2021-10-16 15:21:22,356.2,aud,Subscription update
ch_0000617,Paid,2021-10-16 18:46:39,199.28,aud,Subscription update
ch_0000618,Paid,2021-10-17 15:27:03,201.96,aud,Subscription update
ch_0000619,Paid,2021-10-17 20:12:38,198.52,aud,Subscription update
ch_0000620,Paid,2021-10-18 20:41:06,196.05,aud,Subscription update
ch_0000621,Paid,2021-10-19 09:10:41,207.23,aud,Subscription update
ch_0000622,Paid,2021-10-19 09:50:03,345.1,aud,Subscription update
ch_0000623,Paid,2021-10-19 18:53:49,202.3,aud,Subscription update
ch_0000624,Paid,2021-10-20 06:41:41,334.35,aud,Subscription update
ch_0000625,Paid,2021-10-20 13:11:11,351.02,aud,Subscription update
ch_0000626,Paid,2021-10-20 15:25:28,196.12,aud,Subscription update
ch_0000627,Paid,2021-10-22 06:07:38,360.97,aud,Subscription update
ch_0000628,Paid,2021-10-22 13:19:15,192.04,aud,Subscription update
ch_0000629,Paid,2021-10-24 07:04:29,196.24,aud,Subscription update
ch_0000630,Paid,2021-10-25 11:11:33,350.36,aud,Subscription creation
ch_0000631,Paid,2021-10-25 15:30:32,198.11,aud,Subscription creation
ch_0000632,Paid,2021-10-26 07:02:49,341.56,aud,Subscription update
ch_0000633,Paid,2021-10-26 07:20:52,598.37,aud,Subscription update
ch_0000634,Paid,2021-10-26 10:19:01,201.14,aud,Subscription update
ch_0000635,Paid,2021-10-26 10:59:09,262.21,aud,IV League - Booking
ch_0000636,Paid,2021-10-26 11:43:53,197.48,aud,Subscription creation
ch_0000637,Paid,2021-10-26 13:24:40,191.79,aud,Subscription update
ch_0000638,Paid,2021-10-27 07:51:25,198.57,aud,Subscription update
ch_0000639,Paid,2021-10-27 19:17:15,587.67,aud,Subscription update
ch_0000640,Paid,2021-10-28 13:57:38,197.92,aud,Subscription creation
ch_0000641,Paid,2021-10-29 07:00:36,193.91,aud,Subscription update
ch_0000642,Paid,2021-10-29 07:41:44,350.32,aud,Subscription update
ch_0000643,Paid,2021-10-29 10:36:51,198.03,aud,Subscription update
ch_0000644,Paid,2021-10-30 18:52:02,1993.58,aud,Package initiation
ch_0000645,Paid,2021-10-31 11:10:22,207.53,aud,Subscription update
ch_0000646,Paid,2021-10-31 14:55:51,337.43,aud,Subscription update
ch_0000647,Paid,2021-10-31 19:47:45,593.87,aud,Subscription update
ch_0000648,Paid,2021-11-01 08:13:27,343.02,aud,Subscription update
ch_0000649,Paid,2021-11-01 15:43:20,205.28,aud,Subscription update
ch_0000650,Paid,2021-11-01 19:26:25,208.44,aud,Subscription update
ch_0000651,Paid,2021-11-02 12:22:55,343.32,aud,Subscription update
ch_0000652,Paid,2021-11-02 13:35:01,196.86,aud,Subscription creation
ch_0000653,Paid,2021-11-02 14:03:28,202.64,aud,Subscription update
ch_0000654,Paid,2021-11-02 16:54:44,357.57,aud,Subscription update
ch_0000655,Paid,2021-11-02 17:48:28,337.5,aud,Subscription update
ch_0000656,Paid,2021-11-03 08:58:20,201.98,aud,Subscription update
ch_0000657,Paid,2021-11-03 13:16:44,195.68,aud,Subscription update
ch_0000658,Paid,2021-11-03 15:19:19,178.83,aud,IV League - Booking
ch_0000659,Paid,2021-11-03 17:26:33,200.29,aud,Subscription update
ch_0000660,Paid,2021-11-03 20:12:10,198.45,aud,Subscription update
ch_0000661,Paid,2021-11-03 20:16:38,202.94,aud,Subscription update
ch_0000662,Paid,2021-11-03 20:22:23,202.31,aud,Subscription update
ch_0000663,Paid,2021-11-03 20:35:53,200.13,aud,Subscription update
ch_0000664,Paid,2021-11-04 07:36:05,352.8,aud,Subscription creation
ch_0000665,Paid,2021-11-04 11:23:32,200.23,aud,Subscription update
ch_0000666,Paid,2021-11-04 11:37:33,351.85,aud,Subscription update
ch_0000667,Paid,2021-11-04 11:54:37,600.39,aud,Subscription update
ch_0000668,Paid,2021-11-05 11:22:45,204.45,aud,Subscription update
ch_0000669,Paid,2021-11-05 12:24:54,191.41,aud,Subscription update
ch_0000670,Failed,2021-11-05 16:27:21,349.0,aud,Subscription update
ch_0000671,Paid,2021-11-05 17:46:36,602.2,aud,Subscription update
ch_0000672,Paid,2021-11-05 18:09:57,605.76,aud,Subscription creation
ch_0000673,Paid,2021-11-05 18:42:31,338.18,aud,Subscription creation
ch_0000674,Paid,2021-11-06 07:21:16,355.13,aud,Subscription update
ch_0000675,Paid,2021-11-06 12:09:55,243.54,aud,IV League - Booking
ch_0000676,Paid,2021-11-07 13:45:08,346.71,aud,Subscription update
ch_0000677,Paid,2021-11-08 09:11:21,194.86,aud,Subscription update
ch_0000678,Paid,2021-11-08 11:52:43,594.91,aud,Subscription update
ch_0000679,Paid,2021-11-08 16:02:05,588.06,aud,Subscription update
ch_0000680,Paid,2021-11-08 17:11:21,3116.82,aud,Package initiation
ch_0000681,Paid,2021-11-09 07:35:39,196.19,aud,Subscription update
ch_0000682,Paid,2021-11-09 08:21:37,460.2,aud,IV League - Booking
ch_0000683,Paid,2021-11-09 12:40:11,199.31,aud,Subscription update
ch_0000684,Paid,2021-11-09 13:57:12,601.83,aud,Subscription update
ch_0000685,Paid,2021-11-10 06:19:50,588.45,aud,Subscription creation
ch_0000686,Paid,2021-11-10 09:07:51,351.28,aud,Subscription update
ch_0000687,Paid,2021-11-10 12:31:15,342.37,aud,Subscription update
ch_0000688,Paid,2021-11-10 14:37:14,203.7,aud,Subscription update
ch_0000689,Paid,2021-11-10 16:01:06,204.97,aud,Subscription update
ch_0000690,Paid,2021-11-10 16:30:46,200.2,aud,Subscription update
ch_0000691,Paid,2021-11-10 17:46:57,192.33,aud,Subscription creation
ch_0000692,Paid,2021-11-10 19:26:07,196.97,aud,Subscription update
ch_0000693,Paid,2021-11-10 20:30:53,192.08,aud,Subscription update
ch_0000694,Paid,2021-11-11 14:50:46,347.4,aud,Subscription creation
ch_0000695,Paid,2021-11-11 20:09:45,357.32,aud,Subscription update
ch_0000696,Paid,2021-11-12 19:42:33,306.42,aud,Initial consultation
ch_0000697,Paid,2021-11-13 08:09:03,1777.02,aud,Invoice payment
ch_0000698,Paid,2021-11-13 08:25:18,200.16,aud,Subscription update
ch_0000699,Paid,2021-11-13 08:35:15,197.49,aud,Subscription update
ch_0000700,Paid,2021-11-13 10:39:51,198.57,aud,Subscription update
ch_0000701,Paid,2021-11-13 18:14:50,596.94,aud,Subscription update
ch_0000702,Paid,2021-11-13 20:10:50,336.65,aud,Subscription update
ch_0000703,Paid,2021-11-14 08:45:46,597.23,aud,Subscription update
ch_0000704,Paid,2021-11-14 15:07:51,307.21,aud,IV League - Booking
ch_0000705,Paid,2021-11-15 07:30:12,205.12,aud,Subscription creation
ch_0000706,Paid,2021-11-15 12:15:46,197.83,aud,Subscription update
ch_0000707,Paid,2021-11-15 15:32:47,354.88,aud,Subscription update
ch_0000708,Paid,2021-11-15 16:48:26,606.9,aud,Subscription update
ch_0000709,Paid,2021-11-15 20:36:05,192.05,aud,Subscription update
ch_0000710,Paid,2021-11-15 20:39:29,342.48,aud,Subscription update
ch_0000711,Paid,2021-11-16 14:49:37,204.5,aud,Subscription update
ch_0000712,Paid,2021-11-16 15:18:56,353.14,aud,Subscription creation
ch_0000713,Paid,2021-11-16 16:49:13,336.04,aud,Subscription creation
ch_0000714,Paid,2021-11-16 17:40:33,230.71,aud,IV League - Booking
ch_0000715,Paid,2021-11-16 20:13:36,350.48,aud,Subscription creation
ch_0000716,Paid,2021-11-17 20:16:38,197.53,aud,Subscription update
ch_0000717,Paid,2021-11-18 08:01:57,336.12,aud,Subscription update
ch_0000718,Paid,2021-11-18 08:44:06,194.85,aud,Subscription update
ch_0000719,Paid,2021-11-19 07:15:20,205.73,aud,Subscription creation
ch_0000720,Paid,2021-11-19 09:12:40,344.66,aud,Subscription update
ch_0000721,Paid,2021-11-19 16:04:53,197.4,aud,Subscription update
ch_0000722,Paid,2021-11-19 18:26:17,343.56,aud,Subscription update
ch_0000723,Paid,2021-11-19 19:04:11,347.84,aud,Subscription update
ch_0000724,Paid,2021-11-20 14:44:48,351.14,aud,Subscription creation
ch_0000725,Paid,2021-11-20 18:58:06,206.06,aud,Subscription update
ch_0000726,Paid,2021-11-21 11:10:54,202.56,aud,Subscription update
ch_0000727,Paid,2021-11-21 11:22:21,199.99,aud,Subscription update
ch_0000728,Paid,2021-11-21 12:05:11,353.42,aud,Subscription update
ch_0000729,Paid,2021-11-21 16:01:47,342.99,aud,Subscription update
ch_0000730,Paid,2021-11-21 17:11:16,204.91,aud,Subscription update
ch_0000731,Paid,2021-11-21 20:17:46,196.06,aud,Subscription update
ch_0000732,Paid,2021-11-21 20:24:30,336.86,aud,Subscription update
ch_0000733,Paid,2021-11-22 09:17:36,354.39,aud,Subscription creation
ch_0000734,Paid,2021-11-22 11:04:37,196.79,aud,Subscription update
ch_0000735,Paid,2021-11-22 11:48:07,348.76,aud,Subscription update
ch_0000736,Paid,2021-11-22 20:29:13,199.63,aud,Subscription update
ch_0000737,Paid,2021-11-23 08:46:59,582.77,aud,Subscription update
ch_0000738,Paid,2021-11-23 12:32:22,197.54,aud,Subscription update
ch_0000739,Paid,2021-11-23 13:05:43,197.18,aud,Subscription update
ch_0000740,Paid,2021-11-23 17:02:03,345.58,aud,Subscription creation
ch_0000741,Paid,2021-11-23 17:11:59,200.07,aud,Subscription update
ch_0000742,Paid,2021-11-23 20:10:12,616.25,aud,Subscription update
ch_0000743,Paid,2021-11-24 06:54:47,602.89,aud,Subscription creation
ch_0000744,Paid,2021-11-24 14:11:53,199.89,aud,Subscription update
ch_0000745,Paid,2021-11-25 09:25:20,203.72,aud,Subscription update
ch_0000746,Paid,2021-11-25 11:13:23,1816.56,aud,Package initiation
ch_0000747,Paid,2021-11-25 12:27:18,2149.2,aud,Package initiation
ch_0000748,Paid,2021-11-25 13:28:20,628.05,aud,Subscription update
ch_0000749,Paid,2021-11-25 16:14:26,355.42,aud,Subscription update
ch_0000750,Paid,2021-11-26 11:29:17,349.61,aud,Subscription update
ch_0000751,Paid,2021-11-26 12:34:28,589.72,aud,Subscription update
ch_0000752,Paid,2021-11-26 18:20:58,1037.41,aud,Invoice payment
ch_0000753,Paid,2021-11-26 18:21:28,199.3,aud,Subscription update
ch_0000754,Paid,2021-11-26 19:15:31,2575.11,aud,Package initiation
ch_0000755,Paid,2021-11-27 08:43:13,616.82,aud,Subscription update
ch_0000756,Paid,2021-11-27 15:25:25,199.32,aud,Subscription update
ch_0000757,Paid,2021-11-27 15:39:17,347.97,aud,Subscription creation
ch_0000758,Paid,2021-11-28 08:05:13,193.23,aud,Subscription creation
ch_0000759,Paid,2021-11-28 11:46:07,195.38,aud,Subscription update
ch_0000760,Paid,2021-11-29 12:36:02,198.77,aud,Subscription update
ch_0000761,Paid,2021-11-29 16:37:34,2269.7,aud,Package initiation
ch_0000762,Paid,2021-11-30 12:23:40,354.74,aud,Subscription update
ch_0000763,Paid,2021-11-30 16:03:06,587.59,aud,Subscription update
ch_0000764,Paid,2021-11-30 16:55:40,352.61,aud,Subscription update
ch_0000765,Paid,2021-12-01 10:39:00,356.75,aud,Subscription update
ch_0000766,Paid,2021-12-01 15:18:33,199.99,aud,Subscription creation
ch_0000767,Paid,2021-12-01 20:55:42,342.8,aud,Subscription update
ch_0000768,Paid,2021-12-02 08:02:39,430.08,aud,Initial consultation
ch_0000769,Paid,2021-12-02 08:42:29,197.55,aud,Subscription update
ch_0000770,Paid,2021-12-02 12:55:32,202.55,aud,Subscription update
ch_0000771,Paid,2021-12-03 10:17:57,580.61,aud,Subscription update
ch_0000772,Paid,2021-12-03 16:02:17,197.09,aud,Subscription update
ch_0000773,Paid,2021-12-03 19:11:39,600.08,aud,Subscription creation
ch_0000774,Paid,2021-12-04 06:37:47,199.25,aud,Subscription creation
ch_0000775,Paid,2021-12-04 07:22:11,345.74,aud,Subscription update
ch_0000776,Paid,2021-12-04 08:49:06,192.17,aud,Subscription update
ch_0000777,Paid,2021-12-04 10:01:03,201.92,aud,Subscription update
ch_0000778,Paid,2021-12-04 12:45:13,197.12,aud,Subscription update
ch_0000779,Paid,2021-12-05 06:51:29,599.06,aud,Subscription update
ch_0000780,Paid,2021-12-05 07:19:39,350.31,aud,Subscription update
ch_0000781,Paid,2021-12-05 08:17:54,10523.33,aud,Corporate wellness - Keyman
ch_0000782,Paid,2021-12-05 15:16:00,317.37,aud,Initial consultation
ch_0000783,Paid,2021-12-05 18:02:32,10177.73,aud,Corporate wellness - Keyman
ch_0000784,Paid,2021-12-06 08:22:47,195.31,aud,Subscription update
ch_0000785,Paid,2021-12-06 10:33:43,194.48,aud,Subscription update
ch_0000786,Paid,2021-12-06 14:57:13,202.89,aud,Subscription update
ch_0000787,Paid,2021-12-06 19:58:43,2049.51,aud,Package initiation
ch_0000788,Paid,2021-12-06 20:12:24,202.49,aud,Subscription update
ch_0000789,Paid,2021-12-07 07:19:34,198.92,aud,Subscription update
ch_0000790,Paid,2021-12-07 09:51:25,359.06,aud,Subscription update
ch_0000791,Paid,2021-12-07 13:30:13,343.36,aud,Subscription update
ch_0000792,Paid,2021-12-08 09:10:11,197.56,aud,Subscription creation
ch_0000793,Paid,2021-12-08 09:57:14,198.48,aud,Subscription update
ch_0000794,Paid,2021-12-08 11:52:04,190.89,aud,Subscription update
ch_0000795,Paid,2021-12-08 12:25:00,1234.15,aud,Package initiation
ch_0000796,Paid,2021-12-08 15:51:35,200.68,aud,Subscription update
ch_0000797,Paid,2021-12-08 17:14:13,598.5,aud,Subscription update
ch_0000798,Paid,2021-12-08 19:30:11,195.58,aud,Subscription update
ch_0000799,Paid,2021-12-08 20:06:04,199.47,aud,Subscription update
ch_0000800,Paid,2021-12-09 13:04:36,201.07,aud,Subscription update
ch_0000801,Paid,2021-12-09 15:14:11,601.29,aud,Subscription update
ch_0000802,Paid,2021-12-09 19:12:58,198.47,aud,Subscription update
ch_0000803,Paid,2021-12-09 20:56:22,197.22,aud,Subscription update
ch_0000804,Paid,2021-12-10 08:23:03,6367.76,aud,Corporate wellness - Keyman
ch_0000805,Paid,2021-12-10 08:30:00,8920.57,aud,Corporate wellness - Keyman
ch_0000806,Paid,2021-12-10 13:59:51,607.88,aud,Subscription update
ch_0000807,Paid,2021-12-10 14:07:07,2175.82,aud,Package initiation
ch_0000808,Paid,2021-12-10 17:32:57,200.64,aud,Subscription update
ch_0000809,Paid,2021-12-11 07:10:36,198.58,aud,Subscription update
ch_0000810,Paid,2021-12-11 09:53:16,351.6,aud,Subscription update
ch_0000811,Paid,2021-12-11 16:49:20,347.75,aud,Subscription update
ch_0000812,Paid,2021-12-11 17:26:31,199.71,aud,Subscription update
ch_0000813,Paid,2021-12-12 06:15:45,348.86,aud,Subscription update
ch_0000814,Paid,2021-12-12 16:55:15,204.11,aud,Subscription update
ch_0000815,Paid,2021-12-12 20:34:37,352.29,aud,Subscription update
ch_0000816,Paid,2021-12-13 09:36:02,201.85,aud,Subscription update
ch_0000817,Paid,2021-12-13 10:46:39,341.5,aud,Subscription update
ch_0000818,Paid,2021-12-13 12:13:07,353.02,aud,Subscription update
ch_0000819,Paid,2021-12-13 15:03:16,199.05,aud,Subscription update
ch_0000820,Paid,2021-12-14 11:52:28,185.7,aud,IV League - Booking
ch_0000821,Paid,2021-12-14 15:40:00,610.07,aud,Subscription update
ch_0000822,Paid,2021-12-14 20:14:28,256.22,aud,IV League - Booking
ch_0000823,Paid,2021-12-15 06:45:28,198.33,aud,Subscription update
ch_0000824,Paid,2021-12-15 14:58:42,344.58,aud,Subscription creation
ch_0000825,Paid,2021-12-15 19:00:40,201.4,aud,Subscription update
ch_0000826,Paid,2021-12-15 20:19:38,1926.97,aud,Invoice payment
ch_0000827,Paid,2021-12-16 06:51:51,616.49,aud,Subscription update
ch_0000828,Paid,2021-12-16 09:15:28,362.1,aud,Subscription creation
ch_0000829,Paid,2021-12-16 10:54:04,201.31,aud,Subscription update
ch_0000830,Paid,2021-12-16 15:09:06,198.71,aud,Subscription update
ch_0000831,Paid,2021-12-16 20:41:50,197.97,aud,Subscription update
ch_0000832,Paid,2021-12-17 09:05:03,188.51,aud,Subscription update
ch_0000833,Paid,2021-12-18 06:29:57,595.19,aud,Subscription update
ch_0000834,Paid,2021-12-18 06:45:36,448.81,aud,IV League - Booking
ch_0000835,Paid,2021-12-18 07:37:10,356.43,aud,Subscription update
ch_0000836,Paid,2021-12-18 09:20:06,355.46,aud,Subscription update
ch_0000837,Paid,2021-12-18 09:56:27,198.09,aud,Subscription update
ch_0000838,Paid,2021-12-18 13:04:47,193.34,aud,Subscription creation
ch_0000839,Paid,2021-12-18 16:45:50,198.09,aud,Subscription update
ch_0000840,Paid,2021-12-18 17:05:48,197.11,aud,Subscription update
ch_0000841,Paid,2021-12-18 18:31:02,347.04,aud,Subscription creation
ch_0000842,Paid,2021-12-19 10:16:32,201.22,aud,Subscription update
ch_0000843,Paid,2021-12-19 18:40:51,349.0,aud,Subscription update
ch_0000844,Paid,2021-12-20 06:08:14,197.27,aud,Subscription update
ch_0000845,Paid,2021-12-20 06:37:45,3276.71,aud,Package initiation
ch_0000846,Paid,2021-12-20 06:58:32,200.86,aud,Subscription update
ch_0000847,Paid,2021-12-20 11:11:44,195.77,aud,Subscription update
ch_0000848,Paid,2021-12-20 11:26:54,202.9,aud,Subscription update
ch_0000849,Paid,2021-12-21 06:38:32,196.79,aud,Subscription update
ch_0000850,Paid,2021-12-21 09:59:26,606.69,aud,Subscription update
ch_0000851,Paid,2021-12-21 15:30:38,198.38,aud,Subscription update
ch_0000852,Paid,2021-12-21 16:00:21,201.95,aud,Subscription update
ch_0000853,Paid,2021-12-22 13:05:19,201.64,aud,Subscription update
ch_0000854,Paid,2021-12-22 14:29:45,194.84,aud,Subscription update
ch_0000855,Paid,2021-12-22 14:36:57,191.91,aud,Subscription update
ch_0000856,Paid,2021-12-23 20:38:09,605.81,aud,Subscription update
ch_0000857,Paid,2021-12-24 09:43:15,201.54,aud,Subscription creation
ch_0000858,Paid,2021-12-24 14:40:32,601.54,aud,Subscription creation
ch_0000859,Paid,2021-12-24 16:14:53,354.1,aud,Subscription update
ch_0000860,Paid,2021-12-24 17:19:55,355.8,aud,Subscription update
ch_0000861,Paid,2021-12-24 19:56:08,198.17,aud,Subscription update
ch_0000862,Paid,2021-12-25 09:39:43,198.59,aud,Subscription update
ch_0000863,Paid,2021-12-25 10:25:12,191.11,aud,Subscription update
ch_0000864,Paid,2021-12-25 11:45:41,613.99,aud,Subscription update
ch_0000865,Paid,2021-12-25 15:33:18,200.59,aud,Subscription update
ch_0000866,Paid,2021-12-25 16:33:34,196.77,aud,Subscription update
ch_0000867,Paid,2021-12-25 19:28:05,597.28,aud,Subscription update
ch_0000868,Paid,2021-12-26 11:23:38,199.76,aud,Subscription update
ch_0000869,Paid,2021-12-26 13:03:22,199.14,aud,Subscription update
ch_0000870,Paid,2021-12-26 14:50:08,200.55,aud,Subscription update
ch_0000871,Paid,2021-12-26 17:11:45,183.91,aud,IV League - Booking
ch_0000872,Paid,2021-12-26 17:28:16,600.76,aud,Subscription update
ch_0000873,Paid,2021-12-26 20:38:37,202.17,aud,Subscription creation
ch_0000874,Paid,2021-12-27 16:11:54,196.07,aud,Subscription update
ch_0000875,Paid,2021-12-29 06:38:28,364.4,aud,Subscription update
ch_0000876,Paid,2021-12-29 11:10:43,344.88,aud,Subscription update
ch_0000877,Paid,2021-12-29 12:07:13,350.45,aud,Subscription update
ch_0000878,Paid,2021-12-30 12:24:40,201.01,aud,Subscription update
ch_0000879,Paid,2021-12-30 14:43:01,261.16,aud,IV League - Booking
ch_0000880,Paid,2021-12-30 18:24:09,1007.99,aud,Invoice payment
ch_0000881,Paid,2021-12-30 19:26:29,199.73,aud,Subscription update
ch_0000882,Paid,2021-12-30 20:24:37,198.98,aud,Subscription update
ch_0000883,Paid,2021-12-30 20:32:11,583.65,aud,Subscription creation
ch_0000884,Paid,2021-12-31 14:56:15,358.58,aud,Subscription update
ch_0000885,Paid,2021-12-31 17:04:18,203.65,aud,Subscription update
ch_0000886,Paid,2021-12-31 17:33:30,351.35,aud,Subscription update
ch_0000887,Paid,2021-12-31 18:28:16,187.86,aud,Subscription creation
ch_0000888,Paid,2022-01-01 13:07:32,350.87,aud,Subscription update
ch_0000889,Paid,2022-01-01 19:43:40,203.26,aud,Subscription update
ch_0000890,Paid,2022-01-02 07:34:55,357.53,aud,Subscription update
ch_0000891,Paid,2022-01-02 09:03:59,197.29,aud,Subscription update
ch_0000892,Paid,2022-01-02 10:01:22,336.49,aud,Subscription update
ch_0000893,Paid,2022-01-03 19:46:23,197.95,aud,Subscription update
ch_0000894,Paid,2022-01-04 08:06:18,197.85,aud,Subscription update
ch_0000895,Paid,2022-01-04 08:10:58,355.82,aud,Subscription update
ch_0000896,Paid,2022-01-04 18:16:20,207.71,aud,Subscription update
ch_0000897,Paid,2022-01-06 10:30:51,202.0,aud,Subscription update
ch_0000898,Paid,2022-01-06 16:10:00,322.62,aud,IV League - Booking
ch_0000899,Paid,2022-01-06 17:19:01,205.46,aud,Subscription update
ch_0000900,Paid,2022-01-08 07:18:40,198.75,aud,Subscription update
ch_0000901,Paid,2022-01-08 07:45:48,613.83,aud,Subscription creation
ch_0000902,Paid,2022-01-08 12:37:53,200.36,aud,Subscription update
ch_0000903,Paid,2022-01-08 14:20:29,196.48,aud,Subscription update
ch_0000904,Paid,2022-01-08 14:39:28,183.48,aud,IV League - Booking
ch_0000905,Paid,2022-01-08 16:38:49,358.25,aud,Subscription creation
ch_0000906,Paid,2022-01-08 17:11:30,195.57,aud,Subscription update
ch_0000907,Paid,2022-01-08 19:53:23,192.95,aud,Subscription update
ch_0000908,Paid,2022-01-09 07:09:57,351.31,aud,Subscription creation
ch_0000909,Paid,2022-01-09 07:33:20,199.61,aud,Subscription update
ch_0000910,Paid,2022-01-09 09:24:01,334.68,aud,Subscription update
ch_0000911,Paid,2022-01-09 11:19:56,205.42,aud,Subscription update
ch_0000912,Paid,2022-01-09 11:52:58,593.56,aud,Subscription update
ch_0000913,Paid,2022-01-09 15:13:13,354.76,aud,Subscription update
ch_0000914,Paid,2022-01-09 17:18:18,2773.48,aud,Package initiation
ch_0000915,Paid,2022-01-09 17:24:54,347.04,aud,Subscription update
ch_0000916,Paid,2022-01-09 18:17:23,347.55,aud,Subscription update
ch_0000917,Paid,2022-01-10 06:57:53,349.69,aud,Subscription update
ch_0000918,Paid,2022-01-10 08:37:59,1579.07,aud,Invoice payment
ch_0000919,Paid,2022-01-10 11:22:41,199.48,aud,Subscription update
ch_0000920,Paid,2022-01-10 11:46:16,342.39,aud,Subscription update
ch_0000921,Paid,2022-01-10 11:48:41,337.4,aud,Subscription update
ch_0000922,Paid,2022-01-10 15:15:50,347.21,aud,Subscription update
ch_0000923,Paid,2022-01-10 15:50:53,353.94,aud,Subscription update
ch_0000924,Paid,2022-01-10 17:10:23,198.74,aud,Subscription update
ch_0000925,Paid,2022-01-10 17:27:35,341.16,aud,Subscription update
ch_0000926,Paid,2022-01-10 17:32:05,199.31,aud,Subscription update
ch_0000927,Paid,2022-01-10 17:35:08,201.2,aud,Subscription update
ch_0000928,Paid,2022-01-10 18:49:40,196.74,aud,Subscription update
ch_0000929,Paid,2022-01-11 07:51:06,195.33,aud,Subscription update
ch_0000930,Paid,2022-01-11 20:42:58,339.41,aud,Subscription update
ch_0000931,Paid,2022-01-12 08:39:04,600.23,aud,Subscription creation
ch_0000932,Paid,2022-01-12 10:50:44,201.7,aud,Subscription update
ch_0000933,Paid,2022-01-12 13:47:18,632.07,aud,Subscription update
ch_0000934,Paid,2022-01-12 19:38:09,578.92,aud,Subscription update
ch_0000935,Paid,2022-01-12 20:59:03,201.96,aud,Subscription creation
ch_0000936,Paid,2022-01-13 06:39:55,198.77,aud,Subscription update
ch_0000937,Paid,2022-01-13 07:59:29,196.9,aud,Subscription creation
ch_0000938,Paid,2022-01-13 18:08:22,343.84,aud,Subscription update
ch_0000939,Paid,2022-01-14 07:16:40,196.77,aud,Subscription update
ch_0000940,Paid,2022-01-14 09:05:59,199.3,aud,Subscription update
ch_0000941,Paid,2022-01-14 15:41:38,193.04,aud,Subscription update
ch_0000942,Paid,2022-01-14 17:35:15,200.68,aud,Subscription update
ch_0000943,Paid,2022-01-14 19:47:19,603.85,aud,Subscription update
ch_0000944,Paid,2022-01-15 09:01:58,583.16,aud,Subscription creation
ch_0000945,Paid,2022-01-16 10:27:25,196.02,aud,Subscription update
ch_0000946,Paid,2022-01-16 10:29:20,198.81,aud,Subscription update
ch_0000947,Paid,2022-01-16 12:50:55,409.9,aud,Initial consultation
ch_0000948,Paid,2022-01-16 17:01:23,348.79,aud,Subscription update
ch_0000949,Paid,2022-01-17 07:57:48,197.67,aud,Subscription update
ch_0000950,Paid,2022-01-17 08:45:07,350.42,aud,Subscription update
ch_0000951,Paid,2022-01-17 15:37:11,198.3,aud,Subscription update
ch_0000952,Paid,2022-01-17 16:09:12,200.39,aud,Subscription update
ch_0000953,Paid,2022-01-17 17:09:49,198.92,aud,Subscription update
ch_0000954,Paid,2022-01-17 19:21:47,198.78,aud,Subscription update
ch_0000955,Paid,2022-01-18 11:37:49,354.98,aud,Subscription update
ch_0000956,Paid,2022-01-18 11:45:04,200.55,aud,Subscription update
ch_0000957,Paid,2022-01-18 16:54:01,200.08,aud,Subscription update
ch_0000958,Paid,2022-01-18 18:51:08,200.12,aud,Subscription update
ch_0000959,Paid,2022-01-19 12:09:59,208.3,aud,Subscription update
ch_0000960,Paid,2022-01-19 18:24:19,345.89,aud,Subscription update
ch_0000961,Paid,2022-01-20 06:27:09,196.27,aud,Subscription update
ch_0000962,Paid,2022-01-20 11:39:33,198.34,aud,Subscription update
ch_0000963,Paid,2022-01-20 12:28:48,194.33,aud,Subscription update
ch_0000964,Paid,2022-01-20 14:24:10,198.11,aud,Subscription update
ch_0000965,Paid,2022-01-20 17:11:25,358.37,aud,Subscription update
ch_0000966,Paid,2022-01-20 20:16:52,352.92,aud,Subscription update
ch_0000967,Paid,2022-01-21 06:56:40,191.96,aud,Subscription update
ch_0000968,Paid,2022-01-21 07:01:30,479.78,aud,IV League - Booking
ch_0000969,Paid,2022-01-21 11:01:24,343.94,aud,Subscription update
ch_0000970,Paid,2022-01-21 11:29:30,200.08,aud,Subscription update
ch_0000971,Paid,2022-01-21 13:44:57,358.57,aud,Subscription update
ch_0000972,Paid,2022-01-21 14:21:59,337.78,aud,Subscription update
ch_0000973,Paid,2022-01-21 15:28:43,200.63,aud,Subscription update
ch_0000974,Paid,2022-01-21 18:28:45,205.28,aud,Subscription update
ch_0000975,Paid,2022-01-22 12:36:23,193.49,aud,Subscription update
ch_0000976,Paid,2022-01-22 12:47:02,195.05,aud,Subscription update
ch_0000977,Paid,2022-01-22 15:45:31,205.21,aud,Subscription update
ch_0000978,Paid,2022-01-22 17:24:43,349.99,aud,Subscription update
ch_0000979,Paid,2022-01-23 09:37:08,622.84,aud,Subscription update
ch_0000980,Paid,2022-01-23 11:47:50,195.51,aud,Subscription update
ch_0000981,Paid,2022-01-23 12:48:18,355.58,aud,Subscription update
ch_0000982,Paid,2022-01-24 07:46:01,191.23,aud,Subscription update
ch_0000983,Paid,2022-01-24 16:47:30,610.58,aud,Subscription update
ch_0000984,Paid,2022-01-24 18:07:55,199.37,aud,Subscription update
ch_0000985,Paid,2022-01-24 18:47:47,351.56,aud,Subscription update
ch_0000986,Paid,2022-01-24 20:23:09,575.2,aud,Subscription update
ch_0000987,Paid,2022-01-25 11:39:55,355.44,aud,Subscription update
ch_0000988,Paid,2022-01-26 11:02:51,193.61,aud,Subscription update
ch_0000989,Paid,2022-01-27 07:59:10,201.29,aud,Subscription update
ch_0000990,Paid,2022-01-27 11:52:22,207.01,aud,Subscription update
ch_0000991,Paid,2022-01-27 11:56:52,345.47,aud,Subscription update
ch_0000992,Paid,2022-01-27 15:03:18,2055.79,aud,Package initiation
ch_0000993,Paid,2022-01-28 06:03:08,199.47,aud,Subscription update
ch_0000994,Paid,2022-01-28 11:45:40,193.19,aud,Subscription update
ch_0000995,Paid,2022-01-29 11:28:14,199.69,aud,Subscription update
ch_0000996,Paid,2022-01-30 06:18:53,198.65,aud,Subscription update
ch_0000997,Paid,2022-01-30 06:49:53,350.07,aud,Subscription update
ch_0000998,Paid,2022-01-30 08:47:52,198.02,aud,Subscription creation
ch_0000999,Paid,2022-01-30 11:18:52,198.56,aud,Subscription update
ch_0001000,Paid,2022-01-31 13:47:57,194.35,aud,Subscription update
ch_0001001,Paid,2022-01-31 15:44:49,199.15,aud,Subscription update
ch_0001002,Paid,2022-01-31 18:12:13,1232.39,aud,Package initiation
ch_0001003,Paid,2022-02-01 08:04:46,202.88,aud,Subscription update
ch_0001004,Paid,2022-02-01 10:07:40,195.87,aud,Subscription update
ch_0001005,Paid,2022-02-01 10:18:29,599.7,aud,Subscription update
ch_0001006,Paid,2022-02-01 18:49:45,354.54,aud,Subscription update
ch_0001007,Paid,2022-02-01 18:53:39,568.43,aud,Subscription update
ch_0001008,Paid,2022-02-02 06:44:01,358.99,aud,Subscription update
ch_0001009,Paid,2022-02-02 10:11:56,206.3,aud,Subscription update
ch_0001010,Paid,2022-02-02 12:49:51,194.0,aud,Subscription creation
ch_0001011,Paid,2022-02-02 13:51:40,199.04,aud,Subscription update
ch_0001012,Paid,2022-02-02 14:12:13,605.78,aud,Subscription update
ch_0001013,Paid,2022-02-02 15:05:25,615.2,aud,Subscription update
ch_0001014,Paid,2022-02-02 15:11:57,200.42,aud,Subscription update
ch_0001015,Paid,2022-02-03 09:03:34,201.06,aud,Subscription update
ch_0001016,Paid,2022-02-03 10:16:14,343.06,aud,Subscription update
ch_0001017,Paid,2022-02-04 07:03:56,350.65,aud,Subscription update
ch_0001018,Paid,2022-02-04 14:07:16,197.16,aud,Subscription update
ch_0001019,Paid,2022-02-05 10:32:26,352.86,aud,Subscription update
ch_0001020,Paid,2022-02-05 12:53:22,351.02,aud,Subscription update
ch_0001021,Paid,2022-02-05 15:39:22,347.19,aud,Subscription update
ch_0001022,Paid,2022-02-06 12:31:55,205.12,aud,Subscription update
ch_0001023,Paid,2022-02-06 14:49:37,591.96,aud,Subscription update
ch_0001024,Paid,2022-02-06 17:53:34,348.73,aud,Subscription update
ch_0001025,Paid,2022-02-06 19:51:01,196.82,aud,Subscription update
ch_0001026,Paid,2022-02-07 12:19:45,199.36,aud,Subscription update
ch_0001027,Paid,2022-02-07 18:13:30,351.68,aud,Subscription update
ch_0001028,Paid,2022-02-08 11:05:02,203.64,aud,Subscription update
ch_0001029,Paid,2022-02-08 11:34:24,199.3,aud,Subscription update
ch_0001030,Paid,2022-02-08 15:17:09,345.95,aud,Subscription update
ch_0001031,Paid,2022-02-08 16:53:35,196.81,aud,Subscription update
ch_0001032,Paid,2022-02-08 19:16:53,365.88,aud,Subscription update
ch_0001033,Paid,2022-02-08 20:18:15,358.2,aud,Subscription creation
ch_0001034,Paid,2022-02-08 20:33:55,203.09,aud,Subscription update
ch_0001035,Paid,2022-02-09 07:51:18,192.49,aud,Subscription update
ch_0001036,Paid,2022-02-09 10:48:27,200.31,aud,Subscription update
ch_0001037,Paid,2022-02-09 14:20:35,434.76,aud,IV League - Booking
ch_0001038,Paid,2022-02-10 11:36:13,340.34,aud,Subscription update
ch_0001039,Paid,2022-02-10 17:03:15,195.49,aud,Subscription update
ch_0001040,Paid,2022-02-10 19:04:38,197.31,aud,Subscription creation
ch_0001041,Paid,2022-02-11 07:17:29,358.73,aud,Subscription update
ch_0001042,Paid,2022-02-11 07:58:44,349.81,aud,Subscription update
ch_0001043,Paid,2022-02-11 09:58:37,190.74,aud,Subscription update
ch_0001044,Paid,2022-02-11 11:59:00,344.55,aud,Subscription creation
ch_0001045,Paid,2022-02-11 15:51:22,202.74,aud,Subscription update
ch_0001046,Paid,2022-02-12 13:44:50,593.09,aud,Subscription update
ch_0001047,Paid,2022-02-12 14:04:37,207.07,aud,Subscription update
ch_0001048,Paid,2022-02-12 14:35:40,586.43,aud,Subscription update
ch_0001049,Paid,2022-02-12 16:53:52,193.84,aud,Subscription update
ch_0001050,Paid,2022-02-14 10:43:51,344.6,aud,Subscription creation
ch_0001051,Paid,2022-02-14 11:41:56,199.16,aud,Subscription update
ch_0001052,Paid,2022-02-14 13:56:21,199.17,aud,Subscription creation
ch_0001053,Paid,2022-02-14 15:10:46,336.1,aud,Subscription update
ch_0001054,Paid,2022-02-14 20:27:16,348.62,aud,Subscription update
ch_0001055,Paid,2022-02-15 14:49:58,340.96,aud,Subscription update
ch_0001056,Paid,2022-02-15 17:30:04,600.82,aud,Subscription update
ch_0001057,Paid,2022-02-16 08:09:31,201.21,aud,Subscription creation
ch_0001058,Paid,2022-02-16 08:15:49,357.74,aud,Initial consultation
ch_0001059,Paid,2022-02-16 08:55:15,352.02,aud,Subscription update
ch_0001060,Paid,2022-02-16 14:47:34,611.96,aud,Subscription creation
ch_0001061,Paid,2022-02-16 15:25:49,198.39,aud,Subscription update
ch_0001062,Paid,2022-02-16 19:07:25,201.27,aud,Subscription update
ch_0001063,Paid,2022-02-17 08:42:56,348.88,aud,Subscription update
ch_0001064,Paid,2022-02-17 13:09:01,196.35,aud,Subscription update
ch_0001065,Paid,2022-02-17 13:27:52,193.84,aud,Subscription update
ch_0001066,Paid,2022-02-17 15:21:13,199.2,aud,Subscription update
ch_0001067,Paid,2022-02-17 20:28:15,198.74,aud,Subscription update
ch_0001068,Paid,2022-02-17 20:41:14,193.74,aud,Subscription update
ch_0001069,Paid,2022-02-18 08:21:54,2470.3,aud,Package initiation
ch_0001070,Paid,2022-02-19 10:42:35,594.13,aud,Subscription update
ch_0001071,Paid,2022-02-20 18:32:24,601.02,aud,Subscription update
ch_0001072,Paid,2022-02-21 06:30:57,594.09,aud,Subscription update
ch_0001073,Paid,2022-02-21 08:44:08,197.27,aud,Subscription update
ch_0001074,Paid,2022-02-21 10:50:09,193.33,aud,Subscription update
ch_0001075,Paid,2022-02-21 13:55:33,191.96,aud,Subscription update
ch_0001076,Paid,2022-02-21 15:08:52,195.23,aud,Subscription update
ch_0001077,Paid,2022-02-21 19:11:57,195.61,aud,Subscription update
ch_0001078,Paid,2022-02-21 19:28:35,194.21,aud,Subscription update
ch_0001079,Paid,2022-02-21 19:57:08,202.38,aud,Subscription update
ch_0001080,Paid,2022-02-21 20:01:30,351.59,aud,Subscription update
ch_0001081,Paid,2022-02-22 12:56:35,359.04,aud,Subscription update
ch_0001082,Paid,2022-02-22 15:04:33,358.66,aud,Subscription update
ch_0001083,Paid,2022-02-22 20:03:59,1484.08,aud,Package initiation
ch_0001084,Paid,2022-02-23 09:44:52,581.26,aud,Subscription update
ch_0001085,Paid,2022-02-23 10:23:52,206.84,aud,Subscription update
ch_0001086,Paid,2022-02-23 10:37:16,350.21,aud,Subscription update
ch_0001087,Paid,2022-02-23 11:24:16,196.04,aud,Subscription update
ch_0001088,Paid,2022-02-23 15:15:59,200.47,aud,Subscription update
ch_0001089,Paid,2022-02-23 18:57:05,204.45,aud,Subscription update
ch_0001090,Paid,2022-02-23 19:45:36,200.44,aud,Subscription creation
ch_0001091,Paid,2022-02-24 06:29:12,199.0,aud,Subscription update
ch_0001092,Paid,2022-02-24 10:31:04,207.96,aud,Subscription creation
ch_0001093,Paid,2022-02-24 11:44:54,354.52,aud,Subscription update
ch_0001094,Paid,2022-02-24 13:52:32,327.76,aud,IV League - Booking
ch_0001095,Paid,2022-02-25 14:42:35,193.8,aud,Subscription update
ch_0001096,Paid,2022-02-26 08:47:55,609.41,aud,Subscription update
ch_0001097,Paid,2022-02-26 08:49:13,201.65,aud,Subscription update
ch_0001098,Paid,2022-02-26 15:32:29,346.43,aud,Subscription update
ch_0001099,Paid,2022-02-26 17:35:04,333.31,aud,Subscription update
ch_0001100,Paid,2022-02-26 19:44:28,201.03,aud,Subscription update
ch_0001101,Paid,2022-02-27 06:27:16,350.78,aud,Subscription creation
ch_0001102,Paid,2022-02-27 09:43:03,357.81,aud,Subscription update
ch_0001103,Paid,2022-02-27 11:21:06,345.62,aud,Subscription update
ch_0001104,Paid,2022-02-27 11:52:05,333.62,aud,Subscription update
ch_0001105,Paid,2022-02-27 12:16:18,203.55,aud,Subscription update
ch_0001106,Paid,2022-02-27 14:45:44,199.86,aud,Subscription creation
ch_0001107,Paid,2022-02-27 15:02:26,198.07,aud,Subscription update
ch_0001108,Paid,2022-02-27 16:38:28,350.75,aud,Subscription update
ch_0001109,Paid,2022-02-27 19:23:04,189.31,aud,Subscription update
ch_0001110,Paid,2022-02-27 20:00:37,350.27,aud,Subscription update
ch_0001111,Paid,2022-02-28 06:28:16,171.89,aud,IV League - Booking
ch_0001112,Paid,2022-02-28 07:32:05,204.19,aud,Subscription creation
ch_0001113,Paid,2022-02-28 17:21:04,197.54,aud,Subscription update
ch_0001114,Paid,2022-02-28 20:45:20,188.33,aud,Subscription update
ch_0001115,Paid,2022-03-01 08:25:18,603.38,aud,Subscription update
ch_0001116,Paid,2022-03-01 09:21:05,195.37,aud,Subscription update
ch_0001117,Paid,2022-03-02 06:26:42,2275.63,aud,Invoice payment
ch_0001118,Paid,2022-03-02 07:55:41,355.98,aud,Subscription update
ch_0001119,Paid,2022-03-02 13:33:56,198.93,aud,Subscription update
ch_0001120,Paid,2022-03-02 19:10:39,207.01,aud,Subscription update
ch_0001121,Paid,2022-03-02 20:51:24,201.28,aud,Subscription update
ch_0001122,Paid,2022-03-03 07:48:43,192.37,aud,Subscription update
ch_0001123,Paid,2022-03-03 20:02:42,194.65,aud,Subscription creation
ch_0001124,Paid,2022-03-03 20:08:12,1995.65,aud,Package initiation
ch_0001125,Paid,2022-03-04 07:13:43,607.53,aud,Subscription update
ch_0001126,Paid,2022-03-04 08:28:12,350.58,aud,Subscription update
ch_0001127,Paid,2022-03-04 10:28:13,583.33,aud,Subscription creation
ch_0001128,Paid,2022-03-04 18:50:57,195.16,aud,Subscription update
ch_0001129,Paid,2022-03-04 20:53:13,198.84,aud,Subscription update
ch_0001130,Paid,2022-03-05 09:56:23,591.91,aud,Subscription update
ch_0001131,Paid,2022-03-05 10:32:53,352.1,aud,Subscription update
ch_0001132,Paid,2022-03-05 10:43:40,346.91,aud,Subscription update
ch_0001133,Paid,2022-03-05 17:41:28,353.78,aud,Subscription update
ch_0001134,Paid,2022-03-05 17:57:35,12034.07,aud,Corporate wellness - Keyman
ch_0001135,Paid,2022-03-05 19:54:30,353.05,aud,Subscription update
ch_0001136,Paid,2022-03-06 09:31:32,200.13,aud,Subscription update
ch_0001137,Paid,2022-03-06 09:52:07,614.32,aud,Subscription update
ch_0001138,Paid,2022-03-06 10:26:55,199.09,aud,Subscription update
ch_0001139,Paid,2022-03-06 15:19:32,205.42,aud,Subscription update
ch_0001140,Paid,2022-03-06 18:59:15,615.13,aud,Subscription update
ch_0001141,Paid,2022-03-06 20:10:47,599.04,aud,Subscription update
ch_0001142,Paid,2022-03-07 10:51:55,361.35,aud,Subscription update
ch_0001143,Paid,2022-03-07 19:25:34,349.42,aud,Subscription update
ch_0001144,Paid,2022-03-08 09:03:40,201.68,aud,Subscription update
ch_0001145,Paid,2022-03-08 14:07:41,347.76,aud,Subscription creation
ch_0001146,Paid,2022-03-09 13:11:40,348.56,aud,Subscription update
ch_0001147,Paid,2022-03-10 11:08:24,349.64,aud,Subscription update
ch_0001148,Paid,2022-03-10 11:14:22,584.64,aud,Subscription update
ch_0001149,Paid,2022-03-10 14:36:00,202.43,aud,Subscription update
ch_0001150,Paid,2022-03-10 19:13:45,199.82,aud,Subscription update
ch_0001151,Paid,2022-03-11 19:48:36,365.08,aud,Initial consultation
ch_0001152,Paid,2022-03-12 15:47:22,201.68,aud,Subscription update
ch_0001153,Paid,2022-03-12 17:51:11,750.39,aud,Longevity panel
ch_0001154,Paid,2022-03-12 19:33:12,194.1,aud,Subscription update
ch_0001155,Paid,2022-03-13 10:36:16,867.23,aud,Longevity panel
ch_0001156,Paid,2022-03-13 12:10:57,365.18,aud,Subscription update
ch_0001157,Paid,2022-03-13 13:36:47,585.22,aud,Subscription update
ch_0001158,Paid,2022-03-14 08:25:15,349.28,aud,Subscription update
ch_0001159,Paid,2022-03-14 10:47:09,204.15,aud,Subscription update
ch_0001160,Paid,2022-03-14 14:54:56,354.09,aud,Subscription update
ch_0001161,Paid,2022-03-14 15:27:02,347.52,aud,Subscription creation
ch_0001162,Paid,2022-03-14 15:53:58,607.07,aud,Subscription creation
ch_0001163,Paid,2022-03-14 17:38:32,198.33,aud,Subscription update
ch_0001164,Paid,2022-03-15 10:20:45,197.88,aud,Subscription update
ch_0001165,Paid,2022-03-15 13:20:07,203.46,aud,Subscription update
ch_0001166,Paid,2022-03-15 17:15:26,201.78,aud,Subscription update
ch_0001167,Paid,2022-03-15 19:44:58,600.08,aud,Subscription update
ch_0001168,Paid,2022-03-15 20:38:50,339.28,aud,Subscription update
ch_0001169,Paid,2022-03-16 16:40:40,196.44,aud,Subscription update
ch_0001170,Paid,2022-03-16 18:34:18,350.81,aud,Subscription update
ch_0001171,Paid,2022-03-17 06:41:44,197.12,aud,Subscription update
ch_0001172,Paid,2022-03-17 10:25:13,352.41,aud,Subscription update
ch_0001173,Paid,2022-03-17 12:01:39,201.09,aud,Subscription creation
ch_0001174,Paid,2022-03-17 14:49:03,196.09,aud,Subscription update
ch_0001175,Paid,2022-03-17 15:07:29,353.68,aud,Subscription update
ch_0001176,Paid,2022-03-17 18:22:33,592.15,aud,Subscription update
ch_0001177,Paid,2022-03-17 20:30:37,204.69,aud,Subscription creation
ch_0001178,Paid,2022-03-17 20:53:48,596.97,aud,Subscription update
ch_0001179,Paid,2022-03-18 12:03:55,198.38,aud,Subscription update
ch_0001180,Paid,2022-03-18 13:22:39,602.41,aud,Subscription update
ch_0001181,Paid,2022-03-18 15:09:28,197.68,aud,Subscription creation
ch_0001182,Paid,2022-03-18 15:58:26,209.39,aud,Subscription update
ch_0001183,Paid,2022-03-19 08:30:20,355.38,aud,Subscription update
ch_0001184,Paid,2022-03-19 10:28:22,336.84,aud,Subscription update
ch_0001185,Paid,2022-03-19 11:12:40,190.63,aud,Subscription update
ch_0001186,Paid,2022-03-19 15:01:05,196.89,aud,Subscription update
ch_0001187,Paid,2022-03-20 12:03:48,199.56,aud,Subscription update
ch_0001188,Paid,2022-03-20 12:43:09,572.37,aud,Subscription update
ch_0001189,Paid,2022-03-20 15:13:23,585.08,aud,Subscription update
ch_0001190,Paid,2022-03-20 17:26:25,194.6,aud,Subscription creation
ch_0001191,Paid,2022-03-21 10:22:43,588.62,aud,Subscription update
ch_0001192,Paid,2022-03-21 11:47:55,594.93,aud,Subscription update
ch_0001193,Paid,2022-03-21 12:20:15,357.81,aud,Subscription update
ch_0001194,Paid,2022-03-21 13:39:29,604.41,aud,Subscription update
ch_0001195,Paid,2022-03-21 16:47:14,359.26,aud,Subscription update
ch_0001196,Paid,2022-03-21 18:16:43,350.4,aud,Subscription update
ch_0001197,Paid,2022-03-22 06:38:52,345.62,aud,Subscription update
ch_0001198,Paid,2022-03-22 13:00:57,200.83,aud,Subscription update
ch_0001199,Paid,2022-03-22 14:54:15,199.79,aud,Subscription creation
ch_0001200,Paid,2022-03-22 16:50:03,208.67,aud,Subscription update
ch_0001201,Paid,2022-03-23 07:22:05,337.41,aud,Subscription creation
ch_0001202,Paid,2022-03-23 11:12:53,345.01,aud,Subscription update
ch_0001203,Paid,2022-03-23 13:07:37,340.87,aud,Subscription update
ch_0001204,Paid,2022-03-23 16:34:34,339.47,aud,Subscription update
ch_0001205,Paid,2022-03-24 11:41:17,352.74,aud,Subscription update
ch_0001206,Paid,2022-03-26 19:01:19,201.33,aud,Subscription update
ch_0001207,Refunded,2022-03-27 12:02:53,349.0,aud,Subscription update
ch_0001208,Paid,2022-03-27 17:07:52,197.03,aud,Subscription update
ch_0001209,Paid,2022-03-27 17:15:10,352.54,aud,Subscription update
ch_0001210,Paid,2022-03-27 19:27:05,336.81,aud,Subscription update
ch_0001211,Paid,2022-03-28 09:42:49,193.47,aud,Subscription update
ch_0001212,Paid,2022-03-28 20:38:17,606.23,aud,Subscription update
ch_0001213,Paid,2022-03-29 12:42:19,626.79,aud,Subscription update
ch_0001214,Paid,2022-03-29 15:26:19,197.75,aud,Subscription update
ch_0001215,Paid,2022-03-29 15:43:15,201.92,aud,Subscription creation
ch_0001216,Paid,2022-03-29 17:49:40,198.35,aud,Subscription update
ch_0001217,Paid,2022-03-29 18:24:48,197.21,aud,Subscription update
ch_0001218,Paid,2022-03-29 18:54:20,578.63,aud,Subscription update
ch_0001219,Paid,2022-03-30 08:21:19,342.53,aud,Subscription update
ch_0001220,Paid,2022-03-30 15:48:33,346.35,aud,Subscription update
ch_0001221,Paid,2022-03-30 17:51:47,1373.28,aud,Invoice payment
ch_0001222,Paid,2022-03-31 07:01:51,341.22,aud,Subscription update
ch_0001223,Paid,2022-03-31 07:45:31,193.41,aud,Subscription creation
ch_0001224,Paid,2022-03-31 08:35:45,615.66,aud,Subscription update
ch_0001225,Paid,2022-03-31 10:43:50,198.74,aud,Subscription update
ch_0001226,Paid,2022-03-31 15:36:58,197.22,aud,Subscription update
ch_0001227,Paid,2022-03-31 15:43:02,349.99,aud,Subscription update
ch_0001228,Paid,2022-03-31 17:05:45,577.95,aud,Subscription update
ch_0001229,Paid,2022-04-01 06:45:48,204.79,aud,Subscription creation
ch_0001230,Paid,2022-04-01 07:31:26,195.65,aud,Subscription update
ch_0001231,Paid,2022-04-01 08:15:24,344.55,aud,Subscription update
ch_0001232,Paid,2022-04-01 13:25:49,591.89,aud,Subscription creation
ch_0001233,Paid,2022-04-01 15:15:09,168.69,aud,IV League - Booking
ch_0001234,Paid,2022-04-01 17:43:07,204.29,aud,Subscription creation
ch_0001235,Paid,2022-04-01 19:40:15,202.17,aud,Subscription update
ch_0001236,Paid,2022-04-02 06:05:15,359.85,aud,Subscription update
ch_0001237,Paid,2022-04-02 08:01:12,345.82,aud,Subscription creation
ch_0001238,Paid,2022-04-02 12:54:53,195.03,aud,Subscription creation
ch_0001239,Paid,2022-04-02 13:42:18,611.77,aud,Subscription update
ch_0001240,Paid,2022-04-02 17:19:11,2318.95,aud,Package initiation
ch_0001241,Paid,2022-04-02 20:01:17,200.06,aud,Subscription update
ch_0001242,Paid,2022-04-03 07:51:03,350.15,aud,Subscription update
ch_0001243,Paid,2022-04-03 10:49:07,599.3,aud,Subscription creation
ch_0001244,Paid,2022-04-04 07:12:40,195.37,aud,Subscription update
ch_0001245,Paid,2022-04-04 09:39:25,199.68,aud,Subscription update
ch_0001246,Paid,2022-04-04 10:09:48,198.0,aud,Subscription update
ch_0001247,Paid,2022-04-05 12:07:52,195.92,aud,Subscription update
ch_0001248,Paid,2022-04-05 12:18:51,196.33,aud,Subscription update
ch_0001249,Paid,2022-04-05 14:59:08,345.74,aud,Subscription update
ch_0001250,Paid,2022-04-05 15:39:23,198.3,aud,Subscription update
ch_0001251,Paid,2022-04-05 17:42:35,199.94,aud,Subscription update
ch_0001252,Paid,2022-04-05 17:47:31,195.51,aud,Subscription creation
ch_0001253,Paid,2022-04-05 18:04:49,196.57,aud,Subscription update
ch_0001254,Paid,2022-04-05 19:11:53,352.16,aud,Subscription update
ch_0001255,Paid,2022-04-06 06:05:04,205.07,aud,Subscription update
ch_0001256,Paid,2022-04-06 07:50:38,360.17,aud,Subscription update
ch_0001257,Paid,2022-04-06 15:36:42,196.3,aud,Subscription update
ch_0001258,Paid,2022-04-06 17:08:30,196.5,aud,Subscription update
ch_0001259,Paid,2022-04-06 18:47:24,601.02,aud,Subscription update
ch_0001260,Paid,2022-04-06 20:22:46,350.89,aud,Subscription update
ch_0001261,Paid,2022-04-07 13:33:23,452.83,aud,IV League - Booking
ch_0001262,Paid,2022-04-07 15:14:43,194.8,aud,Subscription update
ch_0001263,Paid,2022-04-07 18:18:34,352.02,aud,Subscription update
ch_0001264,Paid,2022-04-07 18:55:36,390.93,aud,Initial consultation
ch_0001265,Paid,2022-04-07 19:27:24,579.03,aud,Subscription update
ch_0001266,Paid,2022-04-08 07:27:07,200.87,aud,Subscription update
ch_0001267,Paid,2022-04-09 14:00:41,629.48,aud,Subscription update
ch_0001268,Paid,2022-04-09 14:42:42,351.85,aud,Subscription update
ch_0001269,Paid,2022-04-10 07:58:16,205.27,aud,Subscription update
ch_0001270,Paid,2022-04-10 10:47:04,353.07,aud,Subscription creation
ch_0001271,Paid,2022-04-10 13:42:54,197.41,aud,Subscription update
ch_0001272,Paid,2022-04-10 17:22:28,334.27,aud,Subscription update
ch_0001273,Paid,2022-04-11 17:13:04,198.02,aud,Subscription update
ch_0001274,Paid,2022-04-12 08:14:24,245.6,aud,IV League - Booking
ch_0001275,Paid,2022-04-12 11:25:21,340.43,aud,Subscription update
ch_0001276,Paid,2022-04-12 13:25:42,199.43,aud,Subscription update
ch_0001277,Paid,2022-04-12 14:43:17,348.97,aud,Subscription update
ch_0001278,Paid,2022-04-12 15:32:28,604.82,aud,Subscription update
ch_0001279,Paid,2022-04-12 16:20:05,203.84,aud,Subscription creation
ch_0001280,Paid,2022-04-12 20:10:10,348.7,aud,Subscription update
ch_0001281,Paid,2022-04-13 10:10:46,598.9,aud,Subscription update
ch_0001282,Paid,2022-04-13 13:19:45,596.79,aud,Subscription update
ch_0001283,Paid,2022-04-14 13:27:43,599.92,aud,Subscription creation
ch_0001284,Paid,2022-04-14 15:30:01,202.55,aud,Subscription update
ch_0001285,Paid,2022-04-14 16:59:05,360.45,aud,Subscription update
ch_0001286,Paid,2022-04-14 19:10:55,353.03,aud,Subscription update
ch_0001287,Paid,2022-04-15 08:26:15,602.5,aud,Subscription update
ch_0001288,Paid,2022-04-15 08:41:42,350.2,aud,Subscription update
ch_0001289,Paid,2022-04-15 11:12:08,206.38,aud,Subscription update
ch_0001290,Paid,2022-04-15 13:51:50,197.38,aud,Subscription update
ch_0001291,Paid,2022-04-15 13:53:23,349.44,aud,Subscription update
ch_0001292,Paid,2022-04-15 17:01:15,195.26,aud,Subscription update
ch_0001293,Paid,2022-04-15 19:50:01,351.06,aud,Subscription update
ch_0001294,Paid,2022-04-16 07:17:17,347.73,aud,Subscription update
ch_0001295,Paid,2022-04-16 12:29:52,198.7,aud,Subscription update
ch_0001296,Paid,2022-04-16 16:08:16,195.55,aud,Subscription update
ch_0001297,Paid,2022-04-16 18:24:47,200.2,aud,Subscription update
ch_0001298,Paid,2022-04-16 18:48:53,607.64,aud,Subscription update
ch_0001299,Paid,2022-04-17 08:39:19,349.25,aud,Subscription update
ch_0001300,Paid,2022-04-17 08:51:49,202.9,aud,Subscription update
ch_0001301,Paid,2022-04-17 18:22:36,201.51,aud,Subscription update
ch_0001302,Paid,2022-04-18 06:01:39,202.36,aud,Subscription creation
ch_0001303,Paid,2022-04-18 06:57:52,193.32,aud,Subscription update
ch_0001304,Paid,2022-04-18 12:31:55,201.23,aud,Subscription update
ch_0001305,Paid,2022-04-19 09:06:25,205.65,aud,Subscription update
ch_0001306,Paid,2022-04-19 13:58:23,200.26,aud,Subscription update
ch_0001307,Paid,2022-04-20 07:00:28,603.5,aud,Subscription update
ch_0001308,Paid,2022-04-20 11:12:02,597.16,aud,Subscription update
ch_0001309,Paid,2022-04-20 11:27:03,341.71,aud,Subscription update
ch_0001310,Paid,2022-04-20 12:04:17,259.21,aud,IV League - Booking
ch_0001311,Paid,2022-04-20 17:54:51,347.58,aud,Subscription update
ch_0001312,Paid,2022-04-20 18:24:34,198.7,aud,Subscription update
ch_0001313,Paid,2022-04-20 20:40:28,193.57,aud,Subscription update
ch_0001314,Paid,2022-04-21 10:54:32,606.29,aud,Subscription update
ch_0001315,Paid,2022-04-22 06:42:33,193.25,aud,Subscription update
ch_0001316,Paid,2022-04-22 08:21:30,586.84,aud,Subscription update
ch_0001317,Paid,2022-04-22 08:50:24,201.0,aud,Subscription update
ch_0001318,Paid,2022-04-22 18:24:48,204.99,aud,Subscription update
ch_0001319,Paid,2022-04-23 08:55:41,346.3,aud,Subscription creation
ch_0001320,Paid,2022-04-24 12:20:16,193.5,aud,Subscription update
ch_0001321,Paid,2022-04-24 12:39:34,597.34,aud,Subscription update
ch_0001322,Paid,2022-04-24 15:27:59,308.27,aud,IV League - Booking
ch_0001323,Paid,2022-04-24 16:12:00,203.84,aud,Subscription update
ch_0001324,Paid,2022-04-24 19:38:54,287.61,aud,IV League - Booking
ch_0001325,Paid,2022-04-24 20:23:18,592.55,aud,Subscription update
ch_0001326,Paid,2022-04-25 09:26:38,206.13,aud,Subscription update
ch_0001327,Paid,2022-04-25 11:39:24,348.83,aud,Subscription update
ch_0001328,Paid,2022-04-25 12:42:25,204.21,aud,Subscription update
ch_0001329,Paid,2022-04-25 13:03:21,590.99,aud,Subscription update
ch_0001330,Paid,2022-04-26 06:50:22,200.74,aud,Subscription creation
ch_0001331,Paid,2022-04-26 15:16:51,346.27,aud,Subscription update
ch_0001332,Paid,2022-04-26 16:02:02,192.69,aud,Subscription update
ch_0001333,Paid,2022-04-26 18:25:27,2288.53,aud,Package initiation
ch_0001334,Paid,2022-04-28 10:52:10,600.35,aud,Subscription update
ch_0001335,Paid,2022-04-28 15:00:28,350.66,aud,Subscription update
ch_0001336,Paid,2022-04-28 15:23:14,340.47,aud,Subscription update
ch_0001337,Paid,2022-04-28 15:31:06,588.57,aud,Subscription update
ch_0001338,Paid,2022-04-28 16:06:42,196.68,aud,Subscription update
ch_0001339,Paid,2022-04-28 18:09:15,338.0,aud,IV League - Booking
ch_0001340,Paid,2022-04-29 08:47:47,350.54,aud,Subscription update
ch_0001341,Paid,2022-04-29 12:43:47,592.62,aud,Subscription creation
ch_0001342,Paid,2022-04-30 07:41:47,352.36,aud,Initial consultation
ch_0001343,Paid,2022-04-30 12:10:27,346.24,aud,Subscription update
ch_0001344,Paid,2022-04-30 15:15:17,200.18,aud,Subscription creation
ch_0001345,Paid,2022-04-30 16:27:28,342.69,aud,Subscription update
ch_0001346,Paid,2022-05-01 09:04:10,190.97,aud,Subscription update
ch_0001347,Paid,2022-05-01 12:54:57,196.57,aud,Subscription update
ch_0001348,Paid,2022-05-01 19:56:17,202.31,aud,Subscription update
ch_0001349,Paid,2022-05-02 11:13:26,598.02,aud,Subscription update
ch_0001350,Paid,2022-05-02 12:01:40,192.77,aud,Subscription update
ch_0001351,Paid,2022-05-03 13:26:18,608.18,aud,Subscription update
ch_0001352,Paid,2022-05-03 15:48:04,202.42,aud,Subscription update
ch_0001353,Paid,2022-05-03 16:52:13,606.48,aud,Subscription update
ch_0001354,Paid,2022-05-03 17:30:35,197.17,aud,Subscription update
ch_0001355,Paid,2022-05-04 11:02:57,196.13,aud,Subscription creation
ch_0001356,Paid,2022-05-04 12:10:37,585.27,aud,Subscription update
ch_0001357,Paid,2022-05-04 14:52:20,192.82,aud,Subscription update
ch_0001358,Paid,2022-05-04 18:55:14,581.08,aud,Subscription update
ch_0001359,Paid,2022-05-05 07:28:59,194.62,aud,Subscription update
ch_0001360,Paid,2022-05-05 11:30:01,192.5,aud,Subscription update
ch_0001361,Paid,2022-05-05 15:30:08,364.67,aud,Subscription update
ch_0001362,Paid,2022-05-05 16:09:04,201.1,aud,Subscription update
ch_0001363,Paid,2022-05-06 10:30:55,204.96,aud,Subscription creation
ch_0001364,Paid,2022-05-06 12:02:15,360.27,aud,Subscription creation
ch_0001365,Paid,2022-05-06 13:56:27,197.49,aud,Subscription update
ch_0001366,Paid,2022-05-06 17:26:49,194.62,aud,Subscription update
ch_0001367,Paid,2022-05-07 12:49:44,200.87,aud,Subscription update
ch_0001368,Paid,2022-05-07 15:15:43,348.86,aud,Subscription update
ch_0001369,Paid,2022-05-07 15:22:57,360.49,aud,Subscription update
ch_0001370,Paid,2022-05-08 06:22:29,335.68,aud,Subscription update
ch_0001371,Paid,2022-05-09 10:24:52,360.93,aud,Subscription update
ch_0001372,Paid,2022-05-09 11:43:39,202.13,aud,Subscription update
ch_0001373,Paid,2022-05-09 14:46:27,331.37,aud,Subscription update
ch_0001374,Paid,2022-05-09 16:09:57,345.89,aud,Subscription update
ch_0001375,Paid,2022-05-09 16:51:01,201.96,aud,Subscription update
ch_0001376,Paid,2022-05-10 08:13:49,757.65,aud,Invoice payment
ch_0001377,Paid,2022-05-10 16:51:53,198.69,aud,Subscription update
ch_0001378,Paid,2022-05-10 20:49:29,604.78,aud,Subscription update
ch_0001379,Paid,2022-05-11 07:26:56,203.09,aud,Subscription update
ch_0001380,Paid,2022-05-11 13:59:59,200.63,aud,Subscription update
ch_0001381,Paid,2022-05-11 18:18:05,1893.71,aud,Package initiation
ch_0001382,Paid,2022-05-11 19:10:46,337.56,aud,Subscription update
ch_0001383,Paid,2022-05-11 19:21:04,340.2,aud,Subscription update
ch_0001384,Paid,2022-05-12 14:36:34,198.08,aud,Subscription update
ch_0001385,Paid,2022-05-12 20:08:39,340.2,aud,Subscription update
ch_0001386,Paid,2022-05-13 11:07:08,1642.79,aud,Invoice payment
ch_0001387,Paid,2022-05-13 14:06:36,341.14,aud,Subscription update
ch_0001388,Paid,2022-05-13 14:33:12,181.66,aud,IV League - Booking
ch_0001389,Paid,2022-05-13 15:15:57,350.34,aud,Subscription update
ch_0001390,Paid,2022-05-14 06:02:40,202.43,aud,Subscription update
ch_0001391,Paid,2022-05-14 08:29:55,198.55,aud,Subscription update
ch_0001392,Paid,2022-05-14 10:58:24,357.76,aud,Subscription creation
ch_0001393,Paid,2022-05-14 13:17:24,199.55,aud,Subscription update
ch_0001394,Paid,2022-05-14 14:31:39,248.22,aud,IV League - Booking
ch_0001395,Paid,2022-05-15 07:23:43,207.57,aud,Subscription update
ch_0001396,Paid,2022-05-15 08:48:04,195.63,aud,Subscription update
ch_0001397,Paid,2022-05-15 09:46:59,197.18,aud,Subscription update
ch_0001398,Paid,2022-05-15 11:37:18,334.7,aud,Initial consultation
ch_0001399,Paid,2022-05-15 15:58:29,1821.39,aud,Package initiation
ch_0001400,Paid,2022-05-16 06:36:59,361.48,aud,Subscription update
ch_0001401,Paid,2022-05-16 08:10:17,340.26,aud,Subscription update
ch_0001402,Paid,2022-05-16 14:15:51,195.14,aud,Subscription creation
ch_0001403,Paid,2022-05-16 19:20:06,195.39,aud,Subscription update
ch_0001404,Paid,2022-05-16 20:32:34,341.46,aud,Subscription update
ch_0001405,Paid,2022-05-17 08:42:40,203.69,aud,Subscription update
ch_0001406,Paid,2022-05-17 12:37:12,198.86,aud,Subscription update
ch_0001407,Paid,2022-05-17 13:01:13,198.77,aud,Subscription update
ch_0001408,Paid,2022-05-17 16:16:58,359.54,aud,Subscription update
ch_0001409,Paid,2022-05-17 19:19:56,197.67,aud,Subscription update
ch_0001410,Paid,2022-05-17 19:42:38,198.57,aud,Subscription update
ch_0001411,Paid,2022-05-17 20:07:44,292.22,aud,Initial consultation
ch_0001412,Paid,2022-05-18 06:46:20,197.23,aud,Subscription update
ch_0001413,Paid,2022-05-18 10:38:37,195.75,aud,Subscription update
ch_0001414,Paid,2022-05-18 13:35:18,355.98,aud,Subscription update
ch_0001415,Paid,2022-05-18 20:07:13,196.28,aud,Subscription update
ch_0001416,Paid,2022-05-19 06:58:22,198.23,aud,Subscription creation
ch_0001417,Paid,2022-05-19 08:35:51,359.15,aud,Subscription creation
ch_0001418,Paid,2022-05-19 10:11:54,203.67,aud,Subscription update
ch_0001419,Paid,2022-05-19 12:01:29,179.93,aud,IV League - Booking
ch_0001420,Paid,2022-05-19 12:23:42,602.51,aud,Subscription update
ch_0001421,Paid,2022-05-19 15:11:11,199.25,aud,Subscription update
ch_0001422,Paid,2022-05-19 20:19:52,202.84,aud,Subscription update
ch_0001423,Paid,2022-05-20 11:06:43,198.11,aud,Subscription update
ch_0001424,Paid,2022-05-20 12:41:49,353.53,aud,Subscription update
ch_0001425,Paid,2022-05-20 18:48:31,199.89,aud,Subscription update
ch_0001426,Paid,2022-05-21 06:49:23,353.46,aud,Subscription update
ch_0001427,Paid,2022-05-21 12:23:47,342.6,aud,Subscription update
ch_0001428,Paid,2022-05-21 13:04:44,605.92,aud,Subscription update
ch_0001429,Paid,2022-05-21 14:17:08,344.53,aud,Subscription update
ch_0001430,Paid,2022-05-21 15:54:18,355.1,aud,Subscription update
ch_0001431,Paid,2022-05-21 17:14:52,351.53,aud,Subscription update
ch_0001432,Paid,2022-05-21 17:51:39,201.48,aud,Subscription update
ch_0001433,Paid,2022-05-22 08:00:33,359.0,aud,Subscription creation
ch_0001434,Paid,2022-05-22 09:31:04,351.86,aud,Subscription update
ch_0001435,Paid,2022-05-22 12:42:34,170.5,aud,IV League - Booking
ch_0001436,Paid,2022-05-22 17:58:23,602.46,aud,Subscription update
ch_0001437,Paid,2022-05-23 10:43:09,581.25,aud,Subscription update
ch_0001438,Paid,2022-05-23 17:33:50,350.78,aud,Subscription update
ch_0001439,Paid,2022-05-24 09:40:56,200.96,aud,Subscription update
ch_0001440,Paid,2022-05-24 10:43:25,191.93,aud,Subscription update
ch_0001441,Paid,2022-05-24 14:15:26,232.75,aud,IV League - Booking
ch_0001442,Paid,2022-05-24 19:27:48,341.67,aud,Subscription creation
ch_0001443,Paid,2022-05-24 19:49:48,199.17,aud,Subscription update
ch_0001444,Paid,2022-05-25 07:56:10,358.56,aud,Subscription update
ch_0001445,Paid,2022-05-25 14:18:00,341.2,aud,Subscription update
ch_0001446,Paid,2022-05-25 15:30:23,201.66,aud,Subscription creation
ch_0001447,Paid,2022-05-26 07:31:17,346.35,aud,Subscription update
ch_0001448,Paid,2022-05-26 14:29:32,362.04,aud,Initial consultation
ch_0001449,Paid,2022-05-26 14:37:27,1791.38,aud,Package initiation
ch_0001450,Paid,2022-05-27 07:10:28,589.07,aud,Subscription update
ch_0001451,Paid,2022-05-27 08:11:37,355.98,aud,Subscription update
ch_0001452,Paid,2022-05-27 16:31:01,354.53,aud,Subscription update
ch_0001453,Paid,2022-05-27 17:45:25,580.49,aud,Subscription update
ch_0001454,Paid,2022-05-28 07:58:29,357.42,aud,Subscription update
ch_0001455,Paid,2022-05-28 11:55:27,1773.06,aud,Package initiation
ch_0001456,Paid,2022-05-28 19:19:47,362.42,aud,Subscription update
ch_0001457,Paid,2022-05-29 06:27:03,345.89,aud,Subscription update
ch_0001458,Paid,2022-05-29 08:12:20,196.21,aud,Subscription update
ch_0001459,Paid,2022-05-29 11:37:05,198.45,aud,Subscription update
ch_0001460,Paid,2022-05-30 07:02:28,348.46,aud,Subscription creation
ch_0001461,Paid,2022-05-30 07:31:47,197.48,aud,Subscription update
ch_0001462,Paid,2022-05-30 08:51:28,339.82,aud,Subscription update
ch_0001463,Paid,2022-05-30 10:07:25,415.44,aud,IV League - Booking
ch_0001464,Paid,2022-05-30 11:43:52,205.78,aud,Subscription update
ch_0001465,Paid,2022-05-30 12:58:29,351.09,aud,Subscription update
ch_0001466,Paid,2022-05-30 13:01:23,362.21,aud,Subscription update
ch_0001467,Paid,2022-05-31 11:58:42,202.56,aud,Subscription creation
ch_0001468,Paid,2022-05-31 13:46:48,185.59,aud,IV League - Booking
ch_0001469,Paid,2022-05-31 15:01:05,203.3,aud,Subscription creation
ch_0001470,Paid,2022-06-01 13:14:29,619.13,aud,Subscription update
ch_0001471,Paid,2022-06-01 13:20:51,340.91,aud,Subscription update
ch_0001472,Paid,2022-06-01 19:30:15,198.17,aud,Subscription update
ch_0001473,Paid,2022-06-02 19:39:04,354.72,aud,Subscription update
ch_0001474,Paid,2022-06-02 20:47:52,348.0,aud,Subscription update
ch_0001475,Paid,2022-06-03 06:46:17,346.66,aud,Subscription update
ch_0001476,Paid,2022-06-03 07:44:36,356.67,aud,Subscription creation
ch_0001477,Paid,2022-06-03 07:52:07,348.57,aud,Subscription creation
ch_0001478,Paid,2022-06-03 11:09:24,200.9,aud,Subscription update
ch_0001479,Paid,2022-06-03 11:26:38,357.08,aud,Subscription update
ch_0001480,Paid,2022-06-03 15:10:12,625.84,aud,Subscription update
ch_0001481,Paid,2022-06-04 10:34:36,342.06,aud,Subscription update
ch_0001482,Paid,2022-06-04 10:46:28,592.23,aud,Subscription update
ch_0001483,Paid,2022-06-04 15:39:28,203.68,aud,Subscription update
ch_0001484,Paid,2022-06-04 16:13:31,635.4,aud,Subscription update
ch_0001485,Paid,2022-06-05 10:08:37,201.05,aud,Subscription update
ch_0001486,Paid,2022-06-05 10:09:36,356.88,aud,Subscription update
ch_0001487,Paid,2022-06-05 13:54:30,220.75,aud,IV League - Booking
ch_0001488,Paid,2022-06-06 06:56:33,198.32,aud,Subscription update
ch_0001489,Paid,2022-06-06 09:23:53,200.33,aud,Subscription update
ch_0001490,Paid,2022-06-06 12:39:41,199.55,aud,Subscription update
ch_0001491,Paid,2022-06-07 09:09:59,582.15,aud,Subscription update
ch_0001492,Paid,2022-06-07 10:20:13,359.14,aud,Subscription update
ch_0001493,Paid,2022-06-07 14:10:10,202.9,aud,Subscription creation
ch_0001494,Paid,2022-06-07 15:01:47,608.71,aud,Subscription creation
ch_0001495,Paid,2022-06-07 16:28:07,192.62,aud,Subscription update
ch_0001496,Paid,2022-06-07 19:06:01,200.01,aud,Subscription update
ch_0001497,Paid,2022-06-07 20:47:43,197.3,aud,Subscription update
ch_0001498,Paid,2022-06-07 20:59:53,363.98,aud,Subscription update
ch_0001499,Paid,2022-06-08 07:52:25,338.4,aud,Subscription creation
ch_0001500,Paid,2022-06-08 10:03:21,594.85,aud,Subscription update
ch_0001501,Paid,2022-06-08 11:09:17,600.1,aud,Subscription update
ch_0001502,Paid,2022-06-08 11:31:04,197.94,aud,Subscription update
ch_0001503,Paid,2022-06-08 13:18:49,194.11,aud,Subscription creation
ch_0001504,Paid,2022-06-08 13:52:56,201.63,aud,Subscription update
ch_0001505,Paid,2022-06-08 13:57:40,199.75,aud,Subscription update
ch_0001506,Paid,2022-06-08 14:59:41,592.17,aud,Subscription update
ch_0001507,Paid,2022-06-09 10:44:09,198.01,aud,Subscription update
ch_0001508,Paid,2022-06-09 19:24:09,202.07,aud,Subscription update
ch_0001509,Paid,2022-06-09 20:25:51,200.6,aud,Subscription update
ch_0001510,Paid,2022-06-09 20:59:43,348.94,aud,Subscription update
ch_0001511,Paid,2022-06-10 12:30:54,344.31,aud,Subscription creation
ch_0001512,Paid,2022-06-11 06:35:43,192.58,aud,Subscription update
ch_0001513,Paid,2022-06-11 08:30:44,199.75,aud,Subscription update
ch_0001514,Paid,2022-06-11 08:57:46,340.5,aud,Subscription creation
ch_0001515,Paid,2022-06-11 13:09:05,194.57,aud,Subscription update
ch_0001516,Paid,2022-06-11 14:08:21,343.3,aud,Subscription creation
ch_0001517,Paid,2022-06-11 16:27:42,195.95,aud,Subscription update
ch_0001518,Paid,2022-06-11 17:48:03,196.02,aud,Subscription update
ch_0001519,Paid,2022-06-12 07:36:33,340.37,aud,Subscription update
ch_0001520,Paid,2022-06-12 11:23:13,198.04,aud,Subscription update
ch_0001521,Paid,2022-06-12 19:39:15,2051.7,aud,Package initiation
ch_0001522,Paid,2022-06-12 20:08:42,198.1,aud,Subscription update
ch_0001523,Paid,2022-06-13 06:14:21,194.09,aud,Subscription update
ch_0001524,Paid,2022-06-13 06:33:41,599.53,aud,Subscription update
ch_0001525,Paid,2022-06-13 14:14:40,597.52,aud,Subscription update
ch_0001526,Paid,2022-06-13 15:33:35,348.82,aud,Subscription update
ch_0001527,Paid,2022-06-13 15:50:23,351.96,aud,Subscription update
ch_0001528,Paid,2022-06-13 16:57:47,197.54,aud,Subscription update
ch_0001529,Paid,2022-06-13 17:45:17,195.83,aud,Subscription update
ch_0001530,Paid,2022-06-14 06:39:22,586.14,aud,Subscription update
ch_0001531,Paid,2022-06-14 11:41:41,201.81,aud,Subscription update
ch_0001532,Paid,2022-06-14 11:54:50,205.73,aud,Subscription creation
ch_0001533,Paid,2022-06-14 12:10:53,191.51,aud,Subscription creation
ch_0001534,Paid,2022-06-14 14:50:32,200.05,aud,Subscription update
ch_0001535,Paid,2022-06-14 15:21:16,197.33,aud,Subscription update
ch_0001536,Paid,2022-06-14 16:01:40,201.09,aud,Subscription update
ch_0001537,Paid,2022-06-16 06:41:22,191.18,aud,Subscription update
ch_0001538,Paid,2022-06-16 08:14:32,200.12,aud,Subscription update
ch_0001539,Paid,2022-06-16 10:08:24,350.8,aud,Subscription update
ch_0001540,Paid,2022-06-16 14:38:00,196.32,aud,Subscription update
ch_0001541,Paid,2022-06-17 10:20:48,195.79,aud,Subscription update
ch_0001542,Paid,2022-06-17 16:06:30,352.86,aud,Subscription update
ch_0001543,Paid,2022-06-17 16:21:58,196.25,aud,Subscription update
ch_0001544,Paid,2022-06-17 17:12:42,603.61,aud,Subscription update
ch_0001545,Paid,2022-06-18 08:16:34,194.49,aud,Subscription update
ch_0001546,Paid,2022-06-19 08:02:48,199.08,aud,Subscription update
ch_0001547,Paid,2022-06-19 11:09:36,201.24,aud,Subscription update
ch_0001548,Paid,2022-06-19 11:10:28,362.96,aud,Subscription update
ch_0001549,Paid,2022-06-19 12:01:07,197.54,aud,Subscription update
ch_0001550,Paid,2022-06-19 12:16:26,199.88,aud,Subscription update
ch_0001551,Paid,2022-06-19 13:07:58,199.99,aud,Subscription update
ch_0001552,Paid,2022-06-19 14:48:42,360.78,aud,Subscription update
ch_0001553,Paid,2022-06-19 20:40:36,355.59,aud,Subscription update
ch_0001554,Paid,2022-06-20 19:57:40,356.03,aud,Subscription update
ch_0001555,Paid,2022-06-20 20:37:39,597.57,aud,Subscription update
ch_0001556,Paid,2022-06-21 06:02:28,194.25,aud,Subscription creation
ch_0001557,Paid,2022-06-21 16:11:32,199.06,aud,Subscription update
ch_0001558,Paid,2022-06-22 13:57:39,595.82,aud,Subscription update
ch_0001559,Paid,2022-06-22 15:14:40,834.65,aud,Longevity panel
ch_0001560,Paid,2022-06-22 16:30:42,345.54,aud,Subscription update
ch_0001561,Paid,2022-06-22 20:11:27,346.46,aud,Subscription update
ch_0001562,Paid,2022-06-22 20:14:56,1985.43,aud,Invoice payment
ch_0001563,Paid,2022-06-23 06:54:55,1535.37,aud,Invoice payment
ch_0001564,Paid,2022-06-23 15:02:02,345.65,aud,Subscription update
ch_0001565,Paid,2022-06-23 19:28:01,198.7,aud,Subscription update
ch_0001566,Paid,2022-06-24 08:30:12,335.9,aud,Subscription creation
ch_0001567,Paid,2022-06-24 11:46:08,349.0,aud,Subscription update
ch_0001568,Paid,2022-06-24 12:22:35,190.81,aud,Subscription update
ch_0001569,Paid,2022-06-24 16:23:59,332.48,aud,Initial consultation
ch_0001570,Paid,2022-06-25 18:28:03,360.31,aud,Subscription update
ch_0001571,Paid,2022-06-25 20:52:10,2509.12,aud,Package initiation
ch_0001572,Paid,2022-06-26 06:51:06,200.71,aud,Subscription update
ch_0001573,Paid,2022-06-26 11:04:55,611.8,aud,Subscription update
ch_0001574,Paid,2022-06-26 16:11:25,602.48,aud,Subscription creation
ch_0001575,Paid,2022-06-27 16:24:37,200.88,aud,Subscription update
ch_0001576,Paid,2022-06-28 06:09:11,360.73,aud,Subscription update
ch_0001577,Paid,2022-06-28 08:26:43,199.91,aud,Subscription creation
ch_0001578,Paid,2022-06-28 13:12:41,337.37,aud,Subscription update
ch_0001579,Paid,2022-06-28 14:05:08,193.86,aud,Subscription creation
ch_0001580,Paid,2022-06-29 06:09:12,583.22,aud,Subscription update
ch_0001581,Paid,2022-06-29 06:38:09,589.0,aud,Subscription creation
ch_0001582,Paid,2022-06-29 13:47:29,338.88,aud,Subscription update
ch_0001583,Paid,2022-06-29 16:50:57,337.42,aud,Subscription update
ch_0001584,Paid,2022-06-29 17:06:47,349.19,aud,Subscription update
ch_0001585,Paid,2022-06-29 20:13:39,199.29,aud,Subscription update
ch_0001586,Paid,2022-06-29 20:47:52,611.08,aud,Subscription update
ch_0001587,Paid,2022-06-30 06:05:00,355.41,aud,Subscription update
ch_0001588,Paid,2022-06-30 07:19:50,351.51,aud,Subscription update
ch_0001589,Paid,2022-06-30 10:34:40,1034.49,aud,Invoice payment
ch_0001590,Paid,2022-06-30 19:04:34,202.86,aud,Subscription update
ch_0001591,Paid,2022-07-01 08:22:30,607.85,aud,Subscription creation
ch_0001592,Paid,2022-07-01 16:26:14,202.59,aud,Subscription update
ch_0001593,Paid,2022-07-01 16:41:35,197.76,aud,Subscription update
ch_0001594,Paid,2022-07-01 20:34:51,199.32,aud,Subscription update
ch_0001595,Paid,2022-07-02 09:24:31,339.86,aud,Subscription update
ch_0001596,Paid,2022-07-02 11:09:32,197.25,aud,Subscription creation
ch_0001597,Paid,2022-07-02 14:42:03,195.76,aud,Subscription update
ch_0001598,Paid,2022-07-03 06:47:55,345.26,aud,Subscription update
ch_0001599,Paid,2022-07-03 17:19:16,203.12,aud,Subscription update
ch_0001600,Paid,2022-07-03 18:12:55,599.24,aud,Subscription update
ch_0001601,Paid,2022-07-03 19:12:32,344.93,aud,Subscription update
ch_0001602,Paid,2022-07-04 06:20:08,601.81,aud,Subscription creation
ch_0001603,Paid,2022-07-04 07:24:59,352.71,aud,Subscription update
ch_0001604,Paid,2022-07-06 09:42:51,195.68,aud,Subscription update
ch_0001605,Paid,2022-07-06 16:18:12,197.28,aud,Subscription update
ch_0001606,Paid,2022-07-06 16:41:34,200.85,aud,Subscription update
ch_0001607,Paid,2022-07-06 17:48:41,348.32,aud,Subscription update
ch_0001608,Paid,2022-07-06 20:20:07,584.79,aud,Subscription update
ch_0001609,Paid,2022-07-07 07:51:18,357.1,aud,Subscription update
ch_0001610,Paid,2022-07-07 07:54:16,353.95,aud,Subscription update
ch_0001611,Paid,2022-07-07 09:29:02,304.36,aud,IV League - Booking
ch_0001612,Paid,2022-07-07 09:41:20,1841.16,aud,Package initiation
ch_0001613,Paid,2022-07-07 11:02:07,202.7,aud,Subscription update
ch_0001614,Paid,2022-07-07 18:36:05,202.93,aud,Subscription update
ch_0001615,Paid,2022-07-07 19:26:43,612.32,aud,Subscription update
ch_0001616,Paid,2022-07-08 06:38:03,204.53,aud,Subscription update
ch_0001617,Paid,2022-07-08 09:38:49,202.41,aud,Subscription update
ch_0001618,Paid,2022-07-08 12:07:05,343.18,aud,Subscription update
ch_0001619,Paid,2022-07-08 12:24:42,352.25,aud,Subscription update
ch_0001620,Paid,2022-07-08 12:37:45,342.33,aud,Subscription update
ch_0001621,Paid,2022-07-08 17:45:27,198.8,aud,Subscription update
ch_0001622,Paid,2022-07-08 19:43:00,201.33,aud,Subscription update
ch_0001623,Paid,2022-07-09 09:23:54,192.34,aud,Subscription update
ch_0001624,Paid,2022-07-09 16:34:19,258.59,aud,Initial consultation
ch_0001625,Paid,2022-07-09 16:49:15,193.67,aud,Subscription update
ch_0001626,Paid,2022-07-10 10:17:23,199.55,aud,Subscription update
ch_0001627,Paid,2022-07-11 07:22:51,588.06,aud,Subscription update
ch_0001628,Paid,2022-07-11 09:47:31,353.96,aud,Subscription update
ch_0001629,Paid,2022-07-11 14:02:05,202.96,aud,Subscription update
ch_0001630,Paid,2022-07-11 15:56:36,202.62,aud,Subscription update
ch_0001631,Paid,2022-07-11 17:49:01,198.97,aud,Subscription update
ch_0001632,Paid,2022-07-12 14:57:12,199.54,aud,Subscription update
ch_0001633,Paid,2022-07-12 17:38:43,200.4,aud,Subscription creation
ch_0001634,Paid,2022-07-13 07:55:40,200.71,aud,Subscription update
ch_0001635,Paid,2022-07-13 13:03:06,248.85,aud,IV League - Booking
ch_0001636,Paid,2022-07-14 13:57:12,346.79,aud,Subscription update
ch_0001637,Paid,2022-07-15 08:06:02,200.26,aud,Subscription update
ch_0001638,Paid,2022-07-15 08:42:34,198.27,aud,Subscription update
ch_0001639,Paid,2022-07-15 08:59:07,197.39,aud,Subscription update
ch_0001640,Paid,2022-07-15 09:38:57,201.86,aud,Subscription update
ch_0001641,Paid,2022-07-15 14:02:51,338.33,aud,Subscription update
ch_0001642,Paid,2022-07-15 17:15:25,598.33,aud,Subscription update
ch_0001643,Paid,2022-07-16 06:26:31,195.08,aud,Subscription update
ch_0001644,Paid,2022-07-16 09:47:19,1269.06,aud,Invoice payment
ch_0001645,Paid,2022-07-16 13:36:39,589.18,aud,Subscription update
ch_0001646,Paid,2022-07-16 13:38:23,189.25,aud,Subscription update
ch_0001647,Paid,2022-07-16 17:17:27,356.04,aud,Subscription creation
ch_0001648,Paid,2022-07-17 06:21:13,204.38,aud,Subscription update
ch_0001649,Paid,2022-07-17 07:46:59,196.38,aud,Subscription update
ch_0001650,Paid,2022-07-17 11:24:05,603.95,aud,Subscription update
ch_0001651,Paid,2022-07-17 14:21:12,343.79,aud,Subscription update
ch_0001652,Paid,2022-07-17 17:32:21,209.93,aud,Subscription update
ch_0001653,Paid,2022-07-17 18:59:06,349.77,aud,Subscription update
ch_0001654,Paid,2022-07-17 20:56:25,577.03,aud,Subscription update
ch_0001655,Paid,2022-07-18 06:56:46,354.22,aud,Subscription update
ch_0001656,Paid,2022-07-18 13:27:10,600.05,aud,Subscription update
ch_0001657,Paid,2022-07-18 20:40:19,200.94,aud,Subscription update
ch_0001658,Paid,2022-07-19 07:52:31,194.58,aud,Subscription update
ch_0001659,Paid,2022-07-19 09:58:26,206.12,aud,Subscription update
ch_0001660,Paid,2022-07-19 14:29:28,348.5,aud,Subscription creation
ch_0001661,Paid,2022-07-19 14:52:52,203.45,aud,Subscription update
ch_0001662,Paid,2022-07-19 15:28:19,195.75,aud,Subscription update
ch_0001663,Paid,2022-07-19 17:56:58,336.09,aud,Subscription update
ch_0001664,Paid,2022-07-20 08:35:59,339.4,aud,Subscription update
ch_0001665,Paid,2022-07-20 08:44:50,196.04,aud,Subscription update
ch_0001666,Paid,2022-07-20 17:52:31,318.78,aud,IV League - Booking
ch_0001667,Paid,2022-07-20 19:43:56,199.26,aud,Subscription update
ch_0001668,Paid,2022-07-21 06:20:00,200.78,aud,Subscription update
ch_0001669,Paid,2022-07-21 10:41:03,591.08,aud,Subscription creation
ch_0001670,Paid,2022-07-21 10:51:23,610.17,aud,Subscription update
ch_0001671,Paid,2022-07-21 17:56:35,199.79,aud,Subscription update
ch_0001672,Paid,2022-07-21 19:27:37,201.28,aud,Subscription update
ch_0001673,Paid,2022-07-22 07:18:03,204.57,aud,Subscription update
ch_0001674,Paid,2022-07-22 07:20:39,335.57,aud,Subscription update
ch_0001675,Paid,2022-07-22 11:43:53,595.24,aud,Subscription update
ch_0001676,Paid,2022-07-22 18:12:20,197.43,aud,Subscription update
ch_0001677,Paid,2022-07-23 13:59:19,201.13,aud,Subscription update
ch_0001678,Paid,2022-07-23 14:48:02,198.47,aud,Subscription update
ch_0001679,Paid,2022-07-23 14:48:45,205.82,aud,Subscription update
ch_0001680,Paid,2022-07-23 15:42:56,346.75,aud,Subscription update
ch_0001681,Paid,2022-07-23 17:28:41,205.62,aud,Subscription update
ch_0001682,Paid,2022-07-23 19:33:23,356.75,aud,Subscription update
ch_0001683,Paid,2022-07-24 09:49:41,193.11,aud,Subscription update
ch_0001684,Paid,2022-07-24 11:43:18,349.17,aud,Subscription creation
ch_0001685,Refunded,2022-07-24 14:41:56,349.0,aud,Subscription update
ch_0001686,Paid,2022-07-25 06:04:27,636.54,aud,Subscription update
ch_0001687,Paid,2022-07-25 12:13:48,336.89,aud,Subscription update
ch_0001688,Paid,2022-07-25 15:22:09,193.27,aud,Subscription update
ch_0001689,Paid,2022-07-25 16:14:25,198.86,aud,Subscription update
ch_0001690,Paid,2022-07-25 16:40:03,198.47,aud,Subscription update
ch_0001691,Paid,2022-07-25 20:27:42,412.42,aud,Initial consultation
ch_0001692,Paid,2022-07-25 20:55:42,201.4,aud,Subscription update
ch_0001693,Paid,2022-07-26 06:58:25,201.42,aud,Subscription update
ch_0001694,Paid,2022-07-26 12:31:15,206.46,aud,Subscription update
ch_0001695,Paid,2022-07-26 14:39:18,244.31,aud,IV League - Booking
ch_0001696,Paid,2022-07-26 15:01:13,193.12,aud,Subscription update
ch_0001697,Paid,2022-07-26 15:23:23,196.81,aud,Subscription update
ch_0001698,Paid,2022-07-26 16:21:21,201.72,aud,Subscription update
ch_0001699,Paid,2022-07-27 11:15:57,200.15,aud,Subscription update
ch_0001700,Paid,2022-07-27 14:27:12,196.15,aud,Subscription update
ch_0001701,Paid,2022-07-27 18:32:02,197.44,aud,Subscription update
ch_0001702,Paid,2022-07-28 08:46:54,198.93,aud,Subscription update
ch_0001703,Paid,2022-07-28 12:09:26,202.41,aud,Subscription creation
ch_0001704,Paid,2022-07-28 16:25:17,346.2,aud,Subscription update
ch_0001705,Paid,2022-07-28 16:43:07,350.51,aud,Subscription update
ch_0001706,Paid,2022-07-28 19:40:59,202.83,aud,Subscription update
ch_0001707,Paid,2022-07-29 08:57:10,354.35,aud,Subscription update
ch_0001708,Paid,2022-07-29 09:55:36,359.09,aud,Subscription update
ch_0001709,Paid,2022-07-29 10:01:59,198.87,aud,Subscription update
ch_0001710,Paid,2022-07-30 07:56:03,205.97,aud,Subscription update
ch_0001711,Paid,2022-07-30 14:03:17,197.33,aud,Subscription update
ch_0001712,Paid,2022-07-30 15:33:43,350.9,aud,Subscription update
ch_0001713,Paid,2022-07-30 17:33:22,198.34,aud,Subscription update
ch_0001714,Paid,2022-07-30 18:11:21,202.34,aud,Subscription creation
ch_0001715,Paid,2022-07-30 18:37:08,196.3,aud,Subscription update
ch_0001716,Paid,2022-07-30 19:13:43,600.53,aud,Subscription update
ch_0001717,Paid,2022-07-31 08:24:36,193.57,aud,Subscription update
ch_0001718,Paid,2022-07-31 12:22:09,1095.47,aud,Longevity panel
ch_0001719,Paid,2022-07-31 17:00:00,181.8,aud,IV League - Booking
ch_0001720,Paid,2022-07-31 17:24:06,364.49,aud,Subscription update
ch_0001721,Paid,2022-07-31 18:48:05,355.92,aud,Subscription update
ch_0001722,Paid,2022-08-01 14:17:26,199.31,aud,Subscription update
ch_0001723,Paid,2022-08-01 17:22:03,344.62,aud,Subscription update
ch_0001724,Paid,2022-08-01 17:48:55,1631.35,aud,Invoice payment
ch_0001725,Paid,2022-08-02 06:58:05,198.95,aud,Subscription update
ch_0001726,Paid,2022-08-02 19:29:31,197.33,aud,Subscription update
ch_0001727,Paid,2022-08-03 09:12:03,203.83,aud,Subscription update
ch_0001728,Paid,2022-08-03 11:04:31,199.19,aud,Subscription update
ch_0001729,Paid,2022-08-03 14:51:29,579.08,aud,Subscription update
ch_0001730,Paid,2022-08-03 16:13:45,353.39,aud,Subscription update
ch_0001731,Paid,2022-08-04 06:01:03,194.75,aud,Subscription update
ch_0001732,Paid,2022-08-04 07:00:41,198.08,aud,Subscription creation
ch_0001733,Paid,2022-08-04 07:22:18,197.13,aud,Subscription creation
ch_0001734,Paid,2022-08-04 12:47:59,193.75,aud,Subscription update
ch_0001735,Paid,2022-08-04 12:58:45,203.32,aud,Subscription update
ch_0001736,Paid,2022-08-04 15:37:06,357.13,aud,Subscription update
ch_0001737,Paid,2022-08-04 20:26:36,191.01,aud,IV League - Booking
ch_0001738,Paid,2022-08-04 20:27:16,199.76,aud,Subscription update
ch_0001739,Paid,2022-08-05 11:20:20,198.28,aud,Subscription update
ch_0001740,Paid,2022-08-05 14:55:20,1372.86,aud,Invoice payment
ch_0001741,Paid,2022-08-05 18:29:33,353.01,aud,Subscription update
ch_0001742,Paid,2022-08-06 08:05:56,597.27,aud,Subscription update
ch_0001743,Paid,2022-08-06 18:07:31,201.91,aud,Subscription update
ch_0001744,Paid,2022-08-06 19:26:36,584.56,aud,Subscription update
ch_0001745,Paid,2022-08-07 06:16:07,602.98,aud,Subscription update
ch_0001746,Paid,2022-08-07 06:25:17,199.28,aud,Subscription creation
ch_0001747,Paid,2022-08-07 09:10:39,206.38,aud,Subscription update
ch_0001748,Paid,2022-08-07 09:45:43,606.0,aud,Subscription update
ch_0001749,Paid,2022-08-07 12:55:27,344.95,aud,Subscription creation
ch_0001750,Paid,2022-08-07 14:12:01,578.52,aud,Subscription update
ch_0001751,Paid,2022-08-07 14:45:58,199.7,aud,Subscription creation
ch_0001752,Paid,2022-08-07 15:40:02,192.88,aud,Subscription update
ch_0001753,Paid,2022-08-07 16:44:10,194.81,aud,Subscription update
ch_0001754,Paid,2022-08-07 16:57:45,578.37,aud,Subscription update
ch_0001755,Paid,2022-08-08 09:24:34,194.89,aud,Subscription update
ch_0001756,Paid,2022-08-08 10:12:37,578.18,aud,Subscription update
ch_0001757,Paid,2022-08-08 14:44:00,447.53,aud,IV League - Booking
ch_0001758,Paid,2022-08-08 18:36:53,196.51,aud,Subscription update
ch_0001759,Paid,2022-08-08 20:21:07,350.07,aud,Subscription update
ch_0001760,Paid,2022-08-09 06:08:39,347.59,aud,Subscription update
ch_0001761,Paid,2022-08-09 07:42:18,199.32,aud,Subscription update
ch_0001762,Paid,2022-08-09 08:01:49,352.17,aud,Subscription creation
ch_0001763,Paid,2022-08-09 12:52:56,356.28,aud,Subscription creation
ch_0001764,Paid,2022-08-09 15:19:40,607.33,aud,Subscription update
ch_0001765,Paid,2022-08-09 20:01:29,599.49,aud,Subscription creation
ch_0001766,Paid,2022-08-10 06:30:27,312.39,aud,IV League - Booking
ch_0001767,Paid,2022-08-10 08:45:26,199.36,aud,Subscription update
ch_0001768,Paid,2022-08-10 10:35:04,326.44,aud,IV League - Booking
ch_0001769,Paid,2022-08-10 11:02:06,208.01,aud,Subscription update
ch_0001770,Paid,2022-08-10 12:36:50,205.83,aud,Subscription update
ch_0001771,Paid,2022-08-11 06:54:23,198.91,aud,Subscription creation
ch_0001772,Paid,2022-08-11 16:18:29,194.28,aud,Subscription update
ch_0001773,Paid,2022-08-11 18:14:35,980.12,aud,Package initiation
ch_0001774,Paid,2022-08-11 19:24:27,599.85,aud,Subscription update
ch_0001775,Paid,2022-08-12 08:17:02,202.97,aud,Subscription update
ch_0001776,Paid,2022-08-12 10:46:13,201.18,aud,Subscription update
ch_0001777,Paid,2022-08-12 11:34:36,1986.03,aud,Invoice payment
ch_0001778,Paid,2022-08-12 16:55:35,591.59,aud,Subscription update
ch_0001779,Paid,2022-08-13 08:11:37,347.61,aud,Subscription update
ch_0001780,Paid,2022-08-13 13:17:04,197.81,aud,Subscription update
ch_0001781,Paid,2022-08-13 19:41:39,205.56,aud,Subscription update
ch_0001782,Paid,2022-08-14 07:01:37,204.43,aud,Subscription update
ch_0001783,Paid,2022-08-14 10:46:11,591.24,aud,Subscription update
ch_0001784,Paid,2022-08-14 11:58:02,350.13,aud,Subscription update
ch_0001785,Paid,2022-08-15 09:30:18,352.02,aud,Subscription update
ch_0001786,Paid,2022-08-15 12:09:39,345.89,aud,Subscription update
ch_0001787,Paid,2022-08-15 15:59:50,198.17,aud,Subscription update
ch_0001788,Paid,2022-08-15 17:26:36,600.89,aud,Subscription update
ch_0001789,Paid,2022-08-16 07:18:03,196.04,aud,Subscription update
ch_0001790,Paid,2022-08-16 12:34:14,205.75,aud,Subscription update
ch_0001791,Paid,2022-08-17 06:57:30,341.04,aud,Subscription update
ch_0001792,Paid,2022-08-17 08:56:13,251.78,aud,IV League - Booking
ch_0001793,Paid,2022-08-17 09:12:23,195.18,aud,Subscription update
ch_0001794,Paid,2022-08-17 10:24:57,588.31,aud,Subscription update
ch_0001795,Paid,2022-08-17 14:21:18,205.87,aud,Subscription update
ch_0001796,Paid,2022-08-17 15:47:10,196.39,aud,Subscription update
ch_0001797,Paid,2022-08-18 11:42:54,1061.94,aud,Package initiation
ch_0001798,Paid,2022-08-18 14:49:27,195.35,aud,Subscription update
ch_0001799,Paid,2022-08-18 17:11:30,188.61,aud,Subscription update
ch_0001800,Paid,2022-08-19 07:47:04,198.85,aud,Subscription update
ch_0001801,Paid,2022-08-19 09:30:09,355.26,aud,Subscription update
ch_0001802,Paid,2022-08-19 10:49:24,589.88,aud,Subscription creation
ch_0001803,Paid,2022-08-19 13:20:32,351.52,aud,Subscription update
ch_0001804,Paid,2022-08-19 13:31:35,195.9,aud,Subscription update
ch_0001805,Paid,2022-08-19 13:45:33,241.35,aud,IV League - Booking
ch_0001806,Paid,2022-08-19 14:02:54,495.31,aud,IV League - Booking
ch_0001807,Paid,2022-08-19 14:30:46,1789.89,aud,Package initiation
ch_0001808,Paid,2022-08-19 19:53:04,617.43,aud,Subscription update
ch_0001809,Paid,2022-08-20 10:10:16,200.73,aud,Subscription update
ch_0001810,Paid,2022-08-20 15:56:22,593.99,aud,Subscription update
ch_0001811,Paid,2022-08-20 15:58:57,341.3,aud,Subscription creation
ch_0001812,Paid,2022-08-20 18:29:07,354.98,aud,Subscription update
ch_0001813,Paid,2022-08-21 06:23:39,195.84,aud,Subscription update
ch_0001814,Paid,2022-08-21 08:22:07,342.35,aud,Subscription update
ch_0001815,Paid,2022-08-21 11:54:48,205.21,aud,Subscription creation
ch_0001816,Paid,2022-08-21 14:54:05,200.73,aud,Subscription update
ch_0001817,Paid,2022-08-21 18:29:18,200.02,aud,Subscription update
ch_0001818,Paid,2022-08-22 07:57:08,244.48,aud,IV League - Booking
ch_0001819,Paid,2022-08-22 10:08:56,197.7,aud,Subscription update
ch_0001820,Paid,2022-08-22 12:34:24,198.03,aud,Subscription update
ch_0001821,Paid,2022-08-22 15:51:25,354.96,aud,Subscription update
ch_0001822,Paid,2022-08-23 13:07:11,5684.27,aud,Corporate wellness - Keyman
ch_0001823,Paid,2022-08-23 13:57:14,345.83,aud,Subscription update
ch_0001824,Paid,2022-08-23 15:13:36,687.03,aud,Invoice payment
ch_0001825,Paid,2022-08-23 15:26:23,196.97,aud,Subscription creation
ch_0001826,Paid,2022-08-23 15:28:44,202.39,aud,Subscription creation
ch_0001827,Paid,2022-08-23 18:31:35,195.8,aud,Subscription creation
ch_0001828,Paid,2022-08-23 19:22:29,195.76,aud,Subscription update
ch_0001829,Paid,2022-08-23 19:58:57,203.98,aud,Subscription update
ch_0001830,Paid,2022-08-24 06:52:43,203.65,aud,Subscription creation
ch_0001831,Paid,2022-08-24 07:41:41,197.24,aud,Subscription update
ch_0001832,Paid,2022-08-24 08:18:40,201.07,aud,Subscription update
ch_0001833,Paid,2022-08-24 10:25:43,198.4,aud,Subscription update
ch_0001834,Paid,2022-08-24 13:45:06,196.41,aud,Subscription update
ch_0001835,Paid,2022-08-24 14:27:48,193.01,aud,Subscription update
ch_0001836,Paid,2022-08-25 15:14:34,345.7,aud,Subscription update
ch_0001837,Paid,2022-08-25 18:22:31,196.72,aud,Subscription update
ch_0001838,Paid,2022-08-25 18:35:33,345.8,aud,Subscription update
ch_0001839,Paid,2022-08-25 20:15:36,204.41,aud,Subscription creation
ch_0001840,Paid,2022-08-26 07:38:41,357.77,aud,Subscription update
ch_0001841,Paid,2022-08-26 10:42:19,347.23,aud,Subscription update
ch_0001842,Paid,2022-08-26 11:55:19,594.77,aud,Subscription update
ch_0001843,Paid,2022-08-26 11:55:47,346.4,aud,Subscription update
ch_0001844,Paid,2022-08-27 06:10:26,344.94,aud,Subscription update
ch_0001845,Paid,2022-08-27 07:26:07,198.19,aud,Subscription update
ch_0001846,Paid,2022-08-27 09:50:37,346.33,aud,Subscription update
ch_0001847,Paid,2022-08-27 15:28:31,199.92,aud,Subscription update
ch_0001848,Paid,2022-08-27 16:41:18,597.81,aud,Subscription update
ch_0001849,Paid,2022-08-27 19:39:17,194.06,aud,Subscription update
ch_0001850,Paid,2022-08-28 09:00:31,202.29,aud,Subscription update
ch_0001851,Paid,2022-08-28 12:15:24,349.15,aud,Subscription creation
ch_0001852,Paid,2022-08-28 14:46:40,347.97,aud,Subscription update
ch_0001853,Paid,2022-08-28 14:48:09,327.72,aud,Initial consultation
ch_0001854,Paid,2022-08-28 16:09:27,313.61,aud,IV League - Booking
ch_0001855,Paid,2022-08-28 18:26:08,585.09,aud,Subscription update
ch_0001856,Paid,2022-08-29 17:50:41,198.92,aud,Subscription creation
ch_0001857,Paid,2022-08-29 20:32:29,203.6,aud,Subscription update
ch_0001858,Paid,2022-08-30 06:26:00,343.53,aud,Subscription update
ch_0001859,Paid,2022-08-30 07:42:13,196.66,aud,Subscription update
ch_0001860,Paid,2022-08-30 12:31:24,200.42,aud,Subscription update
ch_0001861,Paid,2022-08-30 13:34:23,238.83,aud,IV League - Booking
ch_0001862,Paid,2022-08-30 14:32:54,198.14,aud,Subscription update
ch_0001863,Paid,2022-08-30 20:38:54,198.06,aud,Subscription update
ch_0001864,Paid,2022-08-31 06:18:11,343.15,aud,Subscription update
ch_0001865,Paid,2022-08-31 06:58:55,199.43,aud,Subscription creation
ch_0001866,Paid,2022-08-31 09:08:59,195.64,aud,Subscription update
ch_0001867,Paid,2022-08-31 12:03:37,345.72,aud,Subscription update
ch_0001868,Paid,2022-08-31 15:35:15,203.17,aud,Subscription update
ch_0001869,Paid,2022-08-31 18:41:20,201.47,aud,Subscription update
ch_0001870,Paid,2022-09-01 07:18:13,196.81,aud,Subscription update
ch_0001871,Paid,2022-09-01 08:14:54,342.82,aud,Subscription update
ch_0001872,Paid,2022-09-01 12:09:46,200.9,aud,Subscription update
ch_0001873,Paid,2022-09-01 12:46:10,200.26,aud,Subscription update
ch_0001874,Paid,2022-09-01 14:41:24,611.42,aud,Subscription update
ch_0001875,Paid,2022-09-01 16:36:01,343.5,aud,Subscription update
ch_0001876,Paid,2022-09-01 17:12:43,202.71,aud,Subscription update
ch_0001877,Paid,2022-09-02 07:30:17,196.49,aud,Subscription update
ch_0001878,Paid,2022-09-02 10:22:43,347.68,aud,Subscription update
ch_0001879,Paid,2022-09-02 16:41:10,345.84,aud,Subscription update
ch_0001880,Paid,2022-09-02 18:43:40,348.22,aud,Subscription creation
ch_0001881,Paid,2022-09-03 09:03:04,605.68,aud,Subscription update
ch_0001882,Paid,2022-09-03 11:42:05,197.48,aud,Subscription update
ch_0001883,Paid,2022-09-03 15:29:02,583.65,aud,Subscription update
ch_0001884,Paid,2022-09-03 19:27:35,205.0,aud,Subscription creation
ch_0001885,Paid,2022-09-04 08:47:41,347.61,aud,Subscription update
ch_0001886,Paid,2022-09-04 10:59:11,356.62,aud,Subscription update
ch_0001887,Paid,2022-09-04 13:07:44,196.94,aud,Subscription update
ch_0001888,Paid,2022-09-05 06:44:59,358.4,aud,Subscription update
ch_0001889,Paid,2022-09-05 12:27:54,347.57,aud,Subscription update
ch_0001890,Paid,2022-09-05 14:02:40,199.49,aud,Subscription update
ch_0001891,Paid,2022-09-05 17:45:37,197.92,aud,Subscription update
ch_0001892,Paid,2022-09-05 19:33:35,598.26,aud,Subscription update
ch_0001893,Paid,2022-09-06 12:33:47,337.54,aud,Subscription update
ch_0001894,Paid,2022-09-06 16:53:58,341.18,aud,Subscription update
ch_0001895,Paid,2022-09-07 06:09:40,348.2,aud,IV League - Booking
ch_0001896,Paid,2022-09-07 06:44:15,344.39,aud,Subscription update
ch_0001897,Paid,2022-09-07 15:28:26,348.46,aud,Subscription creation
ch_0001898,Paid,2022-09-07 16:01:40,600.97,aud,Subscription update
ch_0001899,Paid,2022-09-08 06:35:16,350.26,aud,Subscription update
ch_0001900,Paid,2022-09-08 16:17:23,206.14,aud,Subscription update
ch_0001901,Paid,2022-09-08 17:44:07,353.32,aud,Subscription update
ch_0001902,Paid,2022-09-09 07:05:08,195.1,aud,Subscription update
ch_0001903,Paid,2022-09-09 09:19:47,199.99,aud,Subscription update
ch_0001904,Paid,2022-09-09 10:08:10,203.11,aud,Subscription update
ch_0001905,Paid,2022-09-09 10:09:21,285.47,aud,Initial consultation
ch_0001906,Paid,2022-09-09 12:23:41,200.47,aud,Subscription creation
ch_0001907,Paid,2022-09-09 13:30:52,195.92,aud,Subscription update
ch_0001908,Paid,2022-09-09 15:51:34,343.42,aud,Subscription update
ch_0001909,Paid,2022-09-09 18:22:22,359.89,aud,Subscription update
ch_0001910,Paid,2022-09-09 20:49:54,586.77,aud,Subscription update
ch_0001911,Paid,2022-09-10 07:10:00,195.48,aud,Subscription creation
ch_0001912,Paid,2022-09-10 14:13:43,352.89,aud,Subscription update
ch_0001913,Paid,2022-09-10 18:57:53,194.76,aud,Subscription update
ch_0001914,Paid,2022-09-10 19:34:03,199.95,aud,Subscription update
ch_0001915,Paid,2022-09-11 06:46:59,190.4,aud,Subscription update
ch_0001916,Paid,2022-09-11 09:56:47,353.46,aud,Subscription update
ch_0001917,Paid,2022-09-11 12:11:04,193.95,aud,Subscription update
ch_0001918,Paid,2022-09-12 06:13:55,353.46,aud,Subscription update
ch_0001919,Paid,2022-09-12 06:38:28,192.18,aud,Subscription creation
ch_0001920,Paid,2022-09-13 08:46:25,194.33,aud,Subscription update
ch_0001921,Paid,2022-09-13 08:49:23,198.35,aud,Subscription update
ch_0001922,Paid,2022-09-13 09:33:27,329.47,aud,Subscription update
ch_0001923,Paid,2022-09-13 19:19:49,207.25,aud,Subscription update
ch_0001924,Paid,2022-09-14 08:04:45,196.87,aud,Subscription update
ch_0001925,Paid,2022-09-14 11:22:35,206.22,aud,Subscription update
ch_0001926,Paid,2022-09-14 11:32:57,201.87,aud,Subscription update
ch_0001927,Paid,2022-09-14 19:07:30,595.13,aud,Subscription update
ch_0001928,Paid,2022-09-14 19:34:32,345.74,aud,Subscription creation
ch_0001929,Paid,2022-09-14 20:28:34,200.74,aud,Subscription update
ch_0001930,Paid,2022-09-15 07:49:29,349.39,aud,Subscription update
ch_0001931,Paid,2022-09-15 07:50:44,204.25,aud,Subscription update
ch_0001932,Paid,2022-09-15 08:01:46,192.59,aud,Subscription update
ch_0001933,Paid,2022-09-15 09:32:39,347.3,aud,Subscription update
ch_0001934,Paid,2022-09-15 10:17:36,199.19,aud,Subscription update
ch_0001935,Paid,2022-09-15 15:01:12,246.83,aud,Initial consultation
ch_0001936,Paid,2022-09-15 17:35:59,363.67,aud,Subscription update
ch_0001937,Paid,2022-09-15 18:14:31,195.88,aud,Subscription update
ch_0001938,Paid,2022-09-15 18:42:53,200.46,aud,Subscription update
ch_0001939,Paid,2022-09-15 18:54:44,196.18,aud,Subscription update
ch_0001940,Paid,2022-09-16 08:46:03,354.46,aud,Subscription update
ch_0001941,Paid,2022-09-16 15:55:59,604.65,aud,Subscription update
ch_0001942,Paid,2022-09-17 18:26:36,337.29,aud,Subscription update
ch_0001943,Paid,2022-09-18 06:38:31,197.15,aud,Subscription update
ch_0001944,Paid,2022-09-18 07:55:45,337.87,aud,Subscription creation
ch_0001945,Paid,2022-09-18 08:09:27,335.74,aud,Subscription update
ch_0001946,Paid,2022-09-18 09:22:48,196.15,aud,Subscription update
ch_0001947,Paid,2022-09-18 12:08:41,608.66,aud,Subscription update
ch_0001948,Paid,2022-09-18 15:45:10,197.49,aud,Subscription update
ch_0001949,Paid,2022-09-18 18:25:09,201.61,aud,Subscription update
ch_0001950,Paid,2022-09-18 20:24:54,345.13,aud,Subscription update
ch_0001951,Paid,2022-09-19 06:06:40,354.58,aud,Subscription update
ch_0001952,Paid,2022-09-19 07:34:22,348.25,aud,Subscription update
ch_0001953,Paid,2022-09-19 08:58:15,604.62,aud,Subscription update
ch_0001954,Paid,2022-09-19 09:45:09,595.03,aud,Subscription update
ch_0001955,Paid,2022-09-19 11:20:56,11447.24,aud,Corporate wellness - Keyman
ch_0001956,Paid,2022-09-19 16:06:01,197.39,aud,Subscription update
ch_0001957,Paid,2022-09-19 19:50:55,349.33,aud,Subscription update
ch_0001958,Paid,2022-09-19 20:22:40,355.14,aud,Subscription update
ch_0001959,Paid,2022-09-19 20:27:19,201.17,aud,Subscription update
ch_0001960,Refunded,2022-09-19 20:30:14,349.0,aud,Subscription update
ch_0001961,Paid,2022-09-19 20:34:53,195.34,aud,Subscription update
ch_0001962,Paid,2022-09-20 06:41:38,611.53,aud,Subscription update
ch_0001963,Paid,2022-09-20 07:03:14,351.7,aud,Subscription update
ch_0001964,Paid,2022-09-20 09:24:34,350.92,aud,Subscription update
ch_0001965,Paid,2022-09-20 10:12:37,445.31,aud,Initial consultation
ch_0001966,Paid,2022-09-20 11:46:02,356.89,aud,Subscription update
ch_0001967,Paid,2022-09-20 18:53:57,200.46,aud,Subscription update
ch_0001968,Paid,2022-09-20 19:54:02,344.4,aud,Subscription update
ch_0001969,Paid,2022-09-21 11:26:32,339.29,aud,Subscription update
ch_0001970,Paid,2022-09-21 15:29:49,202.7,aud,Subscription update
ch_0001971,Paid,2022-09-21 19:16:36,333.47,aud,Subscription update
ch_0001972,Paid,2022-09-21 20:27:07,1182.06,aud,Package initiation
ch_0001973,Paid,2022-09-22 09:44:17,343.23,aud,Subscription update
ch_0001974,Paid,2022-09-22 14:43:33,606.68,aud,Subscription update
ch_0001975,Paid,2022-09-22 15:32:38,286.69,aud,IV League - Booking
ch_0001976,Paid,2022-09-22 19:30:02,326.69,aud,Initial consultation
ch_0001977,Paid,2022-09-22 20:11:41,353.62,aud,Subscription update
ch_0001978,Paid,2022-09-23 07:14:34,205.92,aud,Subscription update
ch_0001979,Paid,2022-09-23 09:38:42,345.97,aud,Subscription update
ch_0001980,Paid,2022-09-23 15:27:47,200.01,aud,Subscription update
ch_0001981,Refunded,2022-09-24 06:38:59,349.0,aud,Subscription update
ch_0001982,Paid,2022-09-24 08:19:46,332.83,aud,Subscription update
ch_0001983,Paid,2022-09-24 08:51:43,373.93,aud,Initial consultation
ch_0001984,Paid,2022-09-24 08:59:01,340.8,aud,Subscription update
ch_0001985,Paid,2022-09-24 12:07:10,345.23,aud,Subscription update
ch_0001986,Paid,2022-09-24 12:50:29,195.12,aud,Subscription update
ch_0001987,Paid,2022-09-24 13:38:26,196.5,aud,Subscription update
ch_0001988,Paid,2022-09-25 13:40:43,198.7,aud,Subscription update
ch_0001989,Paid,2022-09-25 13:59:04,193.62,aud,Subscription update
ch_0001990,Paid,2022-09-25 16:21:28,205.98,aud,Subscription update
ch_0001991,Paid,2022-09-25 17:31:38,348.73,aud,Subscription update
ch_0001992,Paid,2022-09-25 18:14:03,204.35,aud,Subscription update
ch_0001993,Paid,2022-09-25 20:40:19,200.9,aud,Subscription update
ch_0001994,Paid,2022-09-26 12:15:49,200.14,aud,Subscription update
ch_0001995,Paid,2022-09-26 16:37:54,197.25,aud,Subscription update
ch_0001996,Paid,2022-09-27 09:44:07,606.95,aud,Subscription update
ch_0001997,Paid,2022-09-27 12:07:21,1923.93,aud,Package initiation
ch_0001998,Paid,2022-09-27 13:50:46,197.72,aud,Subscription update
ch_0001999,Paid,2022-09-27 14:00:36,201.13,aud,Subscription creation
ch_0002000,Paid,2022-09-27 15:13:35,196.99,aud,Subscription update
ch_0002001,Paid,2022-09-27 16:01:59,355.15,aud,Subscription update
ch_0002002,Paid,2022-09-27 18:20:23,352.21,aud,Subscription update
ch_0002003,Paid,2022-09-28 11:37:18,195.58,aud,Subscription creation
ch_0002004,Paid,2022-09-28 15:00:34,205.44,aud,Subscription update
ch_0002005,Paid,2022-09-28 15:01:54,346.42,aud,Subscription update
ch_0002006,Paid,2022-09-28 16:26:33,335.0,aud,Subscription creation
ch_0002007,Paid,2022-09-28 19:05:13,609.04,aud,Subscription update
ch_0002008,Paid,2022-09-29 07:01:48,194.69,aud,Subscription creation
ch_0002009,Paid,2022-09-29 08:11:35,200.3,aud,Subscription update
ch_0002010,Paid,2022-09-29 09:11:13,356.92,aud,Subscription update
ch_0002011,Paid,2022-09-29 09:35:14,341.87,aud,Subscription update
ch_0002012,Paid,2022-09-29 18:54:10,341.9,aud,Subscription update
ch_0002013,Paid,2022-09-29 20:54:54,200.52,aud,Subscription update
ch_0002014,Paid,2022-09-30 09:53:06,195.01,aud,Subscription update
ch_0002015,Paid,2022-09-30 13:00:53,586.06,aud,Subscription update
ch_0002016,Paid,2022-09-30 13:03:33,198.11,aud,Subscription update
ch_0002017,Paid,2022-09-30 16:20:02,206.03,aud,Subscription update
ch_0002018,Paid,2022-09-30 17:10:50,347.6,aud,Subscription update
ch_0002019,Paid,2022-09-30 19:07:44,331.02,aud,Subscription update
ch_0002020,Paid,2022-10-01 08:32:55,197.62,aud,Subscription update
ch_0002021,Paid,2022-10-01 09:20:51,198.16,aud,Subscription creation
ch_0002022,Paid,2022-10-01 10:15:41,194.92,aud,Subscription update
ch_0002023,Paid,2022-10-01 14:41:11,201.62,aud,Subscription creation
ch_0002024,Paid,2022-10-01 17:15:26,355.48,aud,Subscription update
ch_0002025,Paid,2022-10-02 06:11:42,209.31,aud,Subscription update
ch_0002026,Paid,2022-10-02 07:14:36,348.16,aud,Subscription update
ch_0002027,Paid,2022-10-02 09:19:02,347.89,aud,Subscription update
ch_0002028,Paid,2022-10-02 12:48:56,353.02,aud,Subscription update
ch_0002029,Paid,2022-10-02 13:59:34,196.89,aud,Subscription update
ch_0002030,Paid,2022-10-02 18:10:13,342.07,aud,Subscription update
ch_0002031,Paid,2022-10-02 18:48:00,198.01,aud,Subscription update
ch_0002032,Paid,2022-10-03 06:39:21,937.23,aud,Longevity panel
ch_0002033,Paid,2022-10-03 20:27:00,197.43,aud,Subscription update
ch_0002034,Paid,2022-10-04 07:05:58,197.81,aud,Subscription update
ch_0002035,Paid,2022-10-04 10:57:57,205.49,aud,Subscription update
ch_0002036,Paid,2022-10-04 11:48:54,350.81,aud,Subscription update
ch_0002037,Paid,2022-10-04 12:10:01,341.22,aud,Subscription creation
ch_0002038,Paid,2022-10-04 12:26:26,589.04,aud,Subscription update
ch_0002039,Paid,2022-10-04 12:34:58,196.93,aud,Subscription update
ch_0002040,Paid,2022-10-04 18:35:46,202.09,aud,Subscription update
ch_0002041,Paid,2022-10-04 20:00:53,197.58,aud,Subscription creation
ch_0002042,Paid,2022-10-05 07:21:28,356.19,aud,Subscription update
ch_0002043,Paid,2022-10-05 07:45:08,195.75,aud,Subscription update
ch_0002044,Paid,2022-10-05 08:42:16,585.74,aud,Subscription update
ch_0002045,Paid,2022-10-05 09:31:22,228.25,aud,IV League - Booking
ch_0002046,Paid,2022-10-05 12:15:51,600.0,aud,Subscription update
ch_0002047,Paid,2022-10-05 16:59:34,752.82,aud,Package initiation
ch_0002048,Paid,2022-10-05 17:33:51,601.25,aud,Subscription update
ch_0002049,Paid,2022-10-05 17:47:30,586.86,aud,Subscription creation
ch_0002050,Paid,2022-10-06 06:04:51,354.08,aud,Subscription update
ch_0002051,Paid,2022-10-06 08:35:16,349.53,aud,Subscription update
ch_0002052,Paid,2022-10-06 14:48:46,350.36,aud,Subscription update
ch_0002053,Paid,2022-10-06 18:38:42,204.89,aud,Subscription update
ch_0002054,Paid,2022-10-07 08:00:08,584.61,aud,Subscription update
ch_0002055,Paid,2022-10-07 08:31:14,198.11,aud,Subscription update
ch_0002056,Paid,2022-10-07 16:50:30,351.04,aud,Subscription update
ch_0002057,Paid,2022-10-07 17:26:13,197.32,aud,Subscription update
ch_0002058,Paid,2022-10-08 09:04:31,194.01,aud,Subscription update
ch_0002059,Paid,2022-10-08 09:48:40,602.29,aud,Subscription update
ch_0002060,Paid,2022-10-08 10:42:56,200.27,aud,Subscription update
ch_0002061,Paid,2022-10-08 11:02:38,181.45,aud,IV League - Booking
ch_0002062,Paid,2022-10-08 14:14:25,194.11,aud,Subscription update
ch_0002063,Paid,2022-10-08 14:27:54,586.23,aud,Subscription update
ch_0002064,Paid,2022-10-08 15:15:13,201.78,aud,Subscription update
ch_0002065,Paid,2022-10-08 19:07:41,1741.99,aud,Package initiation
ch_0002066,Paid,2022-10-09 12:58:52,199.3,aud,Subscription update
ch_0002067,Paid,2022-10-09 14:34:45,350.79,aud,Subscription update
ch_0002068,Paid,2022-10-09 16:38:41,350.29,aud,Subscription update
ch_0002069,Paid,2022-10-09 17:52:14,573.04,aud,Subscription creation
ch_0002070,Paid,2022-10-09 19:16:10,176.86,aud,IV League - Booking
ch_0002071,Paid,2022-10-10 08:21:57,346.93,aud,Subscription update
ch_0002072,Paid,2022-10-10 12:02:55,198.99,aud,Subscription update
ch_0002073,Paid,2022-10-10 14:24:21,189.79,aud,Subscription update
ch_0002074,Paid,2022-10-11 06:03:28,590.6,aud,Subscription update
ch_0002075,Paid,2022-10-11 07:01:25,1056.61,aud,Invoice payment
ch_0002076,Paid,2022-10-11 08:50:47,203.49,aud,Subscription update
ch_0002077,Paid,2022-10-11 11:32:05,197.98,aud,Subscription update
ch_0002078,Paid,2022-10-11 12:44:15,362.43,aud,Subscription update
ch_0002079,Paid,2022-10-11 16:53:06,337.96,aud,Subscription update
ch_0002080,Paid,2022-10-11 17:53:53,342.2,aud,Subscription update
ch_0002081,Paid,2022-10-11 19:44:25,349.97,aud,Subscription update
ch_0002082,Paid,2022-10-12 07:08:28,247.34,aud,IV League - Booking
ch_0002083,Paid,2022-10-12 14:00:31,367.29,aud,Subscription update
ch_0002084,Paid,2022-10-12 15:13:27,205.17,aud,Subscription update
ch_0002085,Paid,2022-10-12 15:59:19,194.05,aud,Subscription update
ch_0002086,Paid,2022-10-13 09:01:49,200.61,aud,Subscription update
ch_0002087,Paid,2022-10-13 09:09:55,2669.58,aud,Package initiation
ch_0002088,Paid,2022-10-13 09:29:16,198.1,aud,Subscription update
ch_0002089,Paid,2022-10-13 10:03:37,609.15,aud,Subscription update
ch_0002090,Paid,2022-10-13 10:14:10,203.75,aud,Subscription update
ch_0002091,Paid,2022-10-13 16:20:49,343.31,aud,Subscription update
ch_0002092,Paid,2022-10-13 20:12:14,199.6,aud,Subscription update
ch_0002093,Paid,2022-10-13 20:28:23,346.06,aud,Subscription update
ch_0002094,Paid,2022-10-14 06:05:59,349.13,aud,Subscription update
ch_0002095,Paid,2022-10-14 08:35:46,258.36,aud,IV League - Booking
ch_0002096,Paid,2022-10-14 18:42:21,193.98,aud,Subscription update
ch_0002097,Paid,2022-10-14 20:18:47,205.27,aud,Subscription creation
ch_0002098,Paid,2022-10-15 13:46:10,349.07,aud,Subscription update
ch_0002099,Paid,2022-10-15 14:10:09,610.52,aud,Subscription update
ch_0002100,Paid,2022-10-15 16:28:56,585.27,aud,Subscription update
ch_0002101,Paid,2022-10-15 17:22:26,605.59,aud,Subscription update
ch_0002102,Paid,2022-10-15 17:50:09,605.37,aud,Subscription update
ch_0002103,Paid,2022-10-15 20:08:47,204.48,aud,Subscription creation
ch_0002104,Paid,2022-10-15 20:46:20,206.77,aud,Subscription creation
ch_0002105,Paid,2022-10-16 09:58:38,199.66,aud,Subscription creation
ch_0002106,Paid,2022-10-16 11:14:13,201.44,aud,Subscription update
ch_0002107,Paid,2022-10-16 12:15:26,348.76,aud,Subscription update
ch_0002108,Paid,2022-10-16 12:31:04,201.09,aud,Subscription update
ch_0002109,Paid,2022-10-16 15:51:58,203.99,aud,Subscription update
ch_0002110,Paid,2022-10-16 18:21:55,203.43,aud,Subscription creation
ch_0002111,Paid,2022-10-16 18:40:12,198.1,aud,Subscription update
ch_0002112,Paid,2022-10-16 20:13:56,200.7,aud,Subscription update
ch_0002113,Paid,2022-10-16 20:46:40,180.62,aud,IV League - Booking
ch_0002114,Paid,2022-10-17 15:52:20,2310.37,aud,Package initiation
ch_0002115,Paid,2022-10-17 16:12:49,199.22,aud,Subscription update
ch_0002116,Paid,2022-10-17 20:26:17,195.18,aud,Subscription update
ch_0002117,Paid,2022-10-17 20:54:48,348.15,aud,Subscription update
ch_0002118,Paid,2022-10-18 07:21:20,320.12,aud,IV League - Booking
ch_0002119,Paid,2022-10-18 10:15:26,200.16,aud,Subscription creation
ch_0002120,Paid,2022-10-18 10:17:59,365.76,aud,Subscription update
ch_0002121,Paid,2022-10-18 11:38:40,363.97,aud,Subscription update
ch_0002122,Paid,2022-10-18 11:45:23,203.97,aud,Subscription update
ch_0002123,Paid,2022-10-18 17:06:04,343.95,aud,Subscription update
ch_0002124,Paid,2022-10-19 06:30:33,206.13,aud,Subscription update
ch_0002125,Paid,2022-10-19 12:00:22,202.76,aud,Subscription update
ch_0002126,Paid,2022-10-19 14:46:53,355.62,aud,Subscription update
ch_0002127,Paid,2022-10-20 06:17:21,607.71,aud,Subscription update
ch_0002128,Paid,2022-10-20 12:56:30,353.7,aud,Subscription creation
ch_0002129,Paid,2022-10-20 15:52:14,343.66,aud,Subscription update
ch_0002130,Paid,2022-10-21 07:27:53,198.7,aud,Subscription update
ch_0002131,Paid,2022-10-21 11:36:26,351.81,aud,Subscription update
ch_0002132,Paid,2022-10-21 14:46:56,464.2,aud,IV League - Booking
ch_0002133,Paid,2022-10-22 06:41:20,587.96,aud,Subscription creation
ch_0002134,Paid,2022-10-22 08:15:38,586.57,aud,Subscription update
ch_0002135,Paid,2022-10-22 12:26:23,351.85,aud,Subscription update
ch_0002136,Paid,2022-10-22 14:38:56,345.5,aud,Subscription update
ch_0002137,Paid,2022-10-23 11:28:46,357.57,aud,Subscription update
ch_0002138,Paid,2022-10-23 12:00:55,195.23,aud,Subscription update
ch_0002139,Paid,2022-10-23 20:40:57,583.64,aud,Subscription update
ch_0002140,Paid,2022-10-24 07:45:52,356.05,aud,Subscription creation
ch_0002141,Paid,2022-10-24 07:55:43,201.18,aud,Subscription update
ch_0002142,Paid,2022-10-24 11:41:33,249.13,aud,IV League - Booking
ch_0002143,Paid,2022-10-24 11:55:21,196.97,aud,Subscription update
ch_0002144,Paid,2022-10-24 14:49:26,1339.29,aud,Invoice payment
ch_0002145,Paid,2022-10-24 17:02:44,204.68,aud,Subscription creation
ch_0002146,Paid,2022-10-24 17:30:23,199.23,aud,Subscription update
ch_0002147,Paid,2022-10-25 11:10:39,350.24,aud,Subscription update
ch_0002148,Paid,2022-10-25 12:54:05,348.99,aud,Subscription update
ch_0002149,Paid,2022-10-25 12:56:07,359.99,aud,Subscription update
ch_0002150,Paid,2022-10-25 13:59:37,338.24,aud,Subscription update
ch_0002151,Paid,2022-10-25 16:15:59,359.49,aud,Subscription update
ch_0002152,Paid,2022-10-25 16:34:18,255.17,aud,IV League - Booking
ch_0002153,Paid,2022-10-26 06:28:07,195.74,aud,Subscription update
ch_0002154,Paid,2022-10-26 07:00:27,194.33,aud,Subscription update
ch_0002155,Paid,2022-10-26 07:05:33,588.45,aud,Subscription creation
ch_0002156,Paid,2022-10-26 08:42:57,196.2,aud,Subscription update
ch_0002157,Paid,2022-10-26 10:32:29,345.1,aud,Subscription update
ch_0002158,Paid,2022-10-26 18:53:15,199.92,aud,Subscription creation
ch_0002159,Paid,2022-10-26 19:07:23,341.47,aud,Subscription creation
ch_0002160,Paid,2022-10-27 06:47:00,611.37,aud,Subscription update
ch_0002161,Paid,2022-10-27 15:52:45,198.62,aud,Subscription update
ch_0002162,Paid,2022-10-27 18:29:38,199.44,aud,Subscription update
ch_0002163,Paid,2022-10-27 19:12:03,337.7,aud,Subscription update
ch_0002164,Paid,2022-10-28 09:23:09,201.01,aud,Subscription update
ch_0002165,Paid,2022-10-28 19:03:24,168.62,aud,IV League - Booking
ch_0002166,Paid,2022-10-29 08:15:36,591.08,aud,Subscription update
ch_0002167,Paid,2022-10-29 09:01:04,359.24,aud,Subscription creation
ch_0002168,Paid,2022-10-29 10:50:50,198.66,aud,Subscription update
ch_0002169,Paid,2022-10-29 13:48:29,356.4,aud,Subscription update
ch_0002170,Paid,2022-10-29 16:20:55,203.24,aud,Subscription creation
ch_0002171,Paid,2022-10-29 19:28:55,206.27,aud,Subscription update
ch_0002172,Paid,2022-10-29 19:54:27,199.84,aud,Subscription update
ch_0002173,Paid,2022-10-30 06:15:53,202.94,aud,Subscription creation
ch_0002174,Paid,2022-10-30 07:46:47,607.78,aud,Subscription update
ch_0002175,Paid,2022-10-30 11:47:46,348.05,aud,Subscription update
ch_0002176,Paid,2022-10-30 17:07:48,346.9,aud,Subscription update
ch_0002177,Paid,2022-10-30 19:10:29,598.18,aud,Subscription update
ch_0002178,Paid,2022-10-31 06:20:35,201.87,aud,Subscription update
ch_0002179,Paid,2022-10-31 06:43:21,347.02,aud,Subscription update
ch_0002180,Paid,2022-10-31 08:33:53,203.51,aud,Subscription update
ch_0002181,Paid,2022-10-31 10:03:01,203.47,aud,Subscription creation
ch_0002182,Paid,2022-10-31 10:12:58,196.12,aud,Subscription update
ch_0002183,Paid,2022-10-31 10:36:34,1668.7,aud,Package initiation
ch_0002184,Paid,2022-10-31 14:28:10,198.83,aud,Subscription update
ch_0002185,Paid,2022-11-01 07:49:06,176.69,aud,IV League - Booking
ch_0002186,Paid,2022-11-01 10:45:50,200.57,aud,Subscription update
ch_0002187,Paid,2022-11-01 12:43:14,348.01,aud,Subscription update
ch_0002188,Paid,2022-11-01 16:39:06,1512.0,aud,Invoice payment
ch_0002189,Paid,2022-11-01 19:12:52,345.09,aud,Subscription update
ch_0002190,Paid,2022-11-01 19:54:13,352.28,aud,Subscription update
ch_0002191,Paid,2022-11-01 20:05:53,201.53,aud,Subscription update
ch_0002192,Paid,2022-11-02 10:59:00,342.86,aud,Subscription update
ch_0002193,Paid,2022-11-02 12:16:42,200.13,aud,Subscription update
ch_0002194,Paid,2022-11-02 12:51:29,345.53,aud,Subscription creation
ch_0002195,Paid,2022-11-02 13:55:54,189.06,aud,Subscription update
ch_0002196,Paid,2022-11-02 14:46:57,198.28,aud,Subscription update
ch_0002197,Paid,2022-11-02 16:30:23,607.88,aud,Subscription update
ch_0002198,Paid,2022-11-03 15:05:11,196.86,aud,Subscription update
ch_0002199,Paid,2022-11-03 17:58:01,199.55,aud,Subscription update
ch_0002200,Paid,2022-11-03 18:24:12,588.77,aud,Subscription update
ch_0002201,Paid,2022-11-03 20:28:54,198.19,aud,Subscription update
ch_0002202,Paid,2022-11-04 09:29:10,196.96,aud,Subscription update
ch_0002203,Paid,2022-11-04 10:08:02,350.18,aud,Subscription update
ch_0002204,Paid,2022-11-04 15:46:57,2691.22,aud,Package initiation
ch_0002205,Paid,2022-11-04 16:16:49,357.58,aud,Subscription update
ch_0002206,Paid,2022-11-04 16:48:59,196.45,aud,Subscription update
ch_0002207,Paid,2022-11-05 09:04:04,191.57,aud,Subscription creation
ch_0002208,Paid,2022-11-05 18:01:52,202.33,aud,Subscription update
ch_0002209,Paid,2022-11-06 06:12:26,203.33,aud,Subscription update
ch_0002210,Paid,2022-11-06 06:29:53,594.7,aud,Subscription update
ch_0002211,Paid,2022-11-06 07:21:08,194.55,aud,Subscription creation
ch_0002212,Paid,2022-11-06 08:09:41,587.67,aud,Subscription update
ch_0002213,Paid,2022-11-06 09:31:54,200.83,aud,Subscription update
ch_0002214,Paid,2022-11-06 11:24:14,615.99,aud,Subscription update
ch_0002215,Paid,2022-11-06 13:17:10,343.44,aud,Subscription creation
ch_0002216,Paid,2022-11-06 14:30:22,366.54,aud,Subscription update
ch_0002217,Paid,2022-11-07 12:09:40,357.37,aud,Subscription update
ch_0002218,Paid,2022-11-07 12:53:11,193.33,aud,Subscription update
ch_0002219,Paid,2022-11-07 17:43:31,336.41,aud,Subscription update
ch_0002220,Paid,2022-11-08 07:10:00,611.82,aud,Subscription update
ch_0002221,Paid,2022-11-08 08:31:48,201.62,aud,Subscription update
ch_0002222,Paid,2022-11-08 09:47:52,602.78,aud,Subscription update
ch_0002223,Paid,2022-11-08 10:09:53,346.54,aud,Subscription update
ch_0002224,Paid,2022-11-08 12:47:45,192.76,aud,IV League - Booking
ch_0002225,Paid,2022-11-08 13:10:23,342.3,aud,Subscription update
ch_0002226,Paid,2022-11-08 13:40:24,335.54,aud,Subscription update
ch_0002227,Paid,2022-11-08 14:38:31,481.05,aud,IV League - Booking
ch_0002228,Paid,2022-11-08 16:49:45,598.4,aud,Subscription update
ch_0002229,Paid,2022-11-08 16:54:03,202.19,aud,Subscription update
ch_0002230,Paid,2022-11-08 18:07:01,591.62,aud,Subscription update
ch_0002231,Paid,2022-11-09 07:03:24,356.08,aud,Subscription update
ch_0002232,Paid,2022-11-09 10:40:29,347.56,aud,Subscription update
ch_0002233,Paid,2022-11-09 13:08:59,593.81,aud,Subscription update
ch_0002234,Paid,2022-11-09 16:39:32,195.69,aud,Subscription update
ch_0002235,Paid,2022-11-10 06:15:02,368.32,aud,Subscription update
ch_0002236,Refunded,2022-11-10 06:20:27,349.0,aud,Subscription update
ch_0002237,Paid,2022-11-10 07:45:15,450.28,aud,Longevity panel
ch_0002238,Paid,2022-11-10 12:55:15,204.88,aud,Subscription update
ch_0002239,Paid,2022-11-10 20:58:13,194.78,aud,Subscription update
ch_0002240,Paid,2022-11-11 08:19:01,202.79,aud,Subscription update
ch_0002241,Paid,2022-11-11 10:23:10,357.98,aud,Subscription update
ch_0002242,Paid,2022-11-11 11:42:15,348.98,aud,Subscription update
ch_0002243,Paid,2022-11-11 14:41:39,194.9,aud,Subscription update
ch_0002244,Paid,2022-11-11 17:22:54,198.69,aud,Subscription creation
ch_0002245,Paid,2022-11-11 18:29:50,199.61,aud,Subscription update
ch_0002246,Paid,2022-11-11 18:52:34,200.51,aud,Subscription update
ch_0002247,Paid,2022-11-11 20:33:24,353.81,aud,Subscription update
ch_0002248,Paid,2022-11-12 09:08:58,202.44,aud,Subscription update
ch_0002249,Paid,2022-11-12 12:16:02,592.35,aud,Subscription update
ch_0002250,Paid,2022-11-12 14:49:07,347.66,aud,Subscription update
ch_0002251,Paid,2022-11-12 15:43:59,197.77,aud,Subscription creation
ch_0002252,Paid,2022-11-12 16:11:08,347.47,aud,Subscription update
ch_0002253,Paid,2022-11-13 06:15:57,356.68,aud,Subscription update
ch_0002254,Paid,2022-11-13 11:48:01,2762.9,aud,Package initiation
ch_0002255,Paid,2022-11-13 11:58:56,198.93,aud,Subscription update
ch_0002256,Paid,2022-11-13 14:02:03,2771.44,aud,Package initiation
ch_0002257,Paid,2022-11-13 20:20:34,196.55,aud,Subscription update
ch_0002258,Paid,2022-11-13 20:53:11,605.7,aud,Subscription update
ch_0002259,Paid,2022-11-14 11:01:47,195.55,aud,Subscription update
ch_0002260,Paid,2022-11-14 11:12:17,582.41,aud,Subscription update
ch_0002261,Paid,2022-11-14 20:19:15,198.55,aud,Subscription update
ch_0002262,Paid,2022-11-14 20:24:20,193.42,aud,Subscription update
ch_0002263,Paid,2022-11-15 09:27:46,343.74,aud,Subscription update
ch_0002264,Paid,2022-11-15 09:32:33,604.1,aud,Subscription update
ch_0002265,Paid,2022-11-15 12:56:15,592.53,aud,Subscription update
ch_0002266,Paid,2022-11-15 13:34:38,200.14,aud,Subscription update
ch_0002267,Paid,2022-11-15 15:37:14,201.93,aud,Subscription update
ch_0002268,Paid,2022-11-16 08:04:39,200.21,aud,Subscription update
ch_0002269,Paid,2022-11-16 10:23:44,190.89,aud,Subscription update
ch_0002270,Paid,2022-11-16 13:47:30,201.05,aud,Subscription update
ch_0002271,Paid,2022-11-16 14:31:24,197.42,aud,Subscription creation
ch_0002272,Paid,2022-11-16 14:58:34,199.08,aud,Subscription update
ch_0002273,Paid,2022-11-16 17:50:08,348.66,aud,Subscription update
ch_0002274,Paid,2022-11-16 18:44:42,200.29,aud,Subscription creation
ch_0002275,Paid,2022-11-17 07:07:14,345.19,aud,Subscription update
ch_0002276,Paid,2022-11-17 07:42:31,346.93,aud,Subscription update
ch_0002277,Paid,2022-11-17 10:34:25,604.05,aud,Subscription update
ch_0002278,Paid,2022-11-17 12:15:31,205.55,aud,Subscription update
ch_0002279,Paid,2022-11-17 12:40:48,348.45,aud,Subscription update
ch_0002280,Paid,2022-11-17 15:12:19,199.36,aud,Subscription update
ch_0002281,Paid,2022-11-17 18:09:14,208.38,aud,Subscription update
ch_0002282,Paid,2022-11-17 19:17:51,204.29,aud,Subscription update
ch_0002283,Paid,2022-11-17 20:51:09,350.6,aud,Subscription update
ch_0002284,Paid,2022-11-18 16:58:59,275.8,aud,Initial consultation
ch_0002285,Paid,2022-11-18 18:14:13,195.1,aud,Subscription update
ch_0002286,Paid,2022-11-18 18:28:40,347.77,aud,Subscription update
ch_0002287,Paid,2022-11-19 14:06:45,347.02,aud,IV League - Booking
ch_0002288,Paid,2022-11-19 19:13:05,348.45,aud,Subscription update
ch_0002289,Paid,2022-11-19 19:28:51,352.37,aud,Subscription update
ch_0002290,Paid,2022-11-19 20:12:43,204.06,aud,Subscription update
ch_0002291,Paid,2022-11-20 10:29:33,205.85,aud,Subscription update
ch_0002292,Paid,2022-11-20 10:47:02,199.73,aud,Subscription update
ch_0002293,Paid,2022-11-20 14:51:20,197.43,aud,Subscription update
ch_0002294,Paid,2022-11-20 16:22:45,334.26,aud,Subscription update
ch_0002295,Paid,2022-11-20 17:07:29,2038.65,aud,Package initiation
ch_0002296,Paid,2022-11-20 19:55:02,201.37,aud,Subscription update
ch_0002297,Paid,2022-11-21 06:55:57,2365.53,aud,Package initiation
ch_0002298,Paid,2022-11-21 10:48:06,240.85,aud,IV League - Booking
ch_0002299,Paid,2022-11-21 10:59:31,351.64,aud,Subscription update
ch_0002300,Paid,2022-11-21 14:06:58,353.87,aud,Subscription update
ch_0002301,Paid,2022-11-21 17:27:10,199.12,aud,Subscription update
ch_0002302,Paid,2022-11-21 20:29:56,588.35,aud,Subscription update
ch_0002303,Paid,2022-11-22 14:38:44,196.1,aud,Subscription update
ch_0002304,Paid,2022-11-22 16:28:54,198.72,aud,Subscription update
ch_0002305,Paid,2022-11-22 17:09:18,180.4,aud,IV League - Booking
ch_0002306,Paid,2022-11-22 18:03:48,201.62,aud,Subscription update
ch_0002307,Paid,2022-11-22 18:07:23,201.91,aud,Subscription update
ch_0002308,Paid,2022-11-23 09:40:07,335.48,aud,Subscription update
ch_0002309,Paid,2022-11-23 10:11:49,202.61,aud,Subscription update
ch_0002310,Paid,2022-11-23 14:04:22,199.05,aud,Subscription creation
ch_0002311,Paid,2022-11-23 14:27:30,198.89,aud,Subscription update
ch_0002312,Paid,2022-11-23 15:23:56,204.25,aud,Subscription update
ch_0002313,Paid,2022-11-23 16:00:10,198.79,aud,Subscription update
ch_0002314,Paid,2022-11-23 18:09:29,205.97,aud,Subscription update
ch_0002315,Paid,2022-11-23 19:29:47,605.45,aud,Subscription update
ch_0002316,Paid,2022-11-24 07:35:25,201.59,aud,Subscription update
ch_0002317,Paid,2022-11-24 08:59:37,608.7,aud,Subscription update
ch_0002318,Paid,2022-11-24 12:25:40,601.2,aud,Subscription update
ch_0002319,Paid,2022-11-24 12:33:09,195.89,aud,Subscription update
ch_0002320,Paid,2022-11-24 14:18:28,203.45,aud,Subscription update
ch_0002321,Paid,2022-11-24 15:42:34,1318.32,aud,Invoice payment
ch_0002322,Paid,2022-11-24 16:13:33,355.31,aud,Subscription update
ch_0002323,Paid,2022-11-24 18:05:15,600.24,aud,Subscription update
ch_0002324,Paid,2022-11-24 18:49:34,507.35,aud,IV League - Booking
ch_0002325,Paid,2022-11-24 20:20:44,609.85,aud,Subscription update
ch_0002326,Paid,2022-11-25 09:34:01,201.1,aud,Subscription update
ch_0002327,Paid,2022-11-25 09:36:23,195.23,aud,Subscription creation
ch_0002328,Paid,2022-11-25 11:21:23,352.7,aud,Subscription update
ch_0002329,Paid,2022-11-25 12:20:20,348.58,aud,Subscription creation
ch_0002330,Paid,2022-11-25 20:02:12,197.46,aud,Subscription update
ch_0002331,Paid,2022-11-26 08:47:39,201.68,aud,Subscription update
ch_0002332,Paid,2022-11-26 12:14:10,199.41,aud,Subscription update
ch_0002333,Paid,2022-11-26 14:00:23,336.79,aud,Subscription creation
ch_0002334,Paid,2022-11-26 15:14:22,598.02,aud,Subscription update
ch_0002335,Paid,2022-11-27 06:22:55,236.05,aud,IV League - Booking
ch_0002336,Paid,2022-11-27 09:33:06,357.72,aud,Subscription update
ch_0002337,Paid,2022-11-27 10:51:18,196.08,aud,Subscription update
ch_0002338,Paid,2022-11-27 18:52:39,362.69,aud,Subscription update
ch_0002339,Paid,2022-11-28 13:01:02,338.6,aud,Subscription update
ch_0002340,Paid,2022-11-28 20:14:13,204.98,aud,Subscription update
ch_0002341,Paid,2022-11-29 07:53:30,196.82,aud,Subscription update
ch_0002342,Paid,2022-11-29 16:29:30,190.88,aud,Subscription update
ch_0002343,Paid,2022-11-29 17:29:33,200.47,aud,Subscription update
ch_0002344,Paid,2022-11-29 17:36:52,205.05,aud,Subscription update
ch_0002345,Paid,2022-11-29 18:43:23,199.98,aud,Subscription update
ch_0002346,Paid,2022-11-30 07:08:33,326.49,aud,IV League - Booking
ch_0002347,Paid,2022-11-30 08:17:47,196.43,aud,Subscription update
ch_0002348,Paid,2022-11-30 10:06:08,199.0,aud,Subscription update
ch_0002349,Paid,2022-11-30 10:52:36,198.9,aud,Subscription creation
ch_0002350,Paid,2022-11-30 12:22:47,587.68,aud,Subscription update
ch_0002351,Paid,2022-11-30 12:22:55,350.73,aud,Subscription creation
ch_0002352,Paid,2022-11-30 15:37:41,579.63,aud,Subscription update
ch_0002353,Paid,2022-11-30 19:24:19,344.95,aud,Subscription update
ch_0002354,Paid,2022-11-30 20:42:38,583.34,aud,Subscription update
ch_0002355,Paid,2022-12-01 08:03:53,358.74,aud,Subscription update
ch_0002356,Paid,2022-12-01 08:46:29,195.97,aud,Subscription update
ch_0002357,Paid,2022-12-01 09:01:55,203.54,aud,Subscription update
ch_0002358,Paid,2022-12-01 16:34:51,353.1,aud,Subscription update
ch_0002359,Paid,2022-12-01 20:21:08,200.46,aud,Subscription update
ch_0002360,Paid,2022-12-02 12:33:32,358.11,aud,Subscription update
ch_0002361,Paid,2022-12-02 15:39:21,202.74,aud,Subscription update
ch_0002362,Paid,2022-12-02 16:43:19,196.76,aud,Subscription update
ch_0002363,Paid,2022-12-02 16:51:13,335.79,aud,Subscription update
ch_0002364,Paid,2022-12-02 17:37:24,200.9,aud,Subscription update
ch_0002365,Paid,2022-12-03 07:58:13,200.79,aud,Subscription update
ch_0002366,Paid,2022-12-03 13:16:46,196.5,aud,Subscription update
ch_0002367,Paid,2022-12-03 17:31:36,193.4,aud,Subscription update
ch_0002368,Paid,2022-12-04 06:12:23,351.17,aud,Subscription update
ch_0002369,Failed,2022-12-04 07:20:29,349.0,aud,Subscription update
ch_0002370,Paid,2022-12-04 08:54:45,196.32,aud,Subscription update
ch_0002371,Paid,2022-12-04 15:21:34,198.96,aud,Subscription creation
ch_0002372,Paid,2022-12-04 16:44:22,600.85,aud,Subscription update
ch_0002373,Paid,2022-12-04 20:56:39,192.89,aud,Subscription update
ch_0002374,Paid,2022-12-05 09:14:08,347.03,aud,Subscription update
ch_0002375,Paid,2022-12-05 09:23:26,196.98,aud,Subscription update
ch_0002376,Paid,2022-12-05 14:29:32,591.47,aud,Subscription update
ch_0002377,Paid,2022-12-05 14:33:19,604.71,aud,Subscription update
ch_0002378,Paid,2022-12-05 14:37:25,196.08,aud,Subscription update
ch_0002379,Paid,2022-12-05 17:01:04,200.49,aud,Subscription creation
ch_0002380,Paid,2022-12-05 18:01:54,352.43,aud,Subscription update
ch_0002381,Paid,2022-12-05 20:54:42,202.28,aud,Subscription update
ch_0002382,Paid,2022-12-06 08:58:57,198.97,aud,Subscription update
ch_0002383,Paid,2022-12-06 10:25:02,340.35,aud,Subscription update
ch_0002384,Paid,2022-12-06 16:00:37,201.76,aud,Subscription update
ch_0002385,Paid,2022-12-06 18:45:29,197.01,aud,Subscription update
ch_0002386,Paid,2022-12-07 11:59:02,351.62,aud,Subscription update
ch_0002387,Paid,2022-12-07 14:17:37,350.52,aud,Subscription update
ch_0002388,Paid,2022-12-07 15:43:14,202.2,aud,Subscription update
ch_0002389,Paid,2022-12-07 17:41:00,350.76,aud,Subscription update
ch_0002390,Paid,2022-12-08 08:18:19,194.84,aud,Subscription update
ch_0002391,Paid,2022-12-08 08:48:27,336.38,aud,Subscription creation
ch_0002392,Paid,2022-12-08 11:41:58,199.94,aud,Subscription update
ch_0002393,Paid,2022-12-08 18:34:29,204.42,aud,Subscription update
ch_0002394,Paid,2022-12-08 19:35:15,201.7,aud,Subscription update
ch_0002395,Paid,2022-12-09 06:04:32,196.21,aud,Subscription update
ch_0002396,Paid,2022-12-09 06:53:32,341.22,aud,Subscription update
ch_0002397,Paid,2022-12-09 07:06:50,199.08,aud,Subscription update
ch_0002398,Paid,2022-12-09 12:43:58,196.0,aud,Subscription update
ch_0002399,Paid,2022-12-09 12:50:45,198.3,aud,Subscription update
ch_0002400,Paid,2022-12-09 13:50:21,198.36,aud,Subscription update
ch_0002401,Paid,2022-12-09 13:57:55,199.36,aud,Subscription update
ch_0002402,Paid,2022-12-09 19:17:16,360.68,aud,Invoice payment
ch_0002403,Paid,2022-12-10 06:39:24,202.27,aud,Subscription update
ch_0002404,Paid,2022-12-10 10:39:49,202.37,aud,Subscription creation
ch_0002405,Paid,2022-12-10 11:41:35,347.42,aud,Subscription update
ch_0002406,Paid,2022-12-10 12:04:05,348.93,aud,Subscription update
ch_0002407,Paid,2022-12-10 16:33:55,346.64,aud,Subscription update
ch_0002408,Paid,2022-12-11 09:59:16,198.14,aud,Subscription update
ch_0002409,Paid,2022-12-11 10:33:03,196.68,aud,Subscription update
ch_0002410,Paid,2022-12-11 15:28:10,202.0,aud,Subscription update
ch_0002411,Paid,2022-12-11 16:11:58,334.49,aud,Subscription update
ch_0002412,Paid,2022-12-12 06:11:18,202.33,aud,Subscription update
ch_0002413,Paid,2022-12-12 07:43:53,612.24,aud,Subscription update
ch_0002414,Paid,2022-12-12 08:02:07,352.0,aud,Subscription creation
ch_0002415,Paid,2022-12-12 11:05:39,373.88,aud,Initial consultation
ch_0002416,Paid,2022-12-12 12:51:43,342.9,aud,Subscription update
ch_0002417,Paid,2022-12-12 16:44:04,196.55,aud,Subscription update
ch_0002418,Paid,2022-12-12 18:09:29,198.06,aud,Subscription update
ch_0002419,Paid,2022-12-13 11:53:53,348.0,aud,Subscription update
ch_0002420,Paid,2022-12-13 12:54:37,196.7,aud,Subscription creation
ch_0002421,Paid,2022-12-13 12:58:46,203.79,aud,Subscription update
ch_0002422,Paid,2022-12-13 13:51:05,1319.46,aud,Invoice payment
ch_0002423,Paid,2022-12-13 14:53:40,3334.83,aud,Package initiation
ch_0002424,Paid,2022-12-13 16:42:06,594.71,aud,Subscription update
ch_0002425,Paid,2022-12-13 16:43:53,603.63,aud,Subscription update
ch_0002426,Paid,2022-12-14 06:27:40,198.57,aud,Subscription creation
ch_0002427,Paid,2022-12-14 06:35:56,2427.92,aud,Invoice payment
ch_0002428,Paid,2022-12-14 08:38:25,197.59,aud,Subscription update
ch_0002429,Paid,2022-12-14 10:04:10,203.86,aud,Subscription update
ch_0002430,Paid,2022-12-14 10:24:25,193.42,aud,Subscription update
ch_0002431,Paid,2022-12-14 10:58:31,204.39,aud,Subscription update
ch_0002432,Paid,2022-12-14 11:28:14,1658.22,aud,Package initiation
ch_0002433,Paid,2022-12-14 16:30:52,588.16,aud,Subscription update
ch_0002434,Paid,2022-12-14 19:40:21,203.85,aud,Subscription update
ch_0002435,Paid,2022-12-15 10:49:48,201.83,aud,Subscription update
ch_0002436,Paid,2022-12-15 11:23:58,197.29,aud,Subscription creation
ch_0002437,Paid,2022-12-15 12:47:35,303.33,aud,IV League - Booking
ch_0002438,Paid,2022-12-16 06:11:02,209.39,aud,Subscription update
ch_0002439,Paid,2022-12-16 07:19:58,341.17,aud,Subscription update
ch_0002440,Paid,2022-12-16 10:52:30,342.97,aud,Subscription update
ch_0002441,Paid,2022-12-16 13:56:00,336.49,aud,Subscription update
ch_0002442,Paid,2022-12-16 14:57:21,350.04,aud,Subscription update
ch_0002443,Paid,2022-12-16 18:10:16,194.51,aud,Subscription update
ch_0002444,Paid,2022-12-16 18:51:49,196.17,aud,Subscription update
ch_0002445,Paid,2022-12-16 20:08:45,595.82,aud,Subscription update
ch_0002446,Paid,2022-12-17 13:46:23,353.87,aud,Subscription update
ch_0002447,Paid,2022-12-18 09:13:16,195.94,aud,Subscription update
ch_0002448,Paid,2022-12-18 12:28:57,342.55,aud,Subscription update
ch_0002449,Paid,2022-12-18 17:15:49,386.06,aud,Initial consultation
ch_0002450,Paid,2022-12-18 20:35:25,191.13,aud,Subscription update
ch_0002451,Paid,2022-12-19 06:28:37,198.86,aud,Subscription update
ch_0002452,Paid,2022-12-19 07:24:13,346.32,aud,Subscription creation
ch_0002453,Paid,2022-12-19 11:05:11,202.26,aud,Subscription update
ch_0002454,Paid,2022-12-19 14:09:33,195.36,aud,Subscription update
ch_0002455,Paid,2022-12-19 14:20:21,196.25,aud,Subscription update
ch_0002456,Paid,2022-12-19 14:33:01,196.72,aud,Subscription update
ch_0002457,Paid,2022-12-19 18:32:25,201.31,aud,Subscription creation
ch_0002458,Paid,2022-12-19 19:21:58,600.81,aud,Subscription update
ch_0002459,Paid,2022-12-20 06:55:41,205.11,aud,Subscription update
ch_0002460,Paid,2022-12-20 09:18:53,343.82,aud,Subscription creation
ch_0002461,Paid,2022-12-20 14:18:12,198.82,aud,Subscription update
ch_0002462,Paid,2022-12-20 14:41:08,352.08,aud,Subscription creation
ch_0002463,Paid,2022-12-20 15:38:51,355.94,aud,Subscription update
ch_0002464,Paid,2022-12-20 16:17:39,357.31,aud,Subscription creation
ch_0002465,Paid,2022-12-20 16:49:00,187.86,aud,Subscription creation
ch_0002466,Paid,2022-12-21 10:19:43,201.71,aud,Subscription update
ch_0002467,Paid,2022-12-21 13:17:59,196.01,aud,Subscription update
ch_0002468,Paid,2022-12-21 13:25:30,2174.08,aud,Package initiation
ch_0002469,Paid,2022-12-21 13:45:01,604.1,aud,Subscription update
ch_0002470,Paid,2022-12-21 19:09:05,615.88,aud,Subscription update
ch_0002471,Paid,2022-12-21 20:36:40,199.0,aud,Subscription update
ch_0002472,Paid,2022-12-22 09:12:14,202.38,aud,Subscription creation
ch_0002473,Paid,2022-12-22 10:37:16,328.42,aud,IV League - Booking
ch_0002474,Paid,2022-12-22 11:00:06,352.7,aud,Subscription update
ch_0002475,Paid,2022-12-22 11:13:01,353.24,aud,Subscription update
ch_0002476,Paid,2022-12-22 14:07:22,198.25,aud,Subscription update
ch_0002477,Paid,2022-12-22 19:07:40,202.67,aud,Subscription update
ch_0002478,Paid,2022-12-23 12:20:25,353.13,aud,Subscription update
ch_0002479,Paid,2022-12-23 16:28:28,351.25,aud,Subscription update
ch_0002480,Paid,2022-12-24 06:49:59,201.8,aud,Subscription creation
ch_0002481,Paid,2022-12-24 08:09:31,362.96,aud,Subscription update
ch_0002482,Paid,2022-12-24 10:29:23,597.38,aud,Subscription update
ch_0002483,Paid,2022-12-24 13:09:03,356.39,aud,Subscription update
ch_0002484,Paid,2022-12-24 18:08:11,344.9,aud,Subscription update
ch_0002485,Paid,2022-12-25 09:31:45,363.25,aud,Subscription update
ch_0002486,Paid,2022-12-25 09:42:34,447.74,aud,Initial consultation
ch_0002487,Paid,2022-12-25 12:22:44,196.59,aud,Subscription update
ch_0002488,Paid,2022-12-25 16:30:23,330.48,aud,Subscription creation
ch_0002489,Paid,2022-12-25 20:51:56,204.76,aud,Subscription update
ch_0002490,Paid,2022-12-26 06:55:56,201.38,aud,Subscription update
ch_0002491,Paid,2022-12-26 08:00:39,339.66,aud,Subscription update
ch_0002492,Paid,2022-12-26 08:13:14,199.27,aud,Subscription update
ch_0002493,Paid,2022-12-26 08:16:45,564.48,aud,Subscription update
ch_0002494,Paid,2022-12-26 09:30:41,199.4,aud,Subscription update
ch_0002495,Paid,2022-12-26 13:16:13,195.79,aud,Subscription update
ch_0002496,Paid,2022-12-27 09:07:41,581.79,aud,Subscription update
ch_0002497,Paid,2022-12-27 10:45:11,199.12,aud,Subscription creation
ch_0002498,Paid,2022-12-27 11:17:10,205.46,aud,Subscription update
ch_0002499,Paid,2022-12-27 12:15:17,350.45,aud,Subscription update
ch_0002500,Paid,2022-12-27 17:19:48,341.71,aud,Subscription update
ch_0002501,Paid,2022-12-27 20:00:40,201.4,aud,Subscription update
ch_0002502,Paid,2022-12-27 20:04:09,346.31,aud,Subscription update
ch_0002503,Paid,2022-12-27 20:14:27,360.72,aud,Subscription update
ch_0002504,Paid,2022-12-27 20:30:31,346.05,aud,Subscription creation
ch_0002505,Paid,2022-12-28 11:12:56,611.03,aud,Subscription update
ch_0002506,Paid,2022-12-28 16:11:21,202.12,aud,Subscription update
ch_0002507,Paid,2022-12-28 19:38:37,198.2,aud,Subscription update
ch_0002508,Paid,2022-12-29 06:05:39,591.47,aud,Subscription update
ch_0002509,Paid,2022-12-29 07:47:16,199.98,aud,Subscription update
ch_0002510,Paid,2022-12-29 11:24:36,345.8,aud,Subscription creation
ch_0002511,Paid,2022-12-29 14:21:02,341.17,aud,Subscription update
ch_0002512,Paid,2022-12-29 15:19:31,197.05,aud,Subscription update
ch_0002513,Paid,2022-12-30 07:31:32,200.36,aud,Subscription creation
ch_0002514,Paid,2022-12-30 08:50:03,166.31,aud,IV League - Booking
ch_0002515,Paid,2022-12-30 09:04:02,606.89,aud,Subscription update
ch_0002516,Paid,2022-12-30 09:48:06,345.64,aud,Subscription update
ch_0002517,Paid,2022-12-30 13:04:18,202.14,aud,Subscription creation
ch_0002518,Paid,2022-12-30 18:35:19,185.87,aud,IV League - Booking
ch_0002519,Paid,2022-12-31 07:21:48,338.98,aud,Subscription update
ch_0002520,Paid,2022-12-31 16:50:23,339.64,aud,Subscription update
ch_0002521,Paid,2022-12-31 20:15:36,192.21,aud,Subscription update
ch_0002522,Paid,2023-01-01 06:00:52,199.39,aud,Subscription update
ch_0002523,Paid,2023-01-01 09:15:03,198.21,aud,Subscription update
ch_0002524,Paid,2023-01-01 09:21:12,351.24,aud,Subscription creation
ch_0002525,Paid,2023-01-01 15:10:57,240.4,aud,Initial consultation
ch_0002526,Paid,2023-01-01 15:32:15,197.84,aud,Subscription creation
ch_0002527,Paid,2023-01-01 19:09:44,159.64,aud,IV League - Booking
ch_0002528,Paid,2023-01-02 06:02:34,200.14,aud,Subscription update
ch_0002529,Paid,2023-01-02 11:15:53,196.35,aud,Subscription update
ch_0002530,Paid,2023-01-02 15:15:12,198.63,aud,Subscription creation
ch_0002531,Paid,2023-01-02 15:15:31,585.92,aud,Subscription creation
ch_0002532,Paid,2023-01-02 18:15:43,194.51,aud,Subscription creation
ch_0002533,Paid,2023-01-02 19:12:16,200.29,aud,Subscription update
ch_0002534,Paid,2023-01-02 20:42:58,344.5,aud,Subscription update
ch_0002535,Paid,2023-01-03 12:10:34,324.59,aud,IV League - Booking
ch_0002536,Paid,2023-01-03 12:59:48,600.45,aud,Subscription creation
ch_0002537,Paid,2023-01-03 18:22:53,590.23,aud,Subscription update
ch_0002538,Paid,2023-01-04 06:29:15,197.0,aud,Subscription update
ch_0002539,Paid,2023-01-04 15:58:32,194.97,aud,Subscription creation
ch_0002540,Paid,2023-01-04 17:53:24,342.08,aud,Subscription update
ch_0002541,Paid,2023-01-04 18:00:34,340.48,aud,Subscription update
ch_0002542,Paid,2023-01-04 18:35:20,200.26,aud,Subscription update
ch_0002543,Paid,2023-01-05 07:36:14,201.01,aud,Subscription update
ch_0002544,Paid,2023-01-05 08:41:25,194.8,aud,Subscription update
ch_0002545,Paid,2023-01-05 12:15:23,202.0,aud,Subscription update
ch_0002546,Paid,2023-01-05 15:25:40,198.09,aud,Subscription creation
ch_0002547,Paid,2023-01-05 17:58:26,398.48,aud,IV League - Booking
ch_0002548,Paid,2023-01-05 19:19:02,204.75,aud,Subscription update
ch_0002549,Paid,2023-01-05 19:41:02,605.64,aud,Subscription update
ch_0002550,Paid,2023-01-06 18:53:09,195.31,aud,Subscription update
ch_0002551,Paid,2023-01-06 19:19:41,197.59,aud,Subscription update
ch_0002552,Paid,2023-01-06 20:40:38,247.82,aud,IV League - Booking
ch_0002553,Paid,2023-01-07 06:59:31,614.41,aud,Subscription update
ch_0002554,Paid,2023-01-07 08:32:57,352.89,aud,Subscription update
ch_0002555,Paid,2023-01-07 09:03:47,625.95,aud,Subscription creation
ch_0002556,Paid,2023-01-07 14:38:54,203.61,aud,Subscription creation
ch_0002557,Paid,2023-01-07 15:11:05,348.69,aud,Subscription update
ch_0002558,Paid,2023-01-07 15:49:07,195.8,aud,Subscription update
ch_0002559,Paid,2023-01-08 11:09:31,197.01,aud,Subscription update
ch_0002560,Paid,2023-01-08 15:42:56,596.52,aud,Subscription update
ch_0002561,Paid,2023-01-08 18:27:40,199.86,aud,Subscription creation
ch_0002562,Paid,2023-01-09 07:04:38,365.68,aud,Subscription creation
ch_0002563,Paid,2023-01-09 14:05:13,353.49,aud,Subscription update
ch_0002564,Paid,2023-01-09 14:25:24,195.89,aud,Subscription update
ch_0002565,Paid,2023-01-09 20:31:09,271.86,aud,IV League - Booking
ch_0002566,Paid,2023-01-10 08:21:56,197.6,aud,Subscription update
ch_0002567,Paid,2023-01-10 08:53:20,352.43,aud,Subscription update
ch_0002568,Paid,2023-01-10 10:00:16,197.71,aud,Subscription creation
ch_0002569,Paid,2023-01-10 13:06:10,201.32,aud,Subscription update
ch_0002570,Paid,2023-01-10 14:39:29,201.22,aud,Subscription creation
ch_0002571,Paid,2023-01-10 16:19:42,203.59,aud,Subscription update
ch_0002572,Paid,2023-01-10 20:18:22,196.5,aud,Subscription update
ch_0002573,Paid,2023-01-11 08:04:05,202.92,aud,Subscription update
ch_0002574,Paid,2023-01-11 08:40:57,201.99,aud,Subscription update
ch_0002575,Paid,2023-01-11 12:49:18,197.02,aud,Subscription creation
ch_0002576,Paid,2023-01-11 12:50:54,337.06,aud,Subscription update
ch_0002577,Paid,2023-01-11 12:58:39,193.83,aud,Subscription update
ch_0002578,Paid,2023-01-11 17:29:18,611.72,aud,Subscription update
ch_0002579,Paid,2023-01-11 18:51:08,618.79,aud,Subscription update
ch_0002580,Paid,2023-01-12 06:33:12,198.88,aud,Subscription creation
ch_0002581,Paid,2023-01-12 08:58:48,341.73,aud,Subscription update
ch_0002582,Paid,2023-01-12 15:34:27,346.58,aud,Subscription update
ch_0002583,Paid,2023-01-12 16:48:40,590.46,aud,Subscription update
ch_0002584,Paid,2023-01-12 17:00:39,196.76,aud,Subscription update
ch_0002585,Paid,2023-01-12 17:29:20,199.69,aud,Subscription update
ch_0002586,Paid,2023-01-12 17:30:06,591.83,aud,Subscription update
ch_0002587,Paid,2023-01-12 18:33:59,198.02,aud,Subscription creation
ch_0002588,Paid,2023-01-13 10:20:41,194.87,aud,Subscription update
ch_0002589,Paid,2023-01-13 10:41:40,195.99,aud,Subscription update
ch_0002590,Paid,2023-01-13 12:02:52,195.62,aud,Subscription update
ch_0002591,Paid,2023-01-13 12:59:59,261.82,aud,IV League - Booking
ch_0002592,Paid,2023-01-13 14:46:05,353.44,aud,Initial consultation
ch_0002593,Paid,2023-01-13 15:01:35,197.12,aud,Subscription update
ch_0002594,Paid,2023-01-13 16:26:02,351.83,aud,Subscription update
ch_0002595,Paid,2023-01-14 09:05:35,354.32,aud,Subscription update
ch_0002596,Paid,2023-01-14 13:54:48,332.99,aud,Subscription update
ch_0002597,Paid,2023-01-14 15:13:04,196.78,aud,Subscription creation
ch_0002598,Paid,2023-01-14 17:39:42,351.69,aud,Subscription update
ch_0002599,Paid,2023-01-14 20:09:17,603.5,aud,Subscription update
ch_0002600,Paid,2023-01-15 11:31:39,344.43,aud,Subscription creation
ch_0002601,Paid,2023-01-15 12:14:24,345.37,aud,Subscription creation
ch_0002602,Paid,2023-01-15 13:20:58,201.13,aud,Subscription update
ch_0002603,Paid,2023-01-15 14:06:27,198.25,aud,Subscription update
ch_0002604,Paid,2023-01-15 14:37:56,602.99,aud,Subscription update
ch_0002605,Paid,2023-01-16 12:31:25,195.45,aud,Subscription update
ch_0002606,Paid,2023-01-16 17:11:45,192.79,aud,Subscription update
ch_0002607,Paid,2023-01-17 08:52:15,350.29,aud,Subscription update
ch_0002608,Paid,2023-01-17 18:32:17,363.6,aud,Subscription update
ch_0002609,Paid,2023-01-18 06:42:57,341.06,aud,Subscription update
ch_0002610,Paid,2023-01-18 09:24:57,191.13,aud,Subscription update
ch_0002611,Paid,2023-01-18 12:48:36,601.0,aud,Subscription update
ch_0002612,Paid,2023-01-18 14:54:34,606.02,aud,Subscription update
ch_0002613,Paid,2023-01-18 19:06:03,199.6,aud,Subscription update
ch_0002614,Paid,2023-01-18 20:06:37,192.27,aud,Subscription update
ch_0002615,Paid,2023-01-19 06:25:41,347.37,aud,Subscription update
ch_0002616,Paid,2023-01-19 10:24:09,199.94,aud,Subscription update
ch_0002617,Paid,2023-01-19 10:53:15,195.93,aud,Subscription update
ch_0002618,Paid,2023-01-19 12:22:34,203.0,aud,Subscription creation
ch_0002619,Paid,2023-01-20 07:15:27,197.03,aud,Subscription update
ch_0002620,Paid,2023-01-20 11:12:50,351.62,aud,Subscription update
ch_0002621,Paid,2023-01-20 12:03:17,201.42,aud,Subscription update
ch_0002622,Paid,2023-01-20 13:41:16,602.17,aud,Subscription update
ch_0002623,Paid,2023-01-20 17:36:19,351.61,aud,Subscription update
ch_0002624,Paid,2023-01-21 08:40:20,199.06,aud,Subscription update
ch_0002625,Paid,2023-01-21 09:37:27,347.08,aud,Subscription update
ch_0002626,Paid,2023-01-21 12:54:51,358.63,aud,Subscription update
ch_0002627,Paid,2023-01-21 12:56:41,167.2,aud,IV League - Booking
ch_0002628,Paid,2023-01-21 16:00:08,351.07,aud,Subscription update
ch_0002629,Paid,2023-01-22 11:21:04,195.41,aud,Subscription update
ch_0002630,Paid,2023-01-22 16:04:22,205.44,aud,Subscription update
ch_0002631,Paid,2023-01-22 17:11:51,339.86,aud,Subscription update
ch_0002632,Paid,2023-01-22 17:41:37,610.75,aud,Subscription creation
ch_0002633,Paid,2023-01-22 19:33:08,348.97,aud,Subscription update
ch_0002634,Paid,2023-01-23 06:21:00,197.89,aud,Subscription update
ch_0002635,Paid,2023-01-23 08:17:38,344.64,aud,Subscription update
ch_0002636,Paid,2023-01-23 11:16:46,194.99,aud,Subscription update
ch_0002637,Paid,2023-01-23 11:26:54,358.98,aud,Subscription update
ch_0002638,Paid,2023-01-23 12:42:53,352.89,aud,Subscription update
ch_0002639,Paid,2023-01-23 13:12:13,603.66,aud,Subscription update
ch_0002640,Paid,2023-01-23 13:53:30,338.27,aud,Subscription update
ch_0002641,Paid,2023-01-23 15:29:55,198.02,aud,Subscription update
ch_0002642,Paid,2023-01-23 15:49:23,598.37,aud,Subscription update
ch_0002643,Paid,2023-01-23 17:40:41,199.06,aud,Subscription update
ch_0002644,Paid,2023-01-24 08:40:58,196.31,aud,Subscription update
ch_0002645,Paid,2023-01-24 11:06:18,591.03,aud,Subscription update
ch_0002646,Paid,2023-01-24 14:23:35,345.14,aud,Subscription update
ch_0002647,Paid,2023-01-24 15:06:14,200.36,aud,Subscription update
ch_0002648,Paid,2023-01-24 15:18:25,203.72,aud,Subscription creation
ch_0002649,Paid,2023-01-24 18:35:11,205.59,aud,Subscription update
ch_0002650,Paid,2023-01-24 20:29:48,206.82,aud,Subscription creation
ch_0002651,Paid,2023-01-25 07:09:56,206.58,aud,Subscription update
ch_0002652,Paid,2023-01-25 07:29:54,347.87,aud,Subscription update
ch_0002653,Paid,2023-01-25 10:28:08,341.58,aud,Subscription update
ch_0002654,Paid,2023-01-25 11:51:06,464.0,aud,IV League - Booking
ch_0002655,Paid,2023-01-25 13:53:04,204.24,aud,Subscription update
ch_0002656,Paid,2023-01-25 15:15:26,201.71,aud,Subscription creation
ch_0002657,Paid,2023-01-25 20:08:06,348.5,aud,Subscription update
ch_0002658,Paid,2023-01-26 06:39:04,347.6,aud,Subscription update
ch_0002659,Paid,2023-01-26 11:09:59,177.99,aud,IV League - Booking
ch_0002660,Paid,2023-01-26 11:23:51,201.92,aud,Subscription update
ch_0002661,Paid,2023-01-26 12:37:37,607.59,aud,Subscription update
ch_0002662,Paid,2023-01-26 18:15:58,352.15,aud,Subscription update
ch_0002663,Paid,2023-01-27 12:08:27,181.68,aud,IV League - Booking
ch_0002664,Paid,2023-01-27 13:15:53,346.63,aud,Initial consultation
ch_0002665,Paid,2023-01-27 15:42:26,583.56,aud,Subscription update
ch_0002666,Paid,2023-01-27 16:43:43,195.71,aud,Subscription update
ch_0002667,Paid,2023-01-27 20:54:03,602.23,aud,Subscription update
ch_0002668,Paid,2023-01-28 09:12:13,197.37,aud,Subscription update
ch_0002669,Paid,2023-01-28 09:51:38,200.7,aud,Subscription update
ch_0002670,Paid,2023-01-28 12:16:29,349.68,aud,Subscription update
ch_0002671,Paid,2023-01-28 13:40:08,196.44,aud,Subscription update
ch_0002672,Paid,2023-01-28 14:51:33,195.65,aud,Subscription update
ch_0002673,Paid,2023-01-28 16:25:12,190.19,aud,Subscription update
ch_0002674,Paid,2023-01-28 16:37:51,201.38,aud,Subscription update
ch_0002675,Paid,2023-01-28 17:39:10,347.37,aud,Subscription update
ch_0002676,Paid,2023-01-28 18:25:50,593.62,aud,Subscription update
ch_0002677,Paid,2023-01-29 13:21:16,199.73,aud,Subscription update
ch_0002678,Paid,2023-01-29 13:50:20,200.94,aud,Subscription update
ch_0002679,Paid,2023-01-29 20:13:26,342.16,aud,Subscription update
ch_0002680,Paid,2023-01-30 06:34:28,197.87,aud,Subscription update
ch_0002681,Paid,2023-01-30 07:52:20,2237.06,aud,Package initiation
ch_0002682,Paid,2023-01-30 09:35:04,612.69,aud,Subscription update
ch_0002683,Paid,2023-01-30 09:40:08,339.05,aud,Subscription creation
ch_0002684,Paid,2023-01-30 10:46:00,608.63,aud,Subscription creation
ch_0002685,Paid,2023-01-31 07:50:19,594.51,aud,Subscription update
ch_0002686,Paid,2023-01-31 09:08:05,583.41,aud,Subscription update
ch_0002687,Paid,2023-01-31 10:42:03,202.16,aud,Subscription update
ch_0002688,Paid,2023-01-31 13:31:08,604.58,aud,Subscription creation
ch_0002689,Paid,2023-02-01 07:15:20,352.88,aud,Subscription creation
ch_0002690,Paid,2023-02-01 08:22:56,349.87,aud,Subscription update
ch_0002691,Paid,2023-02-01 09:38:29,272.78,aud,Initial consultation
ch_0002692,Paid,2023-02-01 12:41:28,208.99,aud,Subscription update
ch_0002693,Paid,2023-02-01 14:19:25,347.71,aud,Subscription update
ch_0002694,Paid,2023-02-01 15:19:49,201.89,aud,Subscription update
ch_0002695,Paid,2023-02-01 20:18:18,196.67,aud,Subscription update
ch_0002696,Paid,2023-02-01 20:42:45,600.18,aud,Subscription update
ch_0002697,Paid,2023-02-02 06:29:16,192.09,aud,Subscription update
ch_0002698,Paid,2023-02-02 13:45:27,206.06,aud,Subscription update
ch_0002699,Paid,2023-02-02 17:12:01,348.19,aud,Subscription update
ch_0002700,Paid,2023-02-02 17:42:54,601.88,aud,Subscription update
ch_0002701,Paid,2023-02-02 18:52:06,195.81,aud,Subscription update
ch_0002702,Paid,2023-02-03 09:43:50,197.86,aud,Subscription update
ch_0002703,Failed,2023-02-03 13:54:19,349.0,aud,Subscription update
ch_0002704,Paid,2023-02-03 14:27:24,583.7,aud,Subscription update
ch_0002705,Paid,2023-02-03 14:37:38,198.99,aud,Subscription update
ch_0002706,Paid,2023-02-04 14:15:30,201.5,aud,Subscription update
ch_0002707,Paid,2023-02-04 16:34:06,196.29,aud,Subscription update
ch_0002708,Paid,2023-02-04 16:36:30,338.62,aud,Subscription update
ch_0002709,Paid,2023-02-04 17:43:36,200.6,aud,Subscription creation
ch_0002710,Paid,2023-02-04 18:36:28,345.62,aud,Subscription update
ch_0002711,Paid,2023-02-04 19:30:24,197.12,aud,Subscription update
ch_0002712,Paid,2023-02-04 19:50:41,347.93,aud,Subscription creation
ch_0002713,Paid,2023-02-05 09:05:26,330.31,aud,IV League - Booking
ch_0002714,Paid,2023-02-05 10:26:54,192.69,aud,Subscription update
ch_0002715,Paid,2023-02-05 11:04:58,200.73,aud,Subscription update
ch_0002716,Paid,2023-02-05 14:51:57,195.57,aud,Subscription update
ch_0002717,Paid,2023-02-05 15:56:28,351.22,aud,Subscription update
ch_0002718,Paid,2023-02-05 16:55:05,340.36,aud,Subscription update
ch_0002719,Paid,2023-02-05 20:08:33,351.44,aud,Subscription update
ch_0002720,Paid,2023-02-06 10:17:25,202.37,aud,Subscription update
ch_0002721,Paid,2023-02-06 15:09:27,200.83,aud,Subscription creation
ch_0002722,Paid,2023-02-06 16:08:38,352.97,aud,Subscription update
ch_0002723,Paid,2023-02-07 09:32:34,598.91,aud,Subscription update
ch_0002724,Paid,2023-02-07 10:04:18,206.82,aud,Subscription update
ch_0002725,Paid,2023-02-07 18:09:45,196.49,aud,Subscription update
ch_0002726,Paid,2023-02-07 20:42:19,198.6,aud,Subscription update
ch_0002727,Paid,2023-02-07 20:57:33,197.5,aud,Subscription update
ch_0002728,Paid,2023-02-08 10:22:36,199.49,aud,Subscription update
ch_0002729,Paid,2023-02-08 17:07:59,593.15,aud,Subscription update
ch_0002730,Paid,2023-02-08 20:02:12,196.0,aud,Subscription update
ch_0002731,Paid,2023-02-09 12:25:09,196.09,aud,Subscription update
ch_0002732,Paid,2023-02-09 14:22:04,1430.15,aud,Invoice payment
ch_0002733,Paid,2023-02-09 14:22:38,202.37,aud,Subscription update
ch_0002734,Paid,2023-02-09 17:08:27,199.71,aud,Subscription update
ch_0002735,Paid,2023-02-09 18:41:16,347.19,aud,Subscription update
ch_0002736,Paid,2023-02-10 06:02:42,197.39,aud,Subscription update
ch_0002737,Paid,2023-02-10 08:10:39,204.69,aud,Subscription update
ch_0002738,Paid,2023-02-10 11:49:59,598.09,aud,Subscription update
ch_0002739,Paid,2023-02-10 14:00:11,200.73,aud,Subscription update
ch_0002740,Paid,2023-02-10 17:49:01,194.94,aud,Subscription update
ch_0002741,Paid,2023-02-11 14:07:57,585.02,aud,Subscription update
ch_0002742,Paid,2023-02-11 15:48:03,347.9,aud,Subscription update
ch_0002743,Paid,2023-02-11 18:22:21,344.05,aud,Subscription creation
ch_0002744,Paid,2023-02-11 18:22:44,201.16,aud,Subscription update
ch_0002745,Paid,2023-02-11 18:23:46,190.49,aud,Subscription update
ch_0002746,Paid,2023-02-12 07:02:00,204.74,aud,Subscription update
ch_0002747,Paid,2023-02-12 08:29:08,198.14,aud,Subscription update
ch_0002748,Paid,2023-02-12 10:37:22,348.09,aud,Subscription update
ch_0002749,Paid,2023-02-12 13:47:25,197.79,aud,Subscription update
ch_0002750,Paid,2023-02-12 14:43:29,587.06,aud,Subscription update
ch_0002751,Paid,2023-02-13 10:06:10,196.76,aud,Subscription update
ch_0002752,Paid,2023-02-13 11:12:15,199.6,aud,Subscription update
ch_0002753,Paid,2023-02-13 13:18:23,205.73,aud,Subscription update
ch_0002754,Paid,2023-02-13 16:47:45,355.13,aud,Subscription update
ch_0002755,Paid,2023-02-14 06:38:01,2602.13,aud,Package initiation
ch_0002756,Paid,2023-02-14 14:18:23,346.55,aud,Subscription update
ch_0002757,Paid,2023-02-14 16:40:28,349.35,aud,Subscription update
ch_0002758,Paid,2023-02-14 16:58:19,202.26,aud,Subscription update
ch_0002759,Paid,2023-02-14 17:41:14,193.01,aud,Subscription update
ch_0002760,Paid,2023-02-14 19:36:01,349.09,aud,Subscription update
ch_0002761,Paid,2023-02-14 20:42:11,193.51,aud,Subscription creation
ch_0002762,Paid,2023-02-15 10:36:33,195.67,aud,Subscription update
ch_0002763,Paid,2023-02-15 16:36:40,353.78,aud,Subscription update
ch_0002764,Paid,2023-02-15 17:11:40,351.64,aud,Subscription update
ch_0002765,Paid,2023-02-15 17:15:29,356.47,aud,Subscription update
ch_0002766,Paid,2023-02-15 18:01:16,352.17,aud,Subscription update
ch_0002767,Paid,2023-02-15 18:28:53,196.94,aud,Subscription update
ch_0002768,Paid,2023-02-16 12:27:18,599.46,aud,Subscription creation
ch_0002769,Paid,2023-02-16 12:58:44,200.63,aud,Subscription update
ch_0002770,Paid,2023-02-16 13:32:13,205.34,aud,Subscription update
ch_0002771,Paid,2023-02-16 14:29:23,198.92,aud,Subscription update
ch_0002772,Paid,2023-02-16 16:02:20,344.86,aud,Subscription creation
ch_0002773,Paid,2023-02-16 17:50:56,190.62,aud,Subscription update
ch_0002774,Paid,2023-02-16 19:59:01,581.24,aud,Subscription update
ch_0002775,Paid,2023-02-16 20:50:05,195.69,aud,Subscription update
ch_0002776,Paid,2023-02-17 06:40:01,1585.09,aud,Invoice payment
ch_0002777,Paid,2023-02-17 13:46:16,199.7,aud,Subscription update
ch_0002778,Paid,2023-02-17 14:01:03,342.75,aud,Subscription update
ch_0002779,Paid,2023-02-17 20:44:41,345.56,aud,Subscription creation
ch_0002780,Paid,2023-02-18 07:05:44,201.35,aud,Subscription update
ch_0002781,Paid,2023-02-18 09:21:11,195.65,aud,Subscription update
ch_0002782,Paid,2023-02-18 09:44:37,353.9,aud,Subscription update
ch_0002783,Paid,2023-02-18 11:33:42,586.02,aud,Subscription update
ch_0002784,Paid,2023-02-18 11:54:55,210.23,aud,Subscription update
ch_0002785,Paid,2023-02-18 12:53:24,591.23,aud,Subscription update
ch_0002786,Paid,2023-02-18 13:39:04,197.27,aud,Subscription update
ch_0002787,Paid,2023-02-19 06:47:49,601.06,aud,Subscription update
ch_0002788,Paid,2023-02-19 07:11:55,207.73,aud,Subscription update
ch_0002789,Paid,2023-02-19 08:10:40,342.53,aud,Subscription update
ch_0002790,Paid,2023-02-19 19:22:08,344.62,aud,Subscription update
ch_0002791,Paid,2023-02-20 07:54:30,346.22,aud,Subscription update
ch_0002792,Paid,2023-02-20 08:43:48,622.15,aud,Subscription update
ch_0002793,Paid,2023-02-20 10:32:26,197.09,aud,Subscription update
ch_0002794,Paid,2023-02-20 11:30:49,348.36,aud,Subscription creation
ch_0002795,Paid,2023-02-20 13:14:16,198.58,aud,Subscription update
ch_0002796,Paid,2023-02-20 18:54:17,197.35,aud,Subscription update
ch_0002797,Paid,2023-02-21 07:37:29,205.59,aud,Subscription update
ch_0002798,Paid,2023-02-21 10:01:16,203.45,aud,Subscription update
ch_0002799,Paid,2023-02-21 11:29:49,200.15,aud,Subscription update
ch_0002800,Paid,2023-02-21 15:40:31,352.76,aud,Subscription update
ch_0002801,Paid,2023-02-21 19:31:33,195.43,aud,Subscription creation
ch_0002802,Paid,2023-02-21 20:27:43,346.87,aud,Subscription update
ch_0002803,Paid,2023-02-22 06:05:31,195.69,aud,Subscription creation
ch_0002804,Paid,2023-02-22 06:35:24,194.4,aud,Subscription update
ch_0002805,Paid,2023-02-22 13:46:23,195.75,aud,Subscription update
ch_0002806,Paid,2023-02-22 19:12:06,198.09,aud,Subscription update
ch_0002807,Paid,2023-02-23 06:45:19,202.16,aud,Subscription update
ch_0002808,Paid,2023-02-23 10:18:00,349.88,aud,Subscription update
ch_0002809,Paid,2023-02-23 11:02:26,200.9,aud,Subscription update
ch_0002810,Paid,2023-02-23 12:49:18,357.7,aud,Subscription update
ch_0002811,Paid,2023-02-23 13:56:24,198.23,aud,Subscription update
ch_0002812,Paid,2023-02-23 18:12:25,603.27,aud,Subscription update
ch_0002813,Paid,2023-02-24 06:13:13,349.32,aud,Subscription update
ch_0002814,Paid,2023-02-24 07:22:31,195.33,aud,Subscription update
ch_0002815,Paid,2023-02-24 09:17:25,8377.15,aud,Corporate wellness - Keyman
ch_0002816,Paid,2023-02-24 12:03:42,199.89,aud,Subscription update
ch_0002817,Paid,2023-02-24 13:26:24,585.92,aud,Subscription update
ch_0002818,Paid,2023-02-24 13:56:39,346.77,aud,Subscription update
ch_0002819,Paid,2023-02-24 15:44:38,201.61,aud,Subscription update
ch_0002820,Paid,2023-02-24 19:11:19,203.64,aud,Subscription update
ch_0002821,Paid,2023-02-25 06:58:41,201.4,aud,Subscription update
ch_0002822,Paid,2023-02-25 10:53:55,201.68,aud,Subscription update
ch_0002823,Paid,2023-02-25 10:54:10,589.44,aud,Subscription update
ch_0002824,Paid,2023-02-25 17:52:22,594.82,aud,Subscription update
ch_0002825,Paid,2023-02-25 19:16:09,583.89,aud,Subscription update
ch_0002826,Paid,2023-02-26 06:14:40,195.96,aud,Subscription update
ch_0002827,Paid,2023-02-26 09:45:36,199.96,aud,Subscription creation
ch_0002828,Paid,2023-02-26 12:18:00,199.56,aud,Subscription update
ch_0002829,Paid,2023-02-26 15:48:37,198.35,aud,Subscription update
ch_0002830,Paid,2023-02-27 06:03:03,340.27,aud,Subscription creation
ch_0002831,Paid,2023-02-27 09:46:46,201.02,aud,Subscription update
ch_0002832,Paid,2023-02-27 11:11:12,197.19,aud,Subscription creation
ch_0002833,Paid,2023-02-27 12:27:23,200.04,aud,Subscription update
ch_0002834,Paid,2023-02-27 13:35:48,201.88,aud,Subscription update
ch_0002835,Paid,2023-02-27 14:56:36,198.59,aud,Subscription creation
ch_0002836,Paid,2023-02-27 18:16:24,201.01,aud,Subscription update
ch_0002837,Paid,2023-02-27 19:52:02,354.87,aud,Subscription update
ch_0002838,Paid,2023-02-28 08:40:43,339.97,aud,Subscription update
ch_0002839,Paid,2023-02-28 09:05:27,353.27,aud,Subscription update
ch_0002840,Paid,2023-02-28 09:30:19,200.42,aud,Subscription update
ch_0002841,Paid,2023-02-28 09:54:20,1644.73,aud,Invoice payment
ch_0002842,Paid,2023-02-28 10:33:50,195.81,aud,Subscription update
ch_0002843,Paid,2023-02-28 10:49:10,330.85,aud,Subscription update
ch_0002844,Paid,2023-02-28 12:21:01,351.84,aud,Subscription update
ch_0002845,Paid,2023-02-28 14:01:40,188.9,aud,Subscription update
ch_0002846,Paid,2023-02-28 15:03:39,361.13,aud,Subscription update
ch_0002847,Paid,2023-02-28 17:38:55,198.97,aud,Subscription update
ch_0002848,Paid,2023-03-01 08:40:30,595.61,aud,Subscription update
ch_0002849,Paid,2023-03-01 13:55:33,201.12,aud,Subscription update
ch_0002850,Paid,2023-03-01 17:25:51,199.99,aud,Subscription update
ch_0002851,Paid,2023-03-01 19:06:07,359.44,aud,Subscription update
ch_0002852,Paid,2023-03-01 20:16:55,200.82,aud,Subscription update
ch_0002853,Paid,2023-03-02 10:08:00,345.98,aud,Subscription update
ch_0002854,Paid,2023-03-02 11:16:23,197.46,aud,Subscription update
ch_0002855,Paid,2023-03-02 12:26:51,359.38,aud,Subscription update
ch_0002856,Paid,2023-03-02 14:29:17,199.38,aud,Subscription creation
ch_0002857,Paid,2023-03-02 14:43:47,603.57,aud,Subscription update
ch_0002858,Paid,2023-03-03 08:16:37,346.56,aud,Subscription update
ch_0002859,Paid,2023-03-03 08:54:07,337.3,aud,Subscription update
ch_0002860,Paid,2023-03-03 15:42:31,352.05,aud,Subscription update
ch_0002861,Paid,2023-03-04 07:45:11,589.82,aud,Subscription update
ch_0002862,Paid,2023-03-04 08:01:32,347.95,aud,Subscription update
ch_0002863,Paid,2023-03-04 09:48:20,197.17,aud,Subscription update
ch_0002864,Paid,2023-03-04 09:58:10,341.67,aud,Subscription update
ch_0002865,Paid,2023-03-04 17:13:01,197.12,aud,Subscription update
ch_0002866,Paid,2023-03-04 17:27:35,191.83,aud,Subscription update
ch_0002867,Paid,2023-03-04 19:30:39,199.75,aud,Subscription update
ch_0002868,Paid,2023-03-05 06:20:46,344.05,aud,Subscription update
ch_0002869,Paid,2023-03-05 15:49:31,202.37,aud,Subscription update
ch_0002870,Paid,2023-03-05 17:26:28,203.01,aud,Subscription update
ch_0002871,Paid,2023-03-06 06:22:13,201.54,aud,Subscription update
ch_0002872,Paid,2023-03-06 10:41:19,199.8,aud,Subscription update
ch_0002873,Paid,2023-03-06 10:57:55,200.32,aud,Subscription update
ch_0002874,Paid,2023-03-06 12:28:04,201.1,aud,Subscription update
ch_0002875,Paid,2023-03-06 13:14:52,200.76,aud,Subscription update
ch_0002876,Paid,2023-03-06 13:30:27,202.97,aud,Subscription update
ch_0002877,Paid,2023-03-06 17:54:26,350.58,aud,Subscription update
ch_0002878,Paid,2023-03-06 20:44:55,200.29,aud,Subscription update
ch_0002879,Paid,2023-03-07 06:21:22,354.48,aud,Subscription update
ch_0002880,Paid,2023-03-07 13:36:45,204.37,aud,Subscription update
ch_0002881,Paid,2023-03-07 17:08:05,195.57,aud,Subscription creation
ch_0002882,Paid,2023-03-07 17:33:47,192.43,aud,Subscription update
ch_0002883,Paid,2023-03-07 18:48:22,199.24,aud,Subscription update
ch_0002884,Paid,2023-03-08 11:00:06,322.66,aud,IV League - Booking
ch_0002885,Paid,2023-03-08 11:40:33,359.04,aud,Subscription update
ch_0002886,Paid,2023-03-08 13:53:41,204.21,aud,Subscription update
ch_0002887,Paid,2023-03-08 19:09:57,595.75,aud,Subscription update
ch_0002888,Paid,2023-03-09 08:55:02,203.09,aud,Subscription update
ch_0002889,Paid,2023-03-09 12:26:54,201.3,aud,Subscription update
ch_0002890,Paid,2023-03-09 12:56:29,203.75,aud,Subscription update
ch_0002891,Paid,2023-03-09 15:13:27,606.73,aud,Subscription update
ch_0002892,Paid,2023-03-09 17:51:38,196.62,aud,Subscription update
ch_0002893,Paid,2023-03-09 20:17:37,192.81,aud,Subscription update
ch_0002894,Paid,2023-03-10 07:26:43,203.18,aud,Subscription update
ch_0002895,Paid,2023-03-10 08:18:22,193.52,aud,Subscription creation
ch_0002896,Paid,2023-03-10 08:24:51,599.01,aud,Subscription update
ch_0002897,Paid,2023-03-10 14:30:36,344.51,aud,Subscription update
ch_0002898,Paid,2023-03-10 14:45:03,356.69,aud,Subscription update
ch_0002899,Paid,2023-03-10 16:07:25,197.05,aud,Subscription update
ch_0002900,Paid,2023-03-11 10:07:05,202.77,aud,Subscription update
ch_0002901,Paid,2023-03-11 11:21:15,201.72,aud,Subscription update
ch_0002902,Paid,2023-03-11 13:53:38,199.53,aud,Subscription update
ch_0002903,Paid,2023-03-11 14:56:39,195.1,aud,Subscription update
ch_0002904,Paid,2023-03-11 15:02:32,199.56,aud,Subscription update
ch_0002905,Paid,2023-03-11 18:30:05,340.94,aud,Subscription update
ch_0002906,Paid,2023-03-12 06:39:20,203.36,aud,Subscription creation
ch_0002907,Paid,2023-03-12 11:12:25,356.81,aud,Subscription update
ch_0002908,Paid,2023-03-13 06:26:17,336.99,aud,Subscription update
ch_0002909,Paid,2023-03-13 10:14:11,360.02,aud,Subscription update
ch_0002910,Paid,2023-03-13 11:47:45,201.29,aud,Subscription update
ch_0002911,Paid,2023-03-13 13:19:11,614.13,aud,Subscription update
ch_0002912,Paid,2023-03-13 15:03:14,192.41,aud,Subscription update
ch_0002913,Paid,2023-03-13 16:33:26,198.0,aud,Subscription update
ch_0002914,Paid,2023-03-13 16:45:00,356.24,aud,Subscription update
ch_0002915,Paid,2023-03-13 16:54:31,194.86,aud,Subscription update
ch_0002916,Paid,2023-03-13 19:14:01,359.28,aud,Subscription creation
ch_0002917,Paid,2023-03-13 19:21:42,197.01,aud,Subscription update
ch_0002918,Paid,2023-03-13 19:54:59,340.56,aud,Subscription update
ch_0002919,Paid,2023-03-14 17:07:02,196.53,aud,Subscription update
ch_0002920,Paid,2023-03-14 17:08:52,258.27,aud,IV League - Booking
ch_0002921,Paid,2023-03-14 18:21:52,586.34,aud,Subscription update
ch_0002922,Paid,2023-03-15 09:47:10,203.98,aud,Subscription update
ch_0002923,Paid,2023-03-15 11:19:03,601.14,aud,Subscription update
ch_0002924,Paid,2023-03-15 12:34:05,197.95,aud,Subscription update
ch_0002925,Paid,2023-03-15 14:27:24,199.61,aud,Subscription update
ch_0002926,Paid,2023-03-15 18:45:53,202.07,aud,Subscription update
ch_0002927,Paid,2023-03-15 18:56:43,194.79,aud,Subscription update
ch_0002928,Paid,2023-03-15 20:36:08,601.83,aud,Subscription update
ch_0002929,Paid,2023-03-16 06:34:08,197.41,aud,Subscription update
ch_0002930,Paid,2023-03-16 06:45:34,204.29,aud,Subscription update
ch_0002931,Paid,2023-03-16 09:55:51,205.38,aud,Subscription update
ch_0002932,Paid,2023-03-16 10:09:27,197.39,aud,Subscription update
ch_0002933,Paid,2023-03-16 10:28:58,200.64,aud,Subscription update
ch_0002934,Paid,2023-03-16 11:32:47,348.3,aud,Subscription update
ch_0002935,Paid,2023-03-16 14:39:10,347.16,aud,Subscription update
ch_0002936,Paid,2023-03-16 17:11:04,193.51,aud,Subscription update
ch_0002937,Paid,2023-03-16 17:53:40,206.05,aud,Subscription update
ch_0002938,Paid,2023-03-16 18:33:39,346.83,aud,Subscription update
ch_0002939,Paid,2023-03-17 08:14:10,349.75,aud,Subscription update
ch_0002940,Paid,2023-03-17 12:34:01,361.55,aud,Subscription creation
ch_0002941,Paid,2023-03-17 17:47:40,205.24,aud,Subscription update
ch_0002942,Paid,2023-03-17 19:13:22,196.8,aud,Subscription update
ch_0002943,Paid,2023-03-18 06:23:08,200.22,aud,Subscription update
ch_0002944,Paid,2023-03-18 11:31:15,339.97,aud,Subscription update
ch_0002945,Paid,2023-03-18 16:34:50,201.78,aud,Subscription update
ch_0002946,Paid,2023-03-19 06:28:28,344.29,aud,Subscription update
ch_0002947,Paid,2023-03-19 06:28:54,349.77,aud,Subscription update
ch_0002948,Paid,2023-03-19 06:28:54,203.13,aud,Subscription update
ch_0002949,Paid,2023-03-19 11:25:36,199.43,aud,Subscription creation
ch_0002950,Paid,2023-03-19 13:32:51,344.2,aud,Subscription update
ch_0002951,Paid,2023-03-19 15:10:44,193.88,aud,Subscription update
ch_0002952,Paid,2023-03-19 15:11:12,353.57,aud,Subscription update
ch_0002953,Paid,2023-03-20 10:51:09,197.38,aud,Subscription update
ch_0002954,Paid,2023-03-20 18:23:12,908.05,aud,Longevity panel
ch_0002955,Paid,2023-03-20 19:01:05,200.24,aud,Subscription update
ch_0002956,Paid,2023-03-21 14:01:37,348.52,aud,Subscription update
ch_0002957,Paid,2023-03-21 16:04:54,190.86,aud,Subscription update
ch_0002958,Paid,2023-03-21 20:27:39,363.09,aud,Subscription creation
ch_0002959,Paid,2023-03-22 08:23:54,343.86,aud,Subscription update
ch_0002960,Paid,2023-03-22 09:36:40,356.17,aud,Subscription update
ch_0002961,Paid,2023-03-22 12:00:03,192.5,aud,Subscription update
ch_0002962,Paid,2023-03-22 16:14:09,203.11,aud,Subscription update
ch_0002963,Paid,2023-03-22 19:06:53,202.89,aud,Subscription update
ch_0002964,Paid,2023-03-22 20:29:32,194.99,aud,Subscription creation
ch_0002965,Paid,2023-03-23 08:55:10,192.41,aud,Subscription update
ch_0002966,Paid,2023-03-23 09:53:45,581.53,aud,Longevity panel
ch_0002967,Paid,2023-03-23 12:25:12,597.03,aud,Subscription update
ch_0002968,Paid,2023-03-23 14:29:26,353.25,aud,Subscription update
ch_0002969,Paid,2023-03-23 20:53:00,196.05,aud,Subscription creation
ch_0002970,Paid,2023-03-23 20:59:02,198.77,aud,Subscription update
ch_0002971,Paid,2023-03-24 07:44:57,586.22,aud,Subscription update
ch_0002972,Paid,2023-03-24 10:03:44,2079.36,aud,Invoice payment
ch_0002973,Paid,2023-03-24 11:38:33,190.99,aud,Subscription update
ch_0002974,Paid,2023-03-24 16:45:25,196.64,aud,Subscription update
ch_0002975,Paid,2023-03-24 19:11:45,342.46,aud,Subscription update
ch_0002976,Paid,2023-03-25 07:09:48,201.04,aud,Subscription update
ch_0002977,Paid,2023-03-25 11:42:38,348.89,aud,Subscription update
ch_0002978,Paid,2023-03-25 12:21:38,201.37,aud,Subscription update
ch_0002979,Paid,2023-03-25 13:07:42,195.93,aud,Subscription update
ch_0002980,Paid,2023-03-25 16:10:10,200.57,aud,Subscription update
ch_0002981,Paid,2023-03-26 07:13:43,202.44,aud,Subscription update
ch_0002982,Paid,2023-03-26 17:39:55,353.72,aud,Subscription update
ch_0002983,Paid,2023-03-26 20:50:16,350.72,aud,Subscription update
ch_0002984,Paid,2023-03-27 12:00:56,199.56,aud,Subscription update
ch_0002985,Paid,2023-03-27 12:15:58,199.37,aud,Subscription update
ch_0002986,Paid,2023-03-27 15:10:39,196.1,aud,Subscription update
ch_0002987,Paid,2023-03-27 15:42:17,202.89,aud,Subscription update
ch_0002988,Paid,2023-03-27 18:49:29,351.39,aud,Subscription creation
ch_0002989,Paid,2023-03-28 11:46:07,608.47,aud,Subscription creation
ch_0002990,Paid,2023-03-28 12:20:51,597.22,aud,Subscription creation
ch_0002991,Paid,2023-03-29 18:24:39,206.6,aud,Subscription update
ch_0002992,Paid,2023-03-30 07:38:06,354.25,aud,Subscription creation
ch_0002993,Paid,2023-03-30 08:20:03,195.2,aud,Subscription update
ch_0002994,Paid,2023-03-30 09:37:26,601.5,aud,Subscription update
ch_0002995,Paid,2023-03-30 10:42:58,203.26,aud,Subscription update
ch_0002996,Paid,2023-03-30 12:39:40,197.64,aud,Subscription update
ch_0002997,Paid,2023-03-30 19:40:03,200.61,aud,Subscription update
ch_0002998,Paid,2023-03-31 10:13:20,198.73,aud,Subscription update
ch_0002999,Paid,2023-03-31 12:05:02,194.56,aud,Subscription update
ch_0003000,Paid,2023-03-31 18:37:06,354.05,aud,Subscription update
ch_0003001,Paid,2023-04-01 06:19:36,204.81,aud,Subscription update
ch_0003002,Paid,2023-04-01 09:34:21,363.98,aud,Initial consultation
ch_0003003,Paid,2023-04-01 11:54:33,351.62,aud,Subscription update
ch_0003004,Paid,2023-04-01 16:55:35,315.72,aud,IV League - Booking
ch_0003005,Paid,2023-04-01 18:44:33,197.35,aud,Subscription update
ch_0003006,Paid,2023-04-02 07:23:50,591.59,aud,Subscription update
ch_0003007,Paid,2023-04-02 08:46:42,196.43,aud,Subscription update
ch_0003008,Paid,2023-04-02 16:07:31,349.15,aud,Subscription update
ch_0003009,Paid,2023-04-02 19:02:39,350.11,aud,Subscription creation
ch_0003010,Paid,2023-04-03 06:52:52,605.74,aud,Subscription update
ch_0003011,Paid,2023-04-03 12:43:09,601.71,aud,Subscription update
ch_0003012,Paid,2023-04-03 13:38:57,192.43,aud,Subscription update
ch_0003013,Paid,2023-04-03 14:41:54,602.47,aud,Subscription update
ch_0003014,Paid,2023-04-03 17:49:23,350.01,aud,Subscription update
ch_0003015,Paid,2023-04-04 06:35:22,590.84,aud,Subscription update
ch_0003016,Paid,2023-04-04 06:55:47,191.39,aud,IV League - Booking
ch_0003017,Paid,2023-04-04 08:25:19,196.26,aud,Subscription update
ch_0003018,Paid,2023-04-04 15:14:15,364.83,aud,Subscription creation
ch_0003019,Paid,2023-04-04 18:44:15,197.11,aud,Subscription creation
ch_0003020,Paid,2023-04-05 06:12:22,198.28,aud,Subscription update
ch_0003021,Paid,2023-04-05 06:49:38,194.91,aud,Subscription update
ch_0003022,Paid,2023-04-05 11:37:42,335.3,aud,Subscription update
ch_0003023,Paid,2023-04-05 14:45:43,358.53,aud,Subscription update
ch_0003024,Paid,2023-04-05 16:33:16,613.22,aud,Subscription update
ch_0003025,Paid,2023-04-06 06:36:51,341.67,aud,Subscription update
ch_0003026,Paid,2023-04-06 06:54:33,194.38,aud,Subscription update
ch_0003027,Paid,2023-04-06 14:06:12,349.03,aud,Subscription update
ch_0003028,Paid,2023-04-06 20:37:59,352.62,aud,Subscription update
ch_0003029,Paid,2023-04-07 07:25:22,204.56,aud,Subscription update
ch_0003030,Paid,2023-04-07 08:26:00,619.52,aud,Subscription update
ch_0003031,Paid,2023-04-07 08:58:58,619.56,aud,Subscription update
ch_0003032,Paid,2023-04-07 11:33:38,591.21,aud,Subscription update
ch_0003033,Paid,2023-04-07 11:51:30,590.3,aud,Subscription update
ch_0003034,Paid,2023-04-07 12:49:01,194.5,aud,Subscription update
ch_0003035,Paid,2023-04-07 14:28:53,192.35,aud,Subscription update
ch_0003036,Paid,2023-04-07 16:14:53,204.89,aud,Subscription update
ch_0003037,Paid,2023-04-08 06:47:56,205.65,aud,Subscription update
ch_0003038,Paid,2023-04-08 07:13:17,193.7,aud,Subscription update
ch_0003039,Paid,2023-04-08 10:05:40,195.64,aud,Subscription creation
ch_0003040,Paid,2023-04-08 12:16:11,191.9,aud,Subscription update
ch_0003041,Paid,2023-04-08 14:19:05,193.81,aud,Subscription update
ch_0003042,Paid,2023-04-08 15:21:03,197.93,aud,Subscription update
ch_0003043,Paid,2023-04-08 20:17:23,194.56,aud,Subscription update
ch_0003044,Paid,2023-04-09 11:41:54,195.78,aud,Subscription update
ch_0003045,Paid,2023-04-09 15:33:51,348.87,aud,Subscription update
ch_0003046,Paid,2023-04-09 17:09:32,193.84,aud,Subscription update
ch_0003047,Paid,2023-04-09 19:15:37,203.15,aud,Subscription update
ch_0003048,Paid,2023-04-10 09:21:17,2466.08,aud,Package initiation
ch_0003049,Paid,2023-04-10 13:09:06,337.71,aud,Subscription update
ch_0003050,Paid,2023-04-10 13:27:19,200.31,aud,Subscription update
ch_0003051,Paid,2023-04-10 20:34:03,203.3,aud,Subscription update
ch_0003052,Paid,2023-04-11 16:52:52,205.57,aud,Subscription update
ch_0003053,Paid,2023-04-11 18:16:13,194.5,aud,Subscription update
ch_0003054,Paid,2023-04-11 19:04:48,180.79,aud,IV League - Booking
ch_0003055,Paid,2023-04-11 19:46:27,597.75,aud,Subscription update
ch_0003056,Paid,2023-04-12 10:13:21,591.24,aud,Subscription update
ch_0003057,Paid,2023-04-12 10:55:39,597.04,aud,Subscription update
ch_0003058,Paid,2023-04-12 11:20:15,198.96,aud,Subscription update
ch_0003059,Paid,2023-04-12 17:07:52,586.7,aud,Subscription creation
ch_0003060,Paid,2023-04-12 18:21:31,333.82,aud,Subscription update
ch_0003061,Paid,2023-04-12 19:50:07,349.4,aud,Subscription update
ch_0003062,Paid,2023-04-13 08:48:17,353.91,aud,Subscription update
ch_0003063,Paid,2023-04-13 08:50:00,198.51,aud,Subscription update
ch_0003064,Paid,2023-04-13 14:26:51,200.7,aud,Subscription update
ch_0003065,Paid,2023-04-13 14:47:36,606.81,aud,Subscription update
ch_0003066,Paid,2023-04-13 19:50:31,606.53,aud,Subscription update
ch_0003067,Paid,2023-04-14 16:23:16,195.34,aud,Subscription update
ch_0003068,Paid,2023-04-14 18:34:42,192.78,aud,Subscription update
ch_0003069,Paid,2023-04-15 11:24:18,203.73,aud,Subscription update
ch_0003070,Paid,2023-04-15 12:43:45,348.77,aud,Subscription update
ch_0003071,Paid,2023-04-15 13:44:30,627.71,aud,Subscription update
ch_0003072,Paid,2023-04-15 15:00:02,594.63,aud,Subscription update
ch_0003073,Paid,2023-04-15 16:09:27,200.1,aud,Subscription update
ch_0003074,Paid,2023-04-15 20:07:24,609.53,aud,Subscription update
ch_0003075,Paid,2023-04-16 08:20:03,335.79,aud,Subscription update
ch_0003076,Paid,2023-04-16 12:22:53,206.85,aud,Subscription update
ch_0003077,Paid,2023-04-16 12:31:04,201.65,aud,Subscription update
ch_0003078,Paid,2023-04-16 13:15:35,357.33,aud,Subscription update
ch_0003079,Paid,2023-04-16 16:41:56,194.06,aud,Subscription update
ch_0003080,Paid,2023-04-16 18:36:02,206.33,aud,Subscription creation
ch_0003081,Paid,2023-04-17 06:11:40,194.08,aud,Subscription update
ch_0003082,Paid,2023-04-17 09:20:25,358.57,aud,Subscription update
ch_0003083,Paid,2023-04-17 12:14:46,348.08,aud,Subscription update
ch_0003084,Paid,2023-04-17 18:58:53,196.9,aud,Subscription creation
ch_0003085,Paid,2023-04-17 19:50:36,195.56,aud,Subscription update
ch_0003086,Paid,2023-04-17 20:20:45,203.22,aud,Subscription update
ch_0003087,Paid,2023-04-18 07:49:17,330.89,aud,Subscription update
ch_0003088,Paid,2023-04-18 09:12:41,354.5,aud,Subscription creation
ch_0003089,Paid,2023-04-18 11:58:05,591.19,aud,Subscription update
ch_0003090,Paid,2023-04-18 20:28:04,613.66,aud,Subscription update
ch_0003091,Paid,2023-04-19 06:26:53,350.5,aud,Subscription update
ch_0003092,Paid,2023-04-19 08:20:00,624.62,aud,Subscription update
ch_0003093,Paid,2023-04-19 10:18:01,192.58,aud,Subscription creation
ch_0003094,Paid,2023-04-19 10:46:37,199.43,aud,Subscription update
ch_0003095,Paid,2023-04-19 14:43:24,199.81,aud,Subscription update
ch_0003096,Paid,2023-04-19 14:48:01,348.64,aud,Subscription update
ch_0003097,Paid,2023-04-19 15:36:46,199.65,aud,Subscription update
ch_0003098,Paid,2023-04-19 15:39:34,358.73,aud,Subscription update
ch_0003099,Paid,2023-04-20 09:20:10,199.88,aud,Subscription update
ch_0003100,Paid,2023-04-20 20:15:17,578.07,aud,Subscription update
ch_0003101,Paid,2023-04-21 06:13:48,347.03,aud,Subscription update
ch_0003102,Paid,2023-04-21 09:42:10,205.03,aud,Subscription update
ch_0003103,Paid,2023-04-21 10:32:45,583.5,aud,Subscription update
ch_0003104,Paid,2023-04-21 18:34:45,192.48,aud,Subscription update
ch_0003105,Paid,2023-04-21 20:40:26,204.2,aud,Subscription update
ch_0003106,Paid,2023-04-22 10:52:06,192.85,aud,Subscription update
ch_0003107,Paid,2023-04-22 10:58:46,598.48,aud,Subscription update
ch_0003108,Paid,2023-04-22 12:13:59,354.74,aud,Subscription update
ch_0003109,Paid,2023-04-22 13:49:05,599.54,aud,Subscription update
ch_0003110,Paid,2023-04-22 15:53:31,193.85,aud,Subscription creation
ch_0003111,Paid,2023-04-22 16:35:14,200.55,aud,Subscription creation
ch_0003112,Paid,2023-04-22 19:48:29,195.37,aud,Subscription creation
ch_0003113,Paid,2023-04-23 06:58:24,367.35,aud,Subscription update
ch_0003114,Paid,2023-04-23 18:54:26,197.67,aud,Subscription update
ch_0003115,Paid,2023-04-24 06:47:31,201.11,aud,Subscription update
ch_0003116,Paid,2023-04-24 06:48:04,594.33,aud,Subscription update
ch_0003117,Paid,2023-04-24 08:53:12,412.04,aud,Initial consultation
ch_0003118,Paid,2023-04-24 10:19:27,363.17,aud,Subscription update
ch_0003119,Paid,2023-04-24 17:56:20,197.01,aud,Subscription update
ch_0003120,Paid,2023-04-24 19:13:40,199.32,aud,Subscription update
ch_0003121,Paid,2023-04-25 07:11:48,194.45,aud,Subscription update
ch_0003122,Paid,2023-04-25 11:33:57,200.48,aud,Subscription update
ch_0003123,Paid,2023-04-25 11:50:04,198.1,aud,Subscription update
ch_0003124,Paid,2023-04-25 19:31:33,189.57,aud,Subscription update
ch_0003125,Paid,2023-04-26 10:16:29,196.52,aud,Subscription update
ch_0003126,Paid,2023-04-26 11:26:54,203.09,aud,Subscription creation
ch_0003127,Paid,2023-04-26 18:25:28,352.91,aud,Subscription update
ch_0003128,Paid,2023-04-26 19:17:21,203.12,aud,Subscription update
ch_0003129,Paid,2023-04-26 20:26:49,196.31,aud,Subscription update
ch_0003130,Paid,2023-04-27 06:42:38,624.29,aud,Subscription update
ch_0003131,Paid,2023-04-27 08:30:45,354.49,aud,Subscription update
ch_0003132,Paid,2023-04-27 09:24:46,197.99,aud,Subscription update
ch_0003133,Paid,2023-04-27 10:29:24,190.98,aud,Subscription update
ch_0003134,Paid,2023-04-27 11:21:17,200.51,aud,Subscription update
ch_0003135,Paid,2023-04-27 18:41:58,592.68,aud,Subscription update
ch_0003136,Paid,2023-04-27 19:06:42,199.91,aud,Subscription creation
ch_0003137,Paid,2023-04-27 20:18:52,616.89,aud,Subscription update
ch_0003138,Paid,2023-04-28 07:28:47,342.65,aud,Subscription creation
ch_0003139,Paid,2023-04-28 11:01:55,194.97,aud,Subscription creation
ch_0003140,Paid,2023-04-28 12:29:52,191.51,aud,Subscription update
ch_0003141,Paid,2023-04-28 14:17:06,350.1,aud,Subscription update
ch_0003142,Paid,2023-04-28 14:36:31,198.26,aud,Subscription update
ch_0003143,Paid,2023-04-29 06:05:39,198.05,aud,Subscription update
ch_0003144,Paid,2023-04-29 07:53:02,195.89,aud,Subscription creation
ch_0003145,Paid,2023-04-29 11:29:19,200.66,aud,Subscription update
ch_0003146,Paid,2023-04-29 11:30:11,347.65,aud,Subscription update
ch_0003147,Paid,2023-04-29 16:57:45,197.82,aud,Subscription update
ch_0003148,Paid,2023-04-29 20:38:43,335.31,aud,Subscription creation
ch_0003149,Paid,2023-04-30 06:22:48,346.56,aud,Subscription update
ch_0003150,Paid,2023-04-30 06:24:29,200.97,aud,Subscription update
ch_0003151,Paid,2023-04-30 07:42:53,191.69,aud,Subscription update
ch_0003152,Paid,2023-04-30 11:10:12,194.47,aud,Subscription update
ch_0003153,Paid,2023-04-30 13:50:19,335.55,aud,Subscription update
ch_0003154,Paid,2023-05-01 11:21:47,198.27,aud,Subscription update
ch_0003155,Paid,2023-05-01 18:36:18,342.68,aud,Subscription update
ch_0003156,Paid,2023-05-03 06:49:07,196.64,aud,Subscription update
ch_0003157,Paid,2023-05-03 12:00:59,203.76,aud,Subscription update
ch_0003158,Paid,2023-05-03 12:39:38,196.2,aud,Subscription update
ch_0003159,Paid,2023-05-03 13:03:13,581.54,aud,Subscription update
ch_0003160,Paid,2023-05-03 17:02:49,594.26,aud,Subscription update
ch_0003161,Paid,2023-05-03 19:20:44,347.52,aud,Subscription update
ch_0003162,Paid,2023-05-04 08:47:48,207.57,aud,Subscription update
ch_0003163,Paid,2023-05-04 19:03:03,353.55,aud,Subscription update
ch_0003164,Paid,2023-05-05 09:42:07,341.57,aud,Subscription update
ch_0003165,Paid,2023-05-05 10:54:49,353.08,aud,Subscription update
ch_0003166,Paid,2023-05-05 11:47:11,629.66,aud,Subscription update
ch_0003167,Paid,2023-05-06 06:10:50,195.43,aud,Subscription update
ch_0003168,Paid,2023-05-06 09:23:36,203.16,aud,Subscription update
ch_0003169,Paid,2023-05-06 14:00:56,207.3,aud,Subscription update
ch_0003170,Paid,2023-05-06 15:55:22,353.03,aud,Subscription update
ch_0003171,Paid,2023-05-06 16:19:29,198.86,aud,Subscription update
ch_0003172,Paid,2023-05-07 09:12:31,195.27,aud,Subscription update
ch_0003173,Paid,2023-05-07 10:05:06,200.33,aud,Subscription update
ch_0003174,Paid,2023-05-07 17:00:54,201.12,aud,Subscription creation
ch_0003175,Paid,2023-05-07 20:10:01,586.44,aud,Subscription update
ch_0003176,Paid,2023-05-07 20:51:07,594.08,aud,Subscription update
ch_0003177,Paid,2023-05-08 07:27:23,194.23,aud,Subscription update
ch_0003178,Paid,2023-05-08 07:42:27,347.02,aud,Subscription update
ch_0003179,Paid,2023-05-08 11:25:14,199.52,aud,Subscription creation
ch_0003180,Paid,2023-05-08 16:39:10,261.96,aud,IV League - Booking
ch_0003181,Paid,2023-05-08 18:12:10,204.03,aud,Subscription creation
ch_0003182,Paid,2023-05-08 19:03:47,202.26,aud,Subscription creation
ch_0003183,Paid,2023-05-09 08:15:54,335.38,aud,Subscription update
ch_0003184,Paid,2023-05-09 10:03:27,190.67,aud,Subscription update
ch_0003185,Paid,2023-05-09 10:41:36,354.05,aud,Subscription update
ch_0003186,Paid,2023-05-09 14:56:23,353.36,aud,Subscription update
ch_0003187,Paid,2023-05-10 08:08:42,193.37,aud,Subscription update
ch_0003188,Paid,2023-05-10 17:13:50,205.83,aud,Subscription creation
ch_0003189,Paid,2023-05-10 18:15:40,199.99,aud,Subscription update
ch_0003190,Paid,2023-05-10 19:28:46,605.91,aud,Subscription update
ch_0003191,Paid,2023-05-10 19:33:36,579.79,aud,Subscription update
ch_0003192,Paid,2023-05-11 06:44:15,193.53,aud,Subscription update
ch_0003193,Paid,2023-05-11 14:27:04,197.55,aud,Subscription update
ch_0003194,Paid,2023-05-11 14:34:57,344.65,aud,Subscription update
ch_0003195,Paid,2023-05-12 11:48:52,198.52,aud,Subscription update
ch_0003196,Paid,2023-05-12 13:26:01,201.36,aud,Subscription update
ch_0003197,Paid,2023-05-12 13:53:34,193.4,aud,Subscription update
ch_0003198,Paid,2023-05-12 13:59:05,615.69,aud,Subscription update
ch_0003199,Paid,2023-05-12 17:25:51,198.6,aud,Subscription update
ch_0003200,Paid,2023-05-12 18:49:11,192.2,aud,Subscription creation
ch_0003201,Paid,2023-05-12 19:02:32,195.38,aud,Subscription update
ch_0003202,Paid,2023-05-12 20:48:10,193.72,aud,Subscription update
ch_0003203,Paid,2023-05-12 20:49:51,195.2,aud,Subscription update
ch_0003204,Paid,2023-05-13 06:56:00,598.7,aud,Subscription update
ch_0003205,Paid,2023-05-13 07:10:17,358.34,aud,Subscription update
ch_0003206,Paid,2023-05-13 11:04:47,350.97,aud,Subscription update
ch_0003207,Paid,2023-05-13 16:09:51,353.6,aud,Subscription update
ch_0003208,Paid,2023-05-13 20:04:30,201.3,aud,Subscription update
ch_0003209,Paid,2023-05-14 06:15:26,194.73,aud,Subscription update
ch_0003210,Paid,2023-05-14 10:56:10,353.22,aud,Subscription update
ch_0003211,Paid,2023-05-14 12:05:19,198.37,aud,Subscription update
ch_0003212,Paid,2023-05-14 14:29:20,197.4,aud,Subscription update
ch_0003213,Paid,2023-05-14 17:51:55,178.47,aud,IV League - Booking
ch_0003214,Paid,2023-05-15 18:27:41,354.94,aud,Subscription update
ch_0003215,Paid,2023-05-15 18:35:23,194.67,aud,Subscription update
ch_0003216,Paid,2023-05-15 18:55:58,202.57,aud,Subscription update
ch_0003217,Paid,2023-05-16 07:04:57,196.65,aud,Subscription update
ch_0003218,Paid,2023-05-16 07:49:48,567.68,aud,Subscription update
ch_0003219,Paid,2023-05-16 10:47:52,195.71,aud,Subscription creation
ch_0003220,Paid,2023-05-16 17:20:27,199.54,aud,Subscription update
ch_0003221,Paid,2023-05-16 18:44:08,198.9,aud,Subscription update
ch_0003222,Paid,2023-05-16 19:25:00,342.88,aud,Subscription update
ch_0003223,Paid,2023-05-16 19:50:15,196.8,aud,Subscription update
ch_0003224,Paid,2023-05-17 08:55:46,342.68,aud,Subscription update
ch_0003225,Paid,2023-05-17 10:22:22,198.08,aud,Subscription creation
ch_0003226,Paid,2023-05-17 11:52:58,592.19,aud,Subscription update
ch_0003227,Paid,2023-05-17 12:18:57,354.24,aud,Subscription creation
ch_0003228,Paid,2023-05-17 17:45:22,191.28,aud,Subscription update
ch_0003229,Paid,2023-05-18 07:07:23,207.38,aud,Subscription creation
ch_0003230,Paid,2023-05-18 07:25:56,195.81,aud,Subscription update
ch_0003231,Paid,2023-05-18 09:01:47,197.58,aud,Subscription update
ch_0003232,Paid,2023-05-18 10:07:49,203.53,aud,Subscription update
ch_0003233,Paid,2023-05-18 10:39:30,348.95,aud,Subscription update
ch_0003234,Paid,2023-05-18 17:00:46,596.37,aud,Subscription update
ch_0003235,Paid,2023-05-18 18:25:58,203.36,aud,Subscription update
ch_0003236,Paid,2023-05-18 19:00:16,198.31,aud,Subscription update
ch_0003237,Paid,2023-05-19 06:48:11,201.64,aud,Subscription update
ch_0003238,Paid,2023-05-19 12:32:03,200.97,aud,Subscription update
ch_0003239,Paid,2023-05-19 15:30:15,251.35,aud,IV League - Booking
ch_0003240,Paid,2023-05-19 20:16:40,197.86,aud,Subscription creation
ch_0003241,Paid,2023-05-19 20:27:42,202.28,aud,Subscription creation
ch_0003242,Paid,2023-05-19 20:38:22,365.73,aud,Subscription update
ch_0003243,Paid,2023-05-20 08:56:08,356.43,aud,Subscription update
ch_0003244,Paid,2023-05-20 09:20:02,594.2,aud,Subscription creation
ch_0003245,Paid,2023-05-20 20:24:16,203.23,aud,Subscription update
ch_0003246,Paid,2023-05-21 09:50:13,197.6,aud,Subscription update
ch_0003247,Paid,2023-05-21 10:14:56,201.77,aud,Subscription update
ch_0003248,Paid,2023-05-21 12:36:32,346.08,aud,Subscription update
ch_0003249,Paid,2023-05-21 15:46:06,178.66,aud,IV League - Booking
ch_0003250,Paid,2023-05-21 15:53:35,195.81,aud,Subscription update
ch_0003251,Paid,2023-05-21 18:24:44,351.55,aud,Subscription update
ch_0003252,Paid,2023-05-21 19:32:08,202.27,aud,Subscription update
ch_0003253,Paid,2023-05-22 11:11:45,202.79,aud,Subscription update
ch_0003254,Paid,2023-05-22 12:02:19,200.06,aud,Subscription update
ch_0003255,Paid,2023-05-22 20:49:07,317.33,aud,IV League - Booking
ch_0003256,Paid,2023-05-23 06:16:13,198.26,aud,Subscription update
ch_0003257,Paid,2023-05-23 09:31:33,345.75,aud,Subscription update
ch_0003258,Paid,2023-05-23 10:08:20,194.59,aud,Subscription update
ch_0003259,Paid,2023-05-23 10:31:26,567.36,aud,Initial consultation
ch_0003260,Paid,2023-05-23 11:59:57,201.16,aud,Subscription creation
ch_0003261,Paid,2023-05-23 12:32:00,351.44,aud,Subscription creation
ch_0003262,Paid,2023-05-23 14:23:53,594.06,aud,Subscription update
ch_0003263,Paid,2023-05-23 18:56:29,349.66,aud,Subscription update
ch_0003264,Paid,2023-05-23 19:21:09,201.3,aud,Subscription update
ch_0003265,Paid,2023-05-24 09:36:30,197.37,aud,Subscription update
ch_0003266,Paid,2023-05-24 10:17:39,264.95,aud,IV League - Booking
ch_0003267,Paid,2023-05-24 11:15:35,202.99,aud,Subscription update
ch_0003268,Paid,2023-05-24 11:32:09,192.66,aud,Subscription update
ch_0003269,Paid,2023-05-24 15:28:46,198.56,aud,Subscription update
ch_0003270,Paid,2023-05-25 07:43:23,198.92,aud,Subscription update
ch_0003271,Paid,2023-05-25 08:23:54,190.99,aud,Subscription update
ch_0003272,Paid,2023-05-25 10:20:19,203.77,aud,Subscription update
ch_0003273,Paid,2023-05-25 11:01:42,198.54,aud,Subscription update
ch_0003274,Paid,2023-05-25 12:57:58,194.13,aud,Subscription update
ch_0003275,Paid,2023-05-26 12:52:33,201.5,aud,Subscription update
ch_0003276,Paid,2023-05-26 13:33:43,196.85,aud,Subscription update
ch_0003277,Paid,2023-05-27 08:36:19,585.93,aud,Subscription update
ch_0003278,Paid,2023-05-27 08:58:53,202.35,aud,Subscription update
ch_0003279,Paid,2023-05-27 09:37:53,598.38,aud,Subscription update
ch_0003280,Paid,2023-05-27 10:36:06,347.17,aud,Subscription update
ch_0003281,Paid,2023-05-27 10:38:01,204.71,aud,Subscription creation
ch_0003282,Paid,2023-05-27 12:04:08,195.23,aud,Subscription update
ch_0003283,Paid,2023-05-27 13:17:53,350.38,aud,Subscription update
ch_0003284,Paid,2023-05-27 14:53:26,352.38,aud,Subscription update
ch_0003285,Paid,2023-05-27 19:22:39,201.74,aud,Subscription update
ch_0003286,Paid,2023-05-27 20:02:47,361.22,aud,Subscription update
ch_0003287,Paid,2023-05-28 08:03:25,194.96,aud,Subscription update
ch_0003288,Paid,2023-05-28 08:23:34,346.68,aud,Subscription update
ch_0003289,Paid,2023-05-28 09:53:07,353.85,aud,Subscription update
ch_0003290,Paid,2023-05-28 10:29:36,339.99,aud,Subscription update
ch_0003291,Paid,2023-05-28 10:37:04,600.32,aud,Subscription update
ch_0003292,Paid,2023-05-28 11:11:02,587.35,aud,Subscription update
ch_0003293,Paid,2023-05-28 12:54:38,305.81,aud,IV League - Booking
ch_0003294,Paid,2023-05-28 14:47:54,427.87,aud,IV League - Booking
ch_0003295,Paid,2023-05-29 07:29:20,355.56,aud,Subscription update
ch_0003296,Paid,2023-05-29 13:39:14,584.1,aud,Subscription update
ch_0003297,Paid,2023-05-29 14:13:41,361.43,aud,Subscription update
ch_0003298,Paid,2023-05-29 20:56:29,343.59,aud,Subscription update
ch_0003299,Paid,2023-05-30 06:00:50,203.16,aud,Subscription update
ch_0003300,Paid,2023-05-30 06:18:01,198.22,aud,Subscription update
ch_0003301,Paid,2023-05-30 06:27:35,351.86,aud,Subscription update
ch_0003302,Paid,2023-05-30 06:32:10,351.87,aud,Subscription update
ch_0003303,Paid,2023-05-30 07:51:05,200.59,aud,Subscription creation
ch_0003304,Paid,2023-05-30 08:29:47,197.12,aud,Subscription update
ch_0003305,Paid,2023-05-30 08:46:51,259.47,aud,IV League - Booking
ch_0003306,Paid,2023-05-30 09:22:06,205.49,aud,Subscription update
ch_0003307,Paid,2023-05-30 12:36:08,598.73,aud,Subscription update
ch_0003308,Paid,2023-05-30 14:56:02,593.64,aud,Subscription update
ch_0003309,Paid,2023-05-30 17:13:33,200.81,aud,Subscription update
ch_0003310,Paid,2023-05-31 07:51:44,203.2,aud,Subscription update
ch_0003311,Paid,2023-05-31 09:50:29,607.4,aud,Subscription update
ch_0003312,Paid,2023-05-31 11:03:22,194.6,aud,Subscription update
ch_0003313,Paid,2023-06-01 08:23:35,200.35,aud,Subscription update
ch_0003314,Paid,2023-06-01 10:45:54,194.16,aud,Subscription update
ch_0003315,Paid,2023-06-01 12:26:43,194.36,aud,Subscription creation
ch_0003316,Paid,2023-06-01 13:42:33,608.06,aud,Subscription update
ch_0003317,Paid,2023-06-01 16:19:31,597.05,aud,Subscription update
ch_0003318,Paid,2023-06-01 16:22:59,198.63,aud,Subscription update
ch_0003319,Paid,2023-06-01 17:32:18,197.88,aud,Subscription update
ch_0003320,Paid,2023-06-02 12:33:36,338.34,aud,Subscription update
ch_0003321,Paid,2023-06-02 13:43:22,190.67,aud,Subscription update
ch_0003322,Paid,2023-06-02 14:01:40,196.73,aud,Subscription update
ch_0003323,Paid,2023-06-02 16:55:46,352.16,aud,Subscription creation
ch_0003324,Paid,2023-06-02 17:29:10,195.35,aud,Subscription update
ch_0003325,Paid,2023-06-02 19:20:43,201.14,aud,Subscription update
ch_0003326,Paid,2023-06-03 06:49:21,343.62,aud,Subscription creation
ch_0003327,Paid,2023-06-03 09:41:39,199.94,aud,Subscription creation
ch_0003328,Paid,2023-06-03 11:44:57,340.02,aud,Subscription creation
ch_0003329,Paid,2023-06-03 13:08:03,354.79,aud,Subscription update
ch_0003330,Paid,2023-06-03 13:37:40,355.41,aud,Subscription update
ch_0003331,Paid,2023-06-03 14:01:07,592.34,aud,Subscription creation
ch_0003332,Paid,2023-06-03 18:14:03,197.89,aud,Subscription update
ch_0003333,Paid,2023-06-03 18:27:22,343.7,aud,Subscription update
ch_0003334,Paid,2023-06-03 19:19:43,599.23,aud,Subscription update
ch_0003335,Paid,2023-06-03 20:50:00,166.79,aud,IV League - Booking
ch_0003336,Paid,2023-06-04 08:08:30,603.19,aud,Subscription update
ch_0003337,Paid,2023-06-04 08:22:14,197.31,aud,Subscription creation
ch_0003338,Paid,2023-06-04 14:18:29,194.04,aud,Subscription creation
ch_0003339,Paid,2023-06-04 15:12:15,340.5,aud,Subscription update
ch_0003340,Paid,2023-06-04 16:13:25,254.91,aud,IV League - Booking
ch_0003341,Paid,2023-06-04 17:02:26,333.41,aud,Subscription update
ch_0003342,Paid,2023-06-04 19:48:06,231.79,aud,IV League - Booking
ch_0003343,Paid,2023-06-05 08:08:33,601.45,aud,Subscription update
ch_0003344,Paid,2023-06-05 15:30:17,194.2,aud,Subscription update
ch_0003345,Paid,2023-06-05 15:34:21,351.17,aud,Subscription update
ch_0003346,Paid,2023-06-05 16:03:19,337.35,aud,Subscription update
ch_0003347,Paid,2023-06-05 16:09:58,201.37,aud,Subscription creation
ch_0003348,Paid,2023-06-05 18:13:34,194.08,aud,Subscription update
ch_0003349,Paid,2023-06-05 19:55:50,194.36,aud,Subscription update
ch_0003350,Paid,2023-06-06 07:35:28,589.57,aud,Subscription update
ch_0003351,Paid,2023-06-06 07:43:20,592.13,aud,Subscription creation
ch_0003352,Paid,2023-06-06 09:13:41,594.19,aud,Subscription update
ch_0003353,Paid,2023-06-06 10:16:26,198.33,aud,Subscription update
ch_0003354,Paid,2023-06-06 20:45:36,188.85,aud,IV League - Booking
ch_0003355,Paid,2023-06-07 10:25:10,203.29,aud,Subscription update
ch_0003356,Paid,2023-06-07 15:10:30,601.66,aud,Subscription update
ch_0003357,Paid,2023-06-07 18:25:34,307.64,aud,IV League - Booking
ch_0003358,Paid,2023-06-07 20:59:19,348.07,aud,Subscription update
ch_0003359,Paid,2023-06-08 16:23:17,353.32,aud,Subscription update
ch_0003360,Paid,2023-06-08 19:40:04,201.26,aud,Subscription update
ch_0003361,Paid,2023-06-09 06:56:09,338.96,aud,Subscription update
ch_0003362,Paid,2023-06-09 08:23:13,349.12,aud,Subscription creation
ch_0003363,Paid,2023-06-09 15:40:38,197.67,aud,Subscription update
ch_0003364,Paid,2023-06-09 16:11:26,196.13,aud,Subscription update
ch_0003365,Paid,2023-06-09 17:23:32,358.65,aud,Subscription update
ch_0003366,Paid,2023-06-09 17:42:41,613.37,aud,Subscription update
ch_0003367,Paid,2023-06-09 18:47:40,206.27,aud,Subscription update
ch_0003368,Paid,2023-06-10 07:52:32,199.67,aud,Subscription update
ch_0003369,Paid,2023-06-10 07:52:59,346.9,aud,Subscription update
ch_0003370,Paid,2023-06-10 12:26:58,934.15,aud,Invoice payment
ch_0003371,Paid,2023-06-10 13:56:43,342.27,aud,Subscription update
ch_0003372,Paid,2023-06-10 18:06:27,354.79,aud,Subscription update
ch_0003373,Paid,2023-06-10 19:38:41,200.48,aud,Subscription creation
ch_0003374,Paid,2023-06-11 06:56:33,199.15,aud,Subscription update
ch_0003375,Paid,2023-06-11 08:53:39,203.19,aud,Subscription update
ch_0003376,Paid,2023-06-11 09:43:40,201.57,aud,Subscription update
ch_0003377,Paid,2023-06-11 11:37:32,201.43,aud,Subscription update
ch_0003378,Paid,2023-06-11 15:00:17,206.72,aud,Subscription creation
ch_0003379,Paid,2023-06-11 16:40:27,610.88,aud,Subscription update
ch_0003380,Paid,2023-06-11 19:49:20,581.32,aud,Subscription update
ch_0003381,Paid,2023-06-12 12:49:51,341.41,aud,Subscription update
ch_0003382,Paid,2023-06-12 15:46:18,197.96,aud,Subscription update
ch_0003383,Paid,2023-06-12 18:09:30,198.6,aud,Subscription creation
ch_0003384,Paid,2023-06-13 06:06:10,200.54,aud,Subscription update
ch_0003385,Paid,2023-06-13 07:33:11,620.38,aud,Subscription update
ch_0003386,Paid,2023-06-13 07:52:40,596.41,aud,Subscription update
ch_0003387,Paid,2023-06-13 08:34:28,203.2,aud,Subscription update
ch_0003388,Paid,2023-06-14 06:06:05,598.67,aud,Subscription update
ch_0003389,Paid,2023-06-14 07:18:40,198.52,aud,Subscription update
ch_0003390,Paid,2023-06-14 10:27:43,201.34,aud,Subscription update
ch_0003391,Paid,2023-06-14 11:41:55,342.47,aud,Subscription update
ch_0003392,Paid,2023-06-14 13:44:52,194.68,aud,Subscription update
ch_0003393,Paid,2023-06-14 16:25:09,593.14,aud,Subscription update
ch_0003394,Paid,2023-06-14 16:37:14,352.97,aud,Subscription update
ch_0003395,Paid,2023-06-15 06:49:37,193.15,aud,Subscription update
ch_0003396,Failed,2023-06-15 09:38:05,349.0,aud,Subscription update
ch_0003397,Paid,2023-06-15 13:26:15,195.97,aud,Subscription update
ch_0003398,Paid,2023-06-15 15:42:02,198.56,aud,Subscription update
ch_0003399,Paid,2023-06-15 20:09:33,195.0,aud,Subscription update
ch_0003400,Paid,2023-06-16 13:00:16,201.44,aud,Subscription creation
ch_0003401,Paid,2023-06-16 16:16:27,196.05,aud,Subscription update
ch_0003402,Paid,2023-06-17 09:01:08,195.41,aud,Subscription update
ch_0003403,Paid,2023-06-17 13:34:04,205.95,aud,Subscription update
ch_0003404,Paid,2023-06-17 14:25:40,197.25,aud,Subscription update
ch_0003405,Paid,2023-06-17 15:02:45,354.37,aud,Subscription update
ch_0003406,Paid,2023-06-17 19:17:55,199.02,aud,Subscription update
ch_0003407,Paid,2023-06-18 07:31:49,603.33,aud,Subscription update
ch_0003408,Paid,2023-06-18 07:51:32,350.85,aud,Subscription update
ch_0003409,Paid,2023-06-18 09:28:34,543.15,aud,Package initiation
ch_0003410,Paid,2023-06-18 13:02:39,196.96,aud,Subscription update
ch_0003411,Paid,2023-06-18 15:03:36,591.04,aud,Subscription update
ch_0003412,Paid,2023-06-18 17:14:01,363.5,aud,Subscription update
ch_0003413,Paid,2023-06-18 20:04:44,201.79,aud,Subscription update
ch_0003414,Paid,2023-06-19 07:24:30,201.27,aud,Subscription update
ch_0003415,Paid,2023-06-19 08:47:49,199.37,aud,Subscription update
ch_0003416,Paid,2023-06-19 08:48:22,318.05,aud,IV League - Booking
ch_0003417,Paid,2023-06-19 09:24:51,201.85,aud,Subscription update
ch_0003418,Paid,2023-06-19 15:25:55,337.2,aud,Subscription update
ch_0003419,Paid,2023-06-19 15:44:33,588.38,aud,Subscription update
ch_0003420,Paid,2023-06-19 16:19:17,201.94,aud,Subscription update
ch_0003421,Paid,2023-06-20 08:46:10,350.67,aud,Subscription update
ch_0003422,Paid,2023-06-20 09:09:13,200.51,aud,Subscription update
ch_0003423,Paid,2023-06-20 13:44:38,333.94,aud,IV League - Booking
ch_0003424,Paid,2023-06-20 17:22:11,345.17,aud,Subscription creation
ch_0003425,Paid,2023-06-20 20:34:13,349.16,aud,Subscription update
ch_0003426,Paid,2023-06-20 20:43:03,202.19,aud,Subscription creation
ch_0003427,Paid,2023-06-21 08:09:20,194.95,aud,Subscription update
ch_0003428,Paid,2023-06-21 17:31:10,339.88,aud,Subscription update
ch_0003429,Paid,2023-06-21 18:30:18,192.21,aud,Subscription update
ch_0003430,Paid,2023-06-22 06:06:47,207.47,aud,Subscription update
ch_0003431,Paid,2023-06-22 06:13:14,203.85,aud,Subscription update
ch_0003432,Paid,2023-06-22 08:08:04,200.31,aud,Subscription update
ch_0003433,Paid,2023-06-22 12:50:34,201.62,aud,Subscription update
ch_0003434,Paid,2023-06-22 14:05:42,345.41,aud,Subscription creation
ch_0003435,Paid,2023-06-22 17:03:59,200.99,aud,Subscription update
ch_0003436,Paid,2023-06-22 18:35:35,351.26,aud,Subscription update
ch_0003437,Paid,2023-06-22 19:28:55,201.99,aud,Subscription update
ch_0003438,Paid,2023-06-23 08:32:05,204.46,aud,Subscription creation
ch_0003439,Paid,2023-06-23 10:17:03,196.82,aud,Subscription creation
ch_0003440,Paid,2023-06-23 17:33:15,198.13,aud,Subscription update
ch_0003441,Paid,2023-06-23 20:18:21,350.08,aud,Subscription update
ch_0003442,Paid,2023-06-24 07:04:38,604.92,aud,Subscription update
ch_0003443,Paid,2023-06-24 07:15:51,256.98,aud,IV League - Booking
ch_0003444,Paid,2023-06-24 13:34:43,347.09,aud,Subscription update
ch_0003445,Paid,2023-06-24 15:30:37,341.46,aud,Subscription update
ch_0003446,Paid,2023-06-24 15:32:03,606.81,aud,Subscription update
ch_0003447,Paid,2023-06-24 17:00:18,202.96,aud,Subscription update
ch_0003448,Paid,2023-06-24 17:54:47,2666.45,aud,Package initiation
ch_0003449,Paid,2023-06-24 18:20:03,589.54,aud,Subscription update
ch_0003450,Paid,2023-06-25 07:48:46,194.05,aud,Subscription update
ch_0003451,Paid,2023-06-25 08:21:48,199.26,aud,Subscription update
ch_0003452,Paid,2023-06-26 08:28:29,203.87,aud,Subscription update
ch_0003453,Paid,2023-06-26 09:50:33,346.49,aud,Subscription creation
ch_0003454,Paid,2023-06-26 10:22:33,593.65,aud,Subscription update
ch_0003455,Paid,2023-06-26 12:30:34,362.69,aud,Subscription update
ch_0003456,Paid,2023-06-26 14:31:43,194.05,aud,Subscription update
ch_0003457,Paid,2023-06-26 18:20:13,198.24,aud,Subscription update
ch_0003458,Paid,2023-06-26 20:57:19,575.2,aud,Subscription update
ch_0003459,Paid,2023-06-27 06:00:48,189.85,aud,IV League - Booking
ch_0003460,Paid,2023-06-27 06:40:46,198.15,aud,Subscription update
ch_0003461,Paid,2023-06-27 15:08:19,199.35,aud,Subscription update
ch_0003462,Paid,2023-06-27 16:55:21,201.13,aud,Subscription creation
ch_0003463,Paid,2023-06-28 06:15:42,203.27,aud,Subscription update
ch_0003464,Paid,2023-06-28 07:31:02,192.07,aud,Subscription update
ch_0003465,Paid,2023-06-28 07:49:22,350.59,aud,Subscription update
ch_0003466,Paid,2023-06-28 09:00:18,615.76,aud,Subscription update
ch_0003467,Paid,2023-06-28 11:28:21,604.6,aud,Subscription update
ch_0003468,Paid,2023-06-28 13:12:24,357.93,aud,Subscription update
ch_0003469,Paid,2023-06-28 13:15:38,584.69,aud,Subscription update
ch_0003470,Paid,2023-06-28 13:58:51,348.12,aud,Subscription update
ch_0003471,Paid,2023-06-29 10:32:29,198.74,aud,Subscription update
ch_0003472,Paid,2023-06-29 13:10:28,197.58,aud,Subscription update
ch_0003473,Paid,2023-06-29 15:58:50,203.24,aud,Subscription update
ch_0003474,Paid,2023-06-29 18:34:11,424.39,aud,IV League - Booking
ch_0003475,Paid,2023-06-29 20:18:34,203.69,aud,Subscription update
ch_0003476,Paid,2023-06-30 06:08:17,196.98,aud,Subscription update
ch_0003477,Paid,2023-06-30 10:02:36,201.12,aud,Subscription update
ch_0003478,Paid,2023-06-30 17:13:47,339.79,aud,Subscription update
ch_0003479,Paid,2023-06-30 17:28:23,354.48,aud,Subscription update
ch_0003480,Paid,2023-06-30 18:50:51,199.39,aud,Subscription update
ch_0003481,Paid,2023-07-01 07:52:42,201.61,aud,Subscription update
ch_0003482,Paid,2023-07-01 08:39:13,202.69,aud,Subscription update
ch_0003483,Paid,2023-07-01 09:05:48,196.96,aud,Subscription creation
ch_0003484,Paid,2023-07-01 09:39:15,203.02,aud,Subscription update
ch_0003485,Paid,2023-07-01 10:22:57,194.82,aud,Subscription update
ch_0003486,Paid,2023-07-01 13:23:43,195.88,aud,Subscription creation
ch_0003487,Paid,2023-07-01 13:55:40,346.29,aud,Subscription update
ch_0003488,Paid,2023-07-01 14:54:47,195.17,aud,Subscription update
ch_0003489,Paid,2023-07-01 20:09:41,200.86,aud,Subscription update
ch_0003490,Paid,2023-07-02 17:57:46,199.17,aud,Subscription update
ch_0003491,Paid,2023-07-02 20:41:00,201.42,aud,Subscription update
ch_0003492,Paid,2023-07-03 07:30:43,199.73,aud,Subscription update
ch_0003493,Paid,2023-07-03 08:11:52,201.11,aud,Subscription creation
ch_0003494,Paid,2023-07-03 11:15:13,347.98,aud,Subscription update
ch_0003495,Paid,2023-07-03 11:25:37,195.67,aud,Subscription creation
ch_0003496,Paid,2023-07-03 14:35:22,198.97,aud,Subscription update
ch_0003497,Paid,2023-07-03 15:53:56,201.62,aud,Subscription update
ch_0003498,Paid,2023-07-03 19:36:38,351.6,aud,Subscription update
ch_0003499,Paid,2023-07-03 20:23:45,331.03,aud,Subscription creation
ch_0003500,Paid,2023-07-04 09:56:30,182.0,aud,IV League - Booking
ch_0003501,Paid,2023-07-04 10:49:52,351.62,aud,Subscription update
ch_0003502,Paid,2023-07-04 13:05:24,201.38,aud,Subscription update
ch_0003503,Paid,2023-07-05 06:27:05,169.54,aud,IV League - Booking
ch_0003504,Paid,2023-07-05 09:24:43,343.95,aud,Subscription update
ch_0003505,Paid,2023-07-05 10:54:30,194.28,aud,Subscription update
ch_0003506,Paid,2023-07-05 11:50:00,202.1,aud,Subscription update
ch_0003507,Paid,2023-07-05 12:10:33,192.83,aud,Subscription update
ch_0003508,Paid,2023-07-05 12:28:48,210.37,aud,Subscription update
ch_0003509,Paid,2023-07-05 13:25:55,194.49,aud,Subscription update
ch_0003510,Paid,2023-07-05 16:32:32,207.0,aud,Subscription update
ch_0003511,Paid,2023-07-05 18:01:25,206.81,aud,Subscription update
ch_0003512,Paid,2023-07-06 06:10:11,355.88,aud,Subscription update
ch_0003513,Paid,2023-07-06 11:53:19,200.62,aud,Subscription update
ch_0003514,Paid,2023-07-06 15:51:36,205.99,aud,Subscription update
ch_0003515,Paid,2023-07-06 17:59:02,196.98,aud,Subscription update
ch_0003516,Paid,2023-07-07 06:09:28,346.96,aud,Subscription update
ch_0003517,Paid,2023-07-07 06:27:27,350.32,aud,Subscription update
ch_0003518,Paid,2023-07-07 06:59:14,630.09,aud,Subscription update
ch_0003519,Paid,2023-07-07 07:08:51,199.96,aud,Subscription update
ch_0003520,Paid,2023-07-07 08:30:49,196.99,aud,Subscription update
ch_0003521,Paid,2023-07-07 17:20:19,610.72,aud,Subscription update
ch_0003522,Paid,2023-07-08 07:26:57,348.97,aud,Subscription update
ch_0003523,Paid,2023-07-08 10:08:38,200.44,aud,Subscription creation
ch_0003524,Paid,2023-07-08 12:08:48,335.82,aud,IV League - Booking
ch_0003525,Paid,2023-07-08 19:08:17,357.74,aud,Subscription update
ch_0003526,Paid,2023-07-09 08:02:00,196.02,aud,Subscription update
ch_0003527,Paid,2023-07-09 09:12:28,354.13,aud,Subscription update
ch_0003528,Paid,2023-07-09 13:43:58,615.31,aud,Subscription update
ch_0003529,Paid,2023-07-09 14:34:03,193.67,aud,Subscription update
ch_0003530,Paid,2023-07-10 06:55:20,354.14,aud,Subscription update
ch_0003531,Paid,2023-07-10 08:48:00,348.22,aud,Subscription update
ch_0003532,Paid,2023-07-10 10:22:03,589.83,aud,Subscription update
ch_0003533,Paid,2023-07-10 11:32:55,350.57,aud,Subscription update
ch_0003534,Paid,2023-07-10 11:55:47,201.12,aud,Subscription update
ch_0003535,Paid,2023-07-10 14:44:48,346.79,aud,Subscription update
ch_0003536,Paid,2023-07-10 14:49:24,608.91,aud,Subscription update
ch_0003537,Paid,2023-07-10 16:03:05,207.91,aud,Subscription update
ch_0003538,Paid,2023-07-10 16:34:14,617.74,aud,Subscription update
ch_0003539,Paid,2023-07-10 18:06:45,193.23,aud,Subscription update
ch_0003540,Paid,2023-07-10 19:29:27,197.4,aud,Subscription update
ch_0003541,Paid,2023-07-11 06:50:40,201.81,aud,Subscription update
ch_0003542,Paid,2023-07-11 09:21:23,607.75,aud,Subscription update
ch_0003543,Paid,2023-07-11 10:47:16,202.71,aud,Subscription update
ch_0003544,Paid,2023-07-11 11:50:50,602.86,aud,Subscription update
ch_0003545,Paid,2023-07-11 11:53:08,606.84,aud,Subscription update
ch_0003546,Paid,2023-07-11 14:34:40,605.59,aud,Subscription update
ch_0003547,Paid,2023-07-11 14:50:36,201.57,aud,Subscription update
ch_0003548,Paid,2023-07-11 17:38:18,352.67,aud,Subscription update
ch_0003549,Paid,2023-07-11 19:29:11,198.28,aud,Subscription update
ch_0003550,Paid,2023-07-11 20:48:09,197.01,aud,Subscription update
ch_0003551,Paid,2023-07-12 06:25:24,343.96,aud,Subscription update
ch_0003552,Paid,2023-07-12 08:15:08,202.18,aud,Subscription update
ch_0003553,Paid,2023-07-12 09:11:10,202.55,aud,Subscription update
ch_0003554,Paid,2023-07-12 18:17:20,242.97,aud,IV League - Booking
ch_0003555,Paid,2023-07-13 08:05:31,199.41,aud,Subscription update
ch_0003556,Paid,2023-07-13 11:37:26,209.66,aud,Subscription update
ch_0003557,Paid,2023-07-13 18:39:45,200.19,aud,Subscription update
ch_0003558,Paid,2023-07-13 20:36:50,354.67,aud,Subscription update
ch_0003559,Paid,2023-07-14 07:31:33,632.51,aud,Subscription creation
ch_0003560,Paid,2023-07-14 07:47:54,200.59,aud,Subscription update
ch_0003561,Paid,2023-07-14 07:58:16,207.83,aud,Subscription creation
ch_0003562,Paid,2023-07-14 16:06:31,200.04,aud,Subscription update
ch_0003563,Paid,2023-07-14 18:53:37,197.48,aud,Subscription update
ch_0003564,Paid,2023-07-14 20:22:06,346.74,aud,Subscription update
ch_0003565,Paid,2023-07-15 11:49:17,200.8,aud,Subscription update
ch_0003566,Paid,2023-07-16 07:21:29,197.41,aud,Subscription creation
ch_0003567,Paid,2023-07-16 07:26:03,202.89,aud,Subscription update
ch_0003568,Paid,2023-07-16 08:03:30,192.92,aud,Subscription update
ch_0003569,Paid,2023-07-16 08:09:45,207.06,aud,Subscription update
ch_0003570,Paid,2023-07-16 09:34:11,198.54,aud,Subscription update
ch_0003571,Paid,2023-07-16 13:18:27,200.86,aud,Subscription update
ch_0003572,Paid,2023-07-16 15:54:01,352.3,aud,Subscription update
ch_0003573,Paid,2023-07-17 06:01:04,200.02,aud,Subscription update
ch_0003574,Paid,2023-07-17 18:30:31,194.97,aud,Subscription update
ch_0003575,Paid,2023-07-17 19:18:24,198.97,aud,Subscription update
ch_0003576,Paid,2023-07-18 08:00:59,363.46,aud,Subscription update
ch_0003577,Paid,2023-07-18 08:04:27,589.07,aud,Subscription update
ch_0003578,Paid,2023-07-18 08:35:09,351.15,aud,Subscription update
ch_0003579,Paid,2023-07-18 15:15:15,2474.0,aud,Package initiation
ch_0003580,Paid,2023-07-19 07:10:01,195.73,aud,Subscription update
ch_0003581,Paid,2023-07-19 07:51:49,250.0,usd,Initial consultation
ch_0003582,Paid,2023-07-19 11:06:27,346.67,aud,Subscription update
ch_0003583,Paid,2023-07-19 14:18:55,355.95,aud,Subscription update
ch_0003584,Paid,2023-07-19 15:35:24,199.14,aud,Subscription update
ch_0003585,Paid,2023-07-19 16:31:58,203.75,aud,Subscription update
ch_0003586,Paid,2023-07-19 18:02:33,584.41,aud,Subscription creation
ch_0003587,Paid,2023-07-20 10:22:37,206.19,aud,Subscription update
ch_0003588,Paid,2023-07-20 12:18:20,200.91,aud,Subscription update
ch_0003589,Paid,2023-07-20 14:09:27,201.72,aud,Subscription update
ch_0003590,Paid,2023-07-20 15:45:50,200.95,aud,Subscription update
ch_0003591,Paid,2023-07-20 16:19:54,597.57,aud,Subscription update
ch_0003592,Paid,2023-07-20 20:32:14,199.4,aud,Subscription update
ch_0003593,Paid,2023-07-21 07:34:19,196.47,aud,Subscription creation
ch_0003594,Paid,2023-07-21 07:37:42,201.8,aud,Subscription update
ch_0003595,Paid,2023-07-21 09:57:33,344.64,aud,Subscription update
ch_0003596,Paid,2023-07-21 12:39:41,197.48,aud,Subscription update
ch_0003597,Paid,2023-07-21 12:43:28,193.49,aud,Subscription creation
ch_0003598,Paid,2023-07-21 17:36:38,355.39,aud,Subscription update
ch_0003599,Paid,2023-07-22 08:54:34,201.84,aud,Subscription update
ch_0003600,Paid,2023-07-22 12:06:32,201.07,aud,Subscription update
ch_0003601,Paid,2023-07-22 17:10:04,596.18,aud,Subscription update
ch_0003602,Paid,2023-07-22 18:07:21,193.37,aud,Subscription update
ch_0003603,Paid,2023-07-22 20:38:28,194.78,aud,Subscription update
ch_0003604,Paid,2023-07-23 06:31:59,356.51,aud,Subscription update
ch_0003605,Paid,2023-07-23 08:35:24,342.39,aud,Subscription update
ch_0003606,Paid,2023-07-23 08:39:02,599.65,aud,Subscription update
ch_0003607,Paid,2023-07-23 08:49:16,198.03,aud,Subscription update
ch_0003608,Paid,2023-07-23 11:53:35,196.6,aud,Subscription update
ch_0003609,Paid,2023-07-23 13:45:11,366.14,aud,Subscription update
ch_0003610,Paid,2023-07-23 16:36:17,353.29,aud,Subscription update
ch_0003611,Paid,2023-07-23 18:14:14,353.12,aud,Subscription update
ch_0003612,Paid,2023-07-23 19:13:08,353.76,aud,Subscription creation
ch_0003613,Paid,2023-07-23 20:51:02,195.69,aud,Subscription update
ch_0003614,Paid,2023-07-24 06:32:00,192.61,aud,Subscription update
ch_0003615,Paid,2023-07-24 06:53:14,201.83,aud,Subscription update
ch_0003616,Paid,2023-07-24 09:28:10,190.21,aud,Subscription update
ch_0003617,Paid,2023-07-24 13:23:41,356.0,aud,Subscription update
ch_0003618,Paid,2023-07-24 18:55:52,354.34,aud,Subscription update
ch_0003619,Paid,2023-07-25 08:00:46,197.06,aud,Subscription update
ch_0003620,Paid,2023-07-25 11:57:23,250.47,aud,IV League - Booking
ch_0003621,Paid,2023-07-25 17:10:04,347.55,aud,Subscription creation
ch_0003622,Paid,2023-07-25 17:26:48,349.22,aud,Subscription update
ch_0003623,Paid,2023-07-26 07:20:42,345.2,aud,Subscription creation
ch_0003624,Paid,2023-07-26 09:41:39,196.93,aud,Subscription update
ch_0003625,Paid,2023-07-26 14:11:13,604.21,aud,Subscription update
ch_0003626,Paid,2023-07-26 16:42:45,350.7,aud,Subscription update
ch_0003627,Paid,2023-07-27 06:28:25,202.4,aud,Subscription update
ch_0003628,Paid,2023-07-27 10:29:02,202.21,aud,Subscription update
ch_0003629,Paid,2023-07-27 15:12:12,330.81,aud,IV League - Booking
ch_0003630,Paid,2023-07-28 06:04:56,347.89,aud,Subscription update
ch_0003631,Paid,2023-07-28 13:37:38,436.22,aud,IV League - Booking
ch_0003632,Paid,2023-07-28 14:02:10,199.05,aud,Subscription update
ch_0003633,Paid,2023-07-28 14:43:21,193.56,aud,Subscription update
ch_0003634,Paid,2023-07-28 16:48:46,200.46,aud,Subscription update
ch_0003635,Paid,2023-07-28 18:28:23,202.29,aud,Subscription creation
ch_0003636,Paid,2023-07-29 07:00:10,585.39,aud,Subscription update
ch_0003637,Paid,2023-07-29 07:38:19,199.4,aud,Subscription update
ch_0003638,Paid,2023-07-29 13:54:59,593.9,aud,Subscription update
ch_0003639,Paid,2023-07-29 14:44:22,199.53,aud,Subscription update
ch_0003640,Paid,2023-07-29 18:31:35,352.32,aud,Subscription update
ch_0003641,Paid,2023-07-29 20:04:48,198.0,aud,Subscription update
ch_0003642,Paid,2023-07-30 08:12:09,202.67,aud,Subscription update
ch_0003643,Paid,2023-07-30 08:46:20,344.73,aud,Subscription update
ch_0003644,Paid,2023-07-30 14:05:08,197.56,aud,Subscription creation
ch_0003645,Paid,2023-07-30 16:01:46,202.12,aud,Subscription update
ch_0003646,Paid,2023-07-30 16:19:38,195.68,aud,Subscription update
ch_0003647,Paid,2023-07-30 19:41:28,199.96,aud,Subscription update
ch_0003648,Paid,2023-07-30 20:53:52,198.11,aud,Subscription update
ch_0003649,Paid,2023-07-31 06:58:12,602.67,aud,Subscription update
ch_0003650,Paid,2023-07-31 12:01:06,203.61,aud,Subscription creation
ch_0003651,Paid,2023-07-31 14:45:42,612.29,aud,Subscription update
ch_0003652,Paid,2023-07-31 20:23:43,199.16,aud,Subscription update
ch_0003653,Paid,2023-08-01 07:51:25,194.92,aud,Subscription update
ch_0003654,Paid,2023-08-01 11:48:04,590.12,aud,Subscription update
ch_0003655,Paid,2023-08-01 16:26:53,331.26,aud,IV League - Booking
ch_0003656,Paid,2023-08-01 18:48:46,201.21,aud,Subscription update
ch_0003657,Paid,2023-08-02 10:02:14,203.36,aud,Subscription update
ch_0003658,Paid,2023-08-02 11:38:18,297.14,aud,IV League - Booking
ch_0003659,Paid,2023-08-02 13:08:11,575.21,aud,Subscription update
ch_0003660,Paid,2023-08-02 17:10:17,195.82,aud,Subscription update
ch_0003661,Paid,2023-08-02 17:24:26,364.43,aud,Subscription update
ch_0003662,Paid,2023-08-02 17:54:16,206.34,aud,Subscription update
ch_0003663,Paid,2023-08-03 13:36:51,195.75,aud,Subscription creation
ch_0003664,Paid,2023-08-03 14:03:26,201.08,aud,Subscription update
ch_0003665,Paid,2023-08-03 19:17:48,204.1,aud,Subscription update
ch_0003666,Paid,2023-08-03 20:19:39,591.43,aud,Subscription update
ch_0003667,Paid,2023-08-03 20:57:02,365.73,aud,Subscription creation
ch_0003668,Paid,2023-08-04 06:39:00,194.3,aud,Subscription creation
ch_0003669,Paid,2023-08-04 10:14:01,347.41,aud,Subscription update
ch_0003670,Paid,2023-08-04 18:00:02,610.9,aud,Subscription update
ch_0003671,Paid,2023-08-04 20:13:09,203.02,aud,Subscription update
ch_0003672,Paid,2023-08-05 07:48:46,349.8,aud,Subscription creation
ch_0003673,Paid,2023-08-05 10:38:02,353.73,aud,Subscription update
ch_0003674,Paid,2023-08-05 12:52:55,197.47,aud,Subscription update
ch_0003675,Paid,2023-08-05 14:37:59,199.55,aud,Subscription creation
ch_0003676,Paid,2023-08-05 14:41:30,202.32,aud,Subscription update
ch_0003677,Paid,2023-08-05 14:45:55,350.36,aud,Subscription update
ch_0003678,Paid,2023-08-05 18:39:24,200.03,aud,Subscription update
ch_0003679,Paid,2023-08-05 20:07:58,199.52,aud,Subscription creation
ch_0003680,Paid,2023-08-06 07:03:40,585.67,aud,Subscription update
ch_0003681,Paid,2023-08-06 12:38:47,193.94,aud,Subscription update
ch_0003682,Paid,2023-08-06 20:21:15,195.99,aud,Subscription update
ch_0003683,Paid,2023-08-07 12:48:18,205.01,aud,Subscription update
ch_0003684,Paid,2023-08-07 17:17:34,185.37,aud,IV League - Booking
ch_0003685,Paid,2023-08-07 18:10:18,191.85,aud,Subscription update
ch_0003686,Paid,2023-08-07 18:43:58,332.81,aud,Subscription update
ch_0003687,Paid,2023-08-07 20:24:52,203.86,aud,Subscription update
ch_0003688,Paid,2023-08-08 07:50:32,200.29,aud,Subscription update
ch_0003689,Paid,2023-08-08 13:56:14,196.73,aud,Subscription update
ch_0003690,Paid,2023-08-08 14:42:22,309.46,aud,IV League - Booking
ch_0003691,Paid,2023-08-08 16:10:01,192.3,aud,Subscription update
ch_0003692,Paid,2023-08-08 16:53:11,448.68,aud,IV League - Booking
ch_0003693,Paid,2023-08-08 17:10:41,193.83,aud,Subscription update
ch_0003694,Paid,2023-08-08 17:21:07,349.18,aud,Subscription update
ch_0003695,Paid,2023-08-08 17:41:15,195.05,aud,Subscription update
ch_0003696,Paid,2023-08-08 20:55:31,199.57,aud,Subscription update
ch_0003697,Paid,2023-08-09 06:26:29,344.56,aud,Subscription update
ch_0003698,Paid,2023-08-09 07:47:48,204.15,aud,Subscription update
ch_0003699,Paid,2023-08-09 09:05:00,346.37,aud,Subscription creation
ch_0003700,Paid,2023-08-09 09:33:33,193.02,aud,Subscription update
ch_0003701,Paid,2023-08-09 09:52:35,600.81,aud,Subscription creation
ch_0003702,Paid,2023-08-09 10:02:25,192.75,aud,Subscription update
ch_0003703,Paid,2023-08-09 12:54:27,601.26,aud,Subscription update
ch_0003704,Paid,2023-08-09 14:57:11,199.19,aud,Subscription creation
ch_0003705,Paid,2023-08-09 16:27:42,353.67,aud,Subscription update
ch_0003706,Paid,2023-08-09 16:44:06,204.16,aud,Subscription update
ch_0003707,Paid,2023-08-10 17:15:09,197.75,aud,Subscription update
ch_0003708,Paid,2023-08-10 18:05:38,615.43,aud,Subscription update
ch_0003709,Paid,2023-08-11 06:53:12,195.4,aud,Subscription creation
ch_0003710,Paid,2023-08-11 12:35:01,196.62,aud,Subscription update
ch_0003711,Paid,2023-08-11 13:35:37,981.56,aud,Longevity panel
ch_0003712,Paid,2023-08-11 18:39:28,194.1,aud,Subscription update
ch_0003713,Paid,2023-08-11 20:14:50,194.88,aud,Subscription update
ch_0003714,Paid,2023-08-11 20:42:54,204.65,aud,Subscription update
ch_0003715,Paid,2023-08-12 06:16:33,344.23,aud,Subscription update
ch_0003716,Paid,2023-08-12 06:59:01,181.16,aud,IV League - Booking
ch_0003717,Paid,2023-08-12 14:43:17,194.32,aud,Subscription update
ch_0003718,Paid,2023-08-12 15:19:51,195.99,aud,Subscription update
ch_0003719,Paid,2023-08-12 16:51:01,199.07,aud,Subscription update
ch_0003720,Paid,2023-08-12 20:35:55,200.2,aud,Subscription update
ch_0003721,Paid,2023-08-13 06:14:02,198.68,aud,Subscription update
ch_0003722,Paid,2023-08-13 08:04:16,201.35,aud,Subscription update
ch_0003723,Paid,2023-08-13 10:19:49,196.57,aud,Subscription update
ch_0003724,Paid,2023-08-13 10:31:32,351.58,aud,Subscription update
ch_0003725,Paid,2023-08-13 10:45:57,408.35,aud,IV League - Booking
ch_0003726,Paid,2023-08-13 14:06:32,196.56,aud,Subscription creation
ch_0003727,Paid,2023-08-13 15:07:34,210.08,aud,Subscription update
ch_0003728,Paid,2023-08-13 15:20:05,50.0,aud,Invoice payment
ch_0003729,Paid,2023-08-13 17:49:38,196.5,aud,Subscription update
ch_0003730,Paid,2023-08-13 18:35:00,344.22,aud,Subscription update
ch_0003731,Paid,2023-08-13 18:55:41,192.1,aud,Subscription update
ch_0003732,Paid,2023-08-14 12:57:51,345.89,aud,Subscription update
ch_0003733,Paid,2023-08-14 15:13:19,203.07,aud,Subscription update
ch_0003734,Paid,2023-08-14 15:39:51,201.71,aud,Subscription update
ch_0003735,Paid,2023-08-14 16:39:59,200.7,aud,Subscription update
ch_0003736,Paid,2023-08-14 17:11:31,200.58,aud,Subscription update
ch_0003737,Paid,2023-08-15 10:22:52,585.22,aud,Subscription update
ch_0003738,Paid,2023-08-15 10:29:00,353.99,aud,Subscription update
ch_0003739,Paid,2023-08-15 10:41:16,199.24,aud,Subscription update
ch_0003740,Paid,2023-08-15 11:37:36,355.5,aud,Subscription update
ch_0003741,Paid,2023-08-15 13:50:02,338.12,aud,Subscription update
ch_0003742,Paid,2023-08-15 13:51:44,593.01,aud,Subscription creation
ch_0003743,Paid,2023-08-15 15:44:47,365.6,aud,Subscription update
ch_0003744,Paid,2023-08-15 20:03:15,201.11,aud,Subscription update
ch_0003745,Paid,2023-08-16 06:26:11,204.15,aud,Subscription update
ch_0003746,Paid,2023-08-16 09:15:56,590.67,aud,Subscription update
ch_0003747,Paid,2023-08-16 13:01:00,204.24,aud,Subscription update
ch_0003748,Paid,2023-08-16 19:20:47,196.3,aud,Subscription update
ch_0003749,Paid,2023-08-17 06:10:36,203.74,aud,Subscription update
ch_0003750,Paid,2023-08-17 15:42:57,199.78,aud,Subscription update
ch_0003751,Paid,2023-08-17 16:03:57,332.34,aud,IV League - Booking
ch_0003752,Paid,2023-08-17 19:10:41,344.85,aud,Subscription update
ch_0003753,Paid,2023-08-17 20:33:52,199.0,aud,Subscription creation
ch_0003754,Paid,2023-08-18 07:08:44,595.3,aud,Subscription update
ch_0003755,Paid,2023-08-18 10:42:39,592.34,aud,Subscription update
ch_0003756,Paid,2023-08-18 11:12:23,195.64,aud,Subscription update
ch_0003757,Paid,2023-08-18 14:35:10,197.66,aud,Subscription update
ch_0003758,Paid,2023-08-18 15:45:39,353.92,aud,Subscription update
ch_0003759,Paid,2023-08-18 16:00:04,198.12,aud,Subscription update
ch_0003760,Paid,2023-08-18 17:12:18,604.35,aud,Subscription update
ch_0003761,Paid,2023-08-18 20:29:41,349.88,aud,Subscription update
ch_0003762,Paid,2023-08-18 20:41:59,611.61,aud,Subscription update
ch_0003763,Paid,2023-08-19 06:11:46,346.18,aud,Subscription creation
ch_0003764,Paid,2023-08-19 07:06:20,205.05,aud,Subscription update
ch_0003765,Paid,2023-08-19 08:07:49,599.15,aud,Subscription update
ch_0003766,Paid,2023-08-19 08:37:00,193.71,aud,Subscription update
ch_0003767,Paid,2023-08-19 11:27:43,200.34,aud,Subscription update
ch_0003768,Paid,2023-08-19 11:33:10,350.16,aud,Subscription update
ch_0003769,Paid,2023-08-19 11:48:02,341.8,aud,Subscription update
ch_0003770,Paid,2023-08-19 11:48:35,190.89,aud,Subscription update
ch_0003771,Paid,2023-08-19 11:49:47,354.57,aud,Subscription update
ch_0003772,Paid,2023-08-19 13:22:45,466.46,aud,IV League - Booking
ch_0003773,Paid,2023-08-19 14:02:48,617.51,aud,Subscription update
ch_0003774,Paid,2023-08-20 08:38:04,196.5,aud,Subscription update
ch_0003775,Paid,2023-08-20 13:29:48,204.97,aud,Subscription update
ch_0003776,Paid,2023-08-20 13:41:09,195.84,aud,Subscription update
ch_0003777,Paid,2023-08-21 08:52:33,344.62,aud,Subscription update
ch_0003778,Paid,2023-08-21 09:19:38,199.94,aud,Subscription update
ch_0003779,Paid,2023-08-21 09:20:59,180.08,aud,IV League - Booking
ch_0003780,Paid,2023-08-21 11:31:51,202.39,aud,Subscription creation
ch_0003781,Paid,2023-08-21 16:56:49,347.11,aud,Subscription update
ch_0003782,Paid,2023-08-22 06:14:17,198.55,aud,Subscription creation
ch_0003783,Paid,2023-08-22 09:44:09,355.79,aud,Subscription update
ch_0003784,Paid,2023-08-22 10:03:50,201.41,aud,Subscription update
ch_0003785,Paid,2023-08-22 11:00:43,202.26,aud,Subscription creation
ch_0003786,Paid,2023-08-22 12:06:02,607.38,aud,Subscription creation
ch_0003787,Paid,2023-08-22 12:09:05,203.7,aud,Subscription update
ch_0003788,Paid,2023-08-22 15:51:36,200.03,aud,Subscription creation
ch_0003789,Paid,2023-08-22 18:27:58,1730.33,aud,Package initiation
ch_0003790,Paid,2023-08-22 19:03:53,4033.02,aud,Package initiation
ch_0003791,Paid,2023-08-23 07:45:27,194.08,aud,Subscription update
ch_0003792,Paid,2023-08-23 11:25:02,340.77,aud,Subscription update
ch_0003793,Paid,2023-08-23 11:37:54,360.5,aud,Subscription update
ch_0003794,Paid,2023-08-23 11:53:10,200.61,aud,Subscription update
ch_0003795,Paid,2023-08-23 15:47:05,346.55,aud,Subscription update
ch_0003796,Paid,2023-08-23 16:41:03,199.36,aud,Subscription update
ch_0003797,Paid,2023-08-23 18:53:51,195.08,aud,Subscription update
ch_0003798,Paid,2023-08-24 06:09:16,179.31,aud,IV League - Booking
ch_0003799,Paid,2023-08-24 06:34:54,198.82,aud,Subscription update
ch_0003800,Paid,2023-08-24 07:31:34,349.47,aud,Subscription update
ch_0003801,Paid,2023-08-24 08:12:56,203.02,aud,Subscription update
ch_0003802,Paid,2023-08-24 12:12:19,199.35,aud,Subscription update
ch_0003803,Paid,2023-08-24 12:45:32,205.73,aud,Subscription update
ch_0003804,Paid,2023-08-24 12:52:49,245.51,aud,IV League - Booking
ch_0003805,Paid,2023-08-24 13:08:52,346.93,aud,Subscription update
ch_0003806,Paid,2023-08-24 14:02:21,454.6,aud,IV League - Booking
ch_0003807,Paid,2023-08-24 14:16:02,445.1,aud,IV League - Booking
ch_0003808,Paid,2023-08-24 14:58:02,193.57,aud,Subscription creation
ch_0003809,Paid,2023-08-24 20:19:41,327.36,aud,IV League - Booking
ch_0003810,Paid,2023-08-25 12:09:30,594.58,aud,Subscription update
ch_0003811,Paid,2023-08-25 12:45:46,349.33,aud,Subscription creation
ch_0003812,Paid,2023-08-25 20:11:33,203.28,aud,Subscription update
ch_0003813,Paid,2023-08-26 14:40:54,341.96,aud,Subscription update
ch_0003814,Paid,2023-08-26 18:24:28,198.91,aud,Subscription update
ch_0003815,Paid,2023-08-27 06:12:44,200.53,aud,Subscription update
ch_0003816,Paid,2023-08-27 14:18:26,577.34,aud,Subscription update
ch_0003817,Paid,2023-08-27 14:21:17,608.93,aud,Subscription update
ch_0003818,Paid,2023-08-27 14:32:12,199.12,aud,Subscription update
ch_0003819,Paid,2023-08-27 15:46:00,342.55,aud,Subscription creation
ch_0003820,Paid,2023-08-27 16:15:10,599.74,aud,Subscription update
ch_0003821,Paid,2023-08-28 12:06:42,197.35,aud,Subscription update
ch_0003822,Paid,2023-08-28 12:54:55,1696.0,aud,Package initiation
ch_0003823,Paid,2023-08-28 14:06:22,203.42,aud,Subscription creation
ch_0003824,Paid,2023-08-28 15:05:07,192.42,aud,Subscription update
ch_0003825,Paid,2023-08-28 15:17:40,194.14,aud,Subscription update
ch_0003826,Paid,2023-08-28 15:54:25,198.26,aud,Subscription update
ch_0003827,Paid,2023-08-28 16:35:48,195.2,aud,Subscription update
ch_0003828,Paid,2023-08-28 17:01:18,347.91,aud,Subscription update
ch_0003829,Paid,2023-08-28 18:20:07,455.97,aud,IV League - Booking
ch_0003830,Paid,2023-08-28 19:49:44,345.28,aud,Subscription update
ch_0003831,Paid,2023-08-28 19:58:42,200.57,aud,Subscription update
ch_0003832,Paid,2023-08-29 09:17:58,186.17,aud,IV League - Booking
ch_0003833,Paid,2023-08-29 09:58:22,336.3,aud,Subscription creation
ch_0003834,Paid,2023-08-30 08:26:32,198.38,aud,Subscription update
ch_0003835,Paid,2023-08-30 09:58:12,344.48,aud,Subscription update
ch_0003836,Paid,2023-08-30 11:49:48,203.15,aud,Subscription update
ch_0003837,Paid,2023-08-30 12:45:31,197.86,aud,Subscription creation
ch_0003838,Paid,2023-08-30 13:21:48,345.33,aud,Subscription update
ch_0003839,Paid,2023-08-30 15:12:57,353.69,aud,Subscription update
ch_0003840,Paid,2023-08-30 20:08:42,609.31,aud,Subscription update
ch_0003841,Paid,2023-08-31 06:17:56,201.79,aud,Subscription update
ch_0003842,Paid,2023-08-31 07:08:12,197.59,aud,Subscription update
ch_0003843,Paid,2023-08-31 07:57:29,193.72,aud,Subscription update
ch_0003844,Paid,2023-08-31 08:05:46,342.64,aud,Subscription update
ch_0003845,Paid,2023-08-31 09:33:20,347.03,aud,Subscription update
ch_0003846,Paid,2023-08-31 14:10:06,346.92,aud,Subscription update
ch_0003847,Paid,2023-08-31 20:31:08,597.38,aud,Subscription update
ch_0003848,Paid,2023-09-01 07:48:53,339.34,aud,Subscription creation
ch_0003849,Paid,2023-09-01 10:58:29,340.66,aud,Subscription update
ch_0003850,Paid,2023-09-01 12:21:28,589.79,aud,Subscription update
ch_0003851,Paid,2023-09-01 12:41:54,356.22,aud,Subscription update
ch_0003852,Paid,2023-09-01 14:19:39,260.47,aud,IV League - Booking
ch_0003853,Paid,2023-09-01 16:14:49,594.37,aud,Subscription update
ch_0003854,Paid,2023-09-01 16:27:09,360.43,aud,Subscription creation
ch_0003855,Paid,2023-09-01 18:18:39,347.5,aud,Subscription update
ch_0003856,Paid,2023-09-01 18:19:42,192.73,aud,Subscription update
ch_0003857,Paid,2023-09-02 11:09:44,607.79,aud,Subscription update
ch_0003858,Paid,2023-09-02 12:52:51,358.41,aud,Subscription update
ch_0003859,Paid,2023-09-02 15:09:12,193.72,aud,Subscription creation
ch_0003860,Paid,2023-09-02 17:44:38,193.31,aud,Subscription update
ch_0003861,Paid,2023-09-02 18:57:23,343.28,aud,Subscription creation
ch_0003862,Paid,2023-09-03 14:39:56,199.75,aud,Subscription update
ch_0003863,Paid,2023-09-03 16:03:33,260.72,aud,IV League - Booking
ch_0003864,Paid,2023-09-03 16:54:12,194.86,aud,Subscription update
ch_0003865,Paid,2023-09-03 17:07:00,204.59,aud,Subscription update
ch_0003866,Paid,2023-09-03 17:39:45,343.74,aud,Subscription update
ch_0003867,Paid,2023-09-03 19:07:14,344.36,aud,Subscription update
ch_0003868,Paid,2023-09-03 19:20:01,196.85,aud,Subscription creation
ch_0003869,Paid,2023-09-03 20:16:40,196.1,aud,Subscription update
ch_0003870,Paid,2023-09-04 06:02:21,350.91,aud,Subscription update
ch_0003871,Paid,2023-09-04 09:45:43,355.44,aud,Subscription creation
ch_0003872,Paid,2023-09-04 17:28:11,343.08,aud,Subscription update
ch_0003873,Paid,2023-09-04 18:40:25,340.47,aud,Subscription creation
ch_0003874,Paid,2023-09-04 20:35:18,198.79,aud,Subscription update
ch_0003875,Paid,2023-09-05 07:16:31,350.94,aud,Subscription update
ch_0003876,Paid,2023-09-05 08:00:41,201.15,aud,Subscription update
ch_0003877,Paid,2023-09-05 19:13:16,194.82,aud,Subscription update
ch_0003878,Paid,2023-09-06 07:40:09,198.09,aud,Subscription update
ch_0003879,Paid,2023-09-06 10:14:10,195.93,aud,Subscription update
ch_0003880,Paid,2023-09-06 15:46:02,340.74,aud,Subscription update
ch_0003881,Paid,2023-09-06 15:50:58,349.03,aud,Subscription update
ch_0003882,Paid,2023-09-06 16:57:14,196.19,aud,Subscription update
ch_0003883,Paid,2023-09-06 19:59:33,345.05,aud,Subscription update
ch_0003884,Paid,2023-09-07 06:06:47,203.9,aud,Subscription creation
ch_0003885,Paid,2023-09-07 06:32:27,203.77,aud,Subscription update
ch_0003886,Paid,2023-09-07 06:44:07,346.08,aud,Subscription update
ch_0003887,Paid,2023-09-07 11:17:08,347.09,aud,Subscription update
ch_0003888,Paid,2023-09-07 14:12:20,608.87,aud,Subscription update
ch_0003889,Paid,2023-09-07 15:17:36,205.87,aud,Subscription update
ch_0003890,Paid,2023-09-07 16:37:22,346.33,aud,Subscription update
ch_0003891,Paid,2023-09-07 17:12:19,199.56,aud,Subscription update
ch_0003892,Paid,2023-09-07 20:57:06,349.99,aud,Subscription update
ch_0003893,Paid,2023-09-08 06:45:41,203.88,aud,Subscription update
ch_0003894,Paid,2023-09-08 16:21:47,200.37,aud,Subscription update
ch_0003895,Paid,2023-09-08 17:43:40,202.0,aud,Subscription update
ch_0003896,Paid,2023-09-08 20:44:07,204.41,aud,Subscription update
ch_0003897,Paid,2023-09-09 06:31:27,340.69,aud,Subscription update
ch_0003898,Paid,2023-09-09 06:52:31,601.65,aud,Subscription update
ch_0003899,Paid,2023-09-09 08:47:11,201.49,aud,Subscription update
ch_0003900,Paid,2023-09-09 15:54:28,354.6,aud,Subscription update
ch_0003901,Paid,2023-09-09 17:29:23,334.82,aud,Subscription update
ch_0003902,Paid,2023-09-09 20:19:30,192.55,aud,IV League - Booking
ch_0003903,Paid,2023-09-10 07:38:38,203.19,aud,Subscription update
ch_0003904,Paid,2023-09-10 09:47:12,351.21,aud,Subscription update
ch_0003905,Paid,2023-09-10 11:08:51,458.31,aud,IV League - Booking
ch_0003906,Paid,2023-09-10 12:08:39,353.69,aud,Subscription creation
ch_0003907,Paid,2023-09-10 12:59:52,232.0,aud,IV League - Booking
ch_0003908,Paid,2023-09-10 15:42:40,201.37,aud,Subscription update
ch_0003909,Paid,2023-09-10 16:09:02,360.26,aud,Subscription update
ch_0003910,Paid,2023-09-10 17:08:47,353.69,aud,Subscription update
ch_0003911,Paid,2023-09-11 06:17:08,356.88,aud,Subscription update
ch_0003912,Paid,2023-09-11 06:20:05,612.77,aud,Subscription update
ch_0003913,Paid,2023-09-11 10:22:44,196.53,aud,Subscription update
ch_0003914,Paid,2023-09-11 16:00:11,345.65,aud,Subscription update
ch_0003915,Paid,2023-09-12 06:38:06,203.13,aud,Subscription update
ch_0003916,Paid,2023-09-12 09:08:56,602.55,aud,Subscription update
ch_0003917,Paid,2023-09-12 15:25:54,599.7,aud,Subscription update
ch_0003918,Paid,2023-09-12 15:35:30,197.26,aud,Subscription update
ch_0003919,Paid,2023-09-12 18:10:01,2219.69,aud,Package initiation
ch_0003920,Paid,2023-09-13 08:24:42,2123.96,aud,Package initiation
ch_0003921,Paid,2023-09-13 12:15:26,342.21,aud,Subscription update
ch_0003922,Paid,2023-09-13 15:08:28,616.66,aud,Subscription update
ch_0003923,Paid,2023-09-13 16:54:56,197.8,aud,Subscription update
ch_0003924,Paid,2023-09-13 19:15:13,341.58,aud,Subscription update
ch_0003925,Paid,2023-09-13 20:37:44,337.93,aud,Subscription update
ch_0003926,Paid,2023-09-14 07:26:09,200.38,aud,Subscription update
ch_0003927,Paid,2023-09-14 09:00:04,352.99,aud,Subscription update
ch_0003928,Paid,2023-09-14 09:02:27,620.48,aud,Subscription update
ch_0003929,Paid,2023-09-14 11:39:05,610.41,aud,Subscription update
ch_0003930,Paid,2023-09-14 13:46:12,590.13,aud,Subscription update
ch_0003931,Paid,2023-09-14 13:50:04,600.52,aud,Subscription update
ch_0003932,Paid,2023-09-14 14:01:00,200.41,aud,Subscription update
ch_0003933,Paid,2023-09-14 14:27:11,344.6,aud,Subscription update
ch_0003934,Paid,2023-09-14 16:40:52,196.48,aud,Subscription update
ch_0003935,Paid,2023-09-14 19:39:55,600.55,aud,Subscription creation
ch_0003936,Paid,2023-09-15 06:13:35,338.63,aud,Subscription update
ch_0003937,Paid,2023-09-15 07:46:35,192.36,aud,Subscription creation
ch_0003938,Paid,2023-09-15 08:49:03,344.63,aud,Subscription update
ch_0003939,Paid,2023-09-15 11:03:10,204.15,aud,Subscription creation
ch_0003940,Paid,2023-09-15 16:46:32,348.97,aud,Subscription update
ch_0003941,Paid,2023-09-16 09:01:15,362.66,aud,Subscription update
ch_0003942,Paid,2023-09-16 12:59:56,205.45,aud,Subscription creation
ch_0003943,Paid,2023-09-16 15:46:32,197.24,aud,Subscription update
ch_0003944,Paid,2023-09-16 20:07:17,195.36,aud,Subscription creation
ch_0003945,Paid,2023-09-16 20:15:42,198.25,aud,Subscription update
ch_0003946,Paid,2023-09-17 06:51:43,343.75,aud,Subscription creation
ch_0003947,Paid,2023-09-17 06:58:02,348.24,aud,Subscription update
ch_0003948,Paid,2023-09-17 10:08:49,201.93,aud,Subscription update
ch_0003949,Paid,2023-09-17 12:40:35,348.85,aud,Subscription update
ch_0003950,Paid,2023-09-17 13:23:26,198.78,aud,Subscription creation
ch_0003951,Paid,2023-09-17 15:01:25,200.23,aud,Subscription creation
ch_0003952,Paid,2023-09-17 16:13:37,345.05,aud,Subscription update
ch_0003953,Paid,2023-09-17 18:28:23,203.49,aud,Subscription update
ch_0003954,Paid,2023-09-17 19:58:45,352.94,aud,Subscription update
ch_0003955,Paid,2023-09-18 10:11:10,203.59,aud,Subscription update
ch_0003956,Paid,2023-09-18 13:46:02,354.12,aud,Subscription update
ch_0003957,Paid,2023-09-18 19:39:35,202.03,aud,Subscription update
ch_0003958,Paid,2023-09-18 20:46:44,199.12,aud,Subscription update
ch_0003959,Paid,2023-09-19 06:08:05,349.28,aud,Subscription update
ch_0003960,Paid,2023-09-19 07:33:55,194.14,aud,Subscription update
ch_0003961,Paid,2023-09-19 08:48:43,188.15,aud,Subscription update
ch_0003962,Paid,2023-09-19 08:59:23,194.2,aud,Subscription update
ch_0003963,Paid,2023-09-19 09:27:57,196.52,aud,Subscription update
ch_0003964,Paid,2023-09-19 11:41:40,200.99,aud,Subscription update
ch_0003965,Paid,2023-09-19 11:54:07,606.65,aud,Subscription update
ch_0003966,Paid,2023-09-19 12:32:15,344.32,aud,Subscription creation
ch_0003967,Paid,2023-09-19 13:47:06,349.62,aud,Subscription update
ch_0003968,Paid,2023-09-19 18:33:12,617.96,aud,Subscription update
ch_0003969,Paid,2023-09-20 06:48:46,351.07,aud,Subscription update
ch_0003970,Paid,2023-09-20 08:12:39,199.65,aud,Subscription creation
ch_0003971,Paid,2023-09-20 09:10:27,348.84,aud,Subscription update
ch_0003972,Paid,2023-09-20 09:16:59,350.27,aud,Subscription update
ch_0003973,Paid,2023-09-20 09:45:22,609.91,aud,Subscription update
ch_0003974,Paid,2023-09-20 15:33:29,198.56,aud,Subscription update
ch_0003975,Paid,2023-09-20 18:15:36,187.92,aud,IV League - Booking
ch_0003976,Paid,2023-09-20 20:01:49,598.72,aud,Subscription update
ch_0003977,Paid,2023-09-21 07:04:08,204.31,aud,Subscription update
ch_0003978,Paid,2023-09-21 11:08:30,196.92,aud,Subscription update
ch_0003979,Paid,2023-09-21 13:56:33,200.72,aud,Subscription update
ch_0003980,Paid,2023-09-21 14:19:31,201.38,aud,Subscription update
ch_0003981,Paid,2023-09-21 15:08:38,198.09,aud,Subscription update
ch_0003982,Paid,2023-09-21 16:14:31,351.04,aud,Subscription update
ch_0003983,Paid,2023-09-21 18:23:01,353.96,aud,Subscription update
ch_0003984,Paid,2023-09-22 06:33:50,198.38,aud,Subscription update
ch_0003985,Paid,2023-09-22 07:08:01,337.89,aud,Subscription update
ch_0003986,Paid,2023-09-22 07:11:11,346.48,aud,Subscription creation
ch_0003987,Paid,2023-09-22 09:37:31,2700.72,aud,Package initiation
ch_0003988,Paid,2023-09-22 11:40:39,611.37,aud,Subscription update
ch_0003989,Paid,2023-09-22 15:12:16,200.57,aud,Subscription update
ch_0003990,Paid,2023-09-22 17:10:27,203.76,aud,Subscription update
ch_0003991,Paid,2023-09-22 18:34:08,195.03,aud,Subscription update
ch_0003992,Paid,2023-09-23 06:14:39,196.34,aud,Subscription creation
ch_0003993,Paid,2023-09-23 06:28:54,201.93,aud,Subscription creation
ch_0003994,Paid,2023-09-23 07:12:43,346.09,aud,Subscription update
ch_0003995,Paid,2023-09-23 08:52:32,196.5,aud,Subscription update
ch_0003996,Paid,2023-09-23 09:03:51,1440.65,aud,Package initiation
ch_0003997,Paid,2023-09-23 10:02:28,340.64,aud,Subscription creation
ch_0003998,Paid,2023-09-23 10:17:42,201.7,aud,Subscription creation
ch_0003999,Paid,2023-09-23 11:09:40,197.26,aud,Subscription update
ch_0004000,Paid,2023-09-23 13:14:53,348.23,aud,Subscription update
ch_0004001,Paid,2023-09-23 14:13:07,193.4,aud,Subscription update
ch_0004002,Paid,2023-09-23 16:29:09,210.13,aud,Subscription update
ch_0004003,Paid,2023-09-23 18:30:01,191.94,aud,Subscription update
ch_0004004,Paid,2023-09-23 19:15:45,202.92,aud,Subscription creation
ch_0004005,Paid,2023-09-24 07:16:19,355.1,aud,Subscription update
ch_0004006,Paid,2023-09-24 08:11:55,200.52,aud,Subscription creation
ch_0004007,Paid,2023-09-24 09:02:24,204.9,aud,Subscription update
ch_0004008,Paid,2023-09-24 18:28:42,1068.54,aud,Invoice payment
ch_0004009,Paid,2023-09-24 18:33:14,253.37,aud,IV League - Booking
ch_0004010,Paid,2023-09-25 08:05:47,196.6,aud,Subscription update
ch_0004011,Paid,2023-09-25 08:20:35,208.76,aud,Subscription update
ch_0004012,Paid,2023-09-25 18:40:24,194.59,aud,Subscription update
ch_0004013,Paid,2023-09-25 18:40:51,193.3,aud,Subscription update
ch_0004014,Paid,2023-09-25 19:18:49,203.68,aud,Subscription update
ch_0004015,Paid,2023-09-25 20:38:29,196.51,aud,Subscription update
ch_0004016,Paid,2023-09-26 11:56:56,618.84,aud,Subscription creation
ch_0004017,Paid,2023-09-26 12:11:44,341.39,aud,Subscription update
ch_0004018,Paid,2023-09-26 15:36:01,348.42,aud,Subscription update
ch_0004019,Paid,2023-09-26 18:14:23,347.32,aud,Subscription update
ch_0004020,Paid,2023-09-27 15:18:13,339.05,aud,Subscription update
ch_0004021,Paid,2023-09-27 20:08:02,182.87,aud,IV League - Booking
ch_0004022,Paid,2023-09-28 07:46:55,607.16,aud,Subscription update
ch_0004023,Paid,2023-09-28 10:47:20,199.15,aud,Subscription update
ch_0004024,Paid,2023-09-28 13:02:55,349.55,aud,Subscription creation
ch_0004025,Paid,2023-09-28 14:17:23,201.75,aud,Subscription update
ch_0004026,Paid,2023-09-28 16:38:59,201.62,aud,Subscription update
ch_0004027,Paid,2023-09-28 17:22:16,193.23,aud,Subscription update
ch_0004028,Paid,2023-09-28 18:22:06,198.05,aud,Subscription update
ch_0004029,Paid,2023-09-28 19:38:00,2320.18,aud,Package initiation
ch_0004030,Paid,2023-09-28 20:39:04,195.12,aud,Subscription update
ch_0004031,Paid,2023-09-29 07:37:58,357.1,aud,Subscription update
ch_0004032,Paid,2023-09-29 10:42:37,347.63,aud,Subscription update
ch_0004033,Paid,2023-09-29 12:22:12,339.23,aud,Subscription update
ch_0004034,Paid,2023-09-29 17:32:09,276.8,aud,Initial consultation
ch_0004035,Paid,2023-09-29 18:27:21,341.11,aud,Subscription update
ch_0004036,Paid,2023-09-29 19:21:04,356.6,aud,Subscription update
ch_0004037,Paid,2023-09-29 19:57:19,201.01,aud,Subscription update
ch_0004038,Paid,2023-09-29 20:59:54,194.92,aud,Subscription update
ch_0004039,Paid,2023-09-30 06:39:31,256.33,aud,IV League - Booking
ch_0004040,Paid,2023-09-30 07:16:14,198.04,aud,Subscription creation
ch_0004041,Paid,2023-09-30 08:01:40,341.58,aud,Subscription update
ch_0004042,Paid,2023-09-30 10:48:03,195.78,aud,Subscription update
ch_0004043,Paid,2023-09-30 13:38:02,196.98,aud,Subscription update
ch_0004044,Paid,2023-09-30 15:20:10,587.57,aud,Subscription update
ch_0004045,Paid,2023-09-30 16:49:33,595.75,aud,Subscription update
ch_0004046,Paid,2023-09-30 17:06:48,199.0,aud,Subscription update
ch_0004047,Paid,2023-09-30 17:42:38,583.83,aud,Subscription update
ch_0004048,Paid,2023-09-30 18:58:32,230.85,aud,IV League - Booking
ch_0004049,Paid,2023-10-01 06:28:00,355.02,aud,Subscription update
ch_0004050,Paid,2023-10-01 06:37:46,197.0,aud,Subscription update
ch_0004051,Paid,2023-10-01 08:14:24,198.85,aud,Subscription update
ch_0004052,Paid,2023-10-01 11:48:29,195.4,aud,Subscription update
ch_0004053,Paid,2023-10-01 14:55:48,196.98,aud,Subscription update
ch_0004054,Paid,2023-10-01 16:13:56,195.78,aud,Subscription update
ch_0004055,Paid,2023-10-02 06:35:20,349.72,aud,Subscription creation
ch_0004056,Paid,2023-10-02 06:35:53,198.82,aud,Subscription update
ch_0004057,Paid,2023-10-02 08:49:32,349.83,aud,Subscription creation
ch_0004058,Paid,2023-10-02 13:12:29,590.52,aud,Subscription update
ch_0004059,Paid,2023-10-02 14:26:46,593.96,aud,Subscription update
ch_0004060,Paid,2023-10-02 15:02:56,348.69,aud,Subscription update
ch_0004061,Paid,2023-10-03 07:38:16,349.77,aud,Subscription creation
ch_0004062,Paid,2023-10-03 11:44:23,190.18,aud,Subscription update
ch_0004063,Paid,2023-10-03 13:33:52,200.03,aud,Subscription update
ch_0004064,Paid,2023-10-03 16:40:35,183.22,aud,IV League - Booking
ch_0004065,Paid,2023-10-03 19:27:33,192.46,aud,Subscription update
ch_0004066,Paid,2023-10-03 20:15:37,346.64,aud,Subscription update
ch_0004067,Paid,2023-10-04 13:48:58,343.89,aud,Subscription update
ch_0004068,Paid,2023-10-04 15:51:42,200.27,aud,Subscription update
ch_0004069,Paid,2023-10-04 18:36:52,595.55,aud,Subscription update
ch_0004070,Paid,2023-10-04 19:22:25,190.39,aud,Subscription update
ch_0004071,Paid,2023-10-05 06:31:44,196.81,aud,Subscription update
ch_0004072,Paid,2023-10-05 08:36:39,623.72,aud,Subscription update
ch_0004073,Paid,2023-10-05 10:53:23,194.97,aud,Subscription update
ch_0004074,Paid,2023-10-05 11:54:23,202.1,aud,Subscription update
ch_0004075,Paid,2023-10-05 12:31:19,200.88,aud,Subscription update
ch_0004076,Paid,2023-10-05 12:34:31,190.53,aud,Subscription update
ch_0004077,Paid,2023-10-05 13:19:46,356.63,aud,Subscription update
ch_0004078,Paid,2023-10-05 15:10:27,205.71,aud,Subscription update
ch_0004079,Paid,2023-10-05 17:01:28,341.22,aud,Subscription update
ch_0004080,Paid,2023-10-05 18:11:49,190.62,aud,Subscription update
ch_0004081,Paid,2023-10-06 07:35:06,354.39,aud,Subscription update
ch_0004082,Paid,2023-10-06 07:39:49,200.29,aud,Subscription update
ch_0004083,Paid,2023-10-06 09:00:03,205.0,aud,Subscription update
ch_0004084,Paid,2023-10-06 09:21:16,331.11,aud,IV League - Booking
ch_0004085,Paid,2023-10-06 11:34:18,354.95,aud,Subscription update
ch_0004086,Paid,2023-10-06 14:12:39,353.21,aud,Subscription creation
ch_0004087,Paid,2023-10-06 14:15:31,341.87,aud,Subscription update
ch_0004088,Paid,2023-10-06 15:05:54,191.68,aud,Subscription update
ch_0004089,Paid,2023-10-06 15:08:25,338.47,aud,Subscription update
ch_0004090,Paid,2023-10-06 19:23:16,340.4,aud,Subscription update
ch_0004091,Paid,2023-10-07 06:48:18,353.53,aud,Subscription update
ch_0004092,Paid,2023-10-07 07:06:34,593.92,aud,Subscription update
ch_0004093,Paid,2023-10-07 07:37:23,178.09,aud,IV League - Booking
ch_0004094,Paid,2023-10-07 12:29:28,343.1,aud,Subscription update
ch_0004095,Paid,2023-10-07 12:35:06,205.45,aud,Subscription update
ch_0004096,Paid,2023-10-07 15:36:37,592.56,aud,Subscription update
ch_0004097,Paid,2023-10-07 15:55:43,327.73,aud,IV League - Booking
ch_0004098,Paid,2023-10-07 16:17:18,232.24,aud,IV League - Booking
ch_0004099,Paid,2023-10-07 20:03:22,196.13,aud,Subscription update
ch_0004100,Paid,2023-10-08 12:04:00,199.2,aud,Subscription update
ch_0004101,Paid,2023-10-08 13:20:44,198.51,aud,Subscription update
ch_0004102,Paid,2023-10-08 13:58:19,397.51,aud,IV League - Booking
ch_0004103,Paid,2023-10-08 17:03:17,354.74,aud,Subscription update
ch_0004104,Paid,2023-10-08 20:44:10,200.92,aud,Subscription update
ch_0004105,Paid,2023-10-08 20:46:49,608.89,aud,Subscription update
ch_0004106,Paid,2023-10-08 20:56:58,195.29,aud,Subscription update
ch_0004107,Paid,2023-10-09 08:38:46,200.34,aud,Subscription update
ch_0004108,Paid,2023-10-09 10:28:06,202.77,aud,Subscription creation
ch_0004109,Paid,2023-10-09 11:08:32,691.46,aud,Longevity panel
ch_0004110,Paid,2023-10-09 12:46:44,200.18,aud,Subscription creation
ch_0004111,Paid,2023-10-09 18:25:07,194.46,aud,Subscription update
ch_0004112,Paid,2023-10-09 19:30:10,197.38,aud,Subscription update
ch_0004113,Paid,2023-10-10 06:37:51,202.46,aud,Subscription update
ch_0004114,Paid,2023-10-10 07:34:06,197.9,aud,Subscription update
ch_0004115,Paid,2023-10-10 08:56:27,198.97,aud,Subscription update
ch_0004116,Paid,2023-10-10 09:33:50,2993.0,aud,Package initiation
ch_0004117,Paid,2023-10-10 11:25:22,2880.47,aud,Package initiation
ch_0004118,Paid,2023-10-10 12:56:21,344.95,aud,Subscription update
ch_0004119,Paid,2023-10-10 13:23:34,622.71,aud,Subscription update
ch_0004120,Paid,2023-10-10 15:21:39,200.64,aud,Subscription update
ch_0004121,Paid,2023-10-10 15:23:13,591.66,aud,Subscription update
ch_0004122,Paid,2023-10-11 06:26:27,200.72,aud,Subscription update
ch_0004123,Paid,2023-10-11 07:34:15,208.31,aud,Subscription update
ch_0004124,Paid,2023-10-11 12:21:42,343.37,aud,Subscription update
ch_0004125,Paid,2023-10-11 16:30:23,589.0,aud,Subscription creation
ch_0004126,Paid,2023-10-11 18:09:13,196.37,aud,Subscription update
ch_0004127,Paid,2023-10-11 19:44:44,202.0,aud,Subscription update
ch_0004128,Paid,2023-10-11 20:01:26,195.83,aud,Subscription creation
ch_0004129,Paid,2023-10-11 20:52:29,196.61,aud,Subscription update
ch_0004130,Paid,2023-10-12 08:37:05,329.25,aud,IV League - Booking
ch_0004131,Paid,2023-10-12 18:05:58,340.53,aud,Subscription update
ch_0004132,Paid,2023-10-13 07:19:34,206.76,aud,Subscription update
ch_0004133,Paid,2023-10-13 14:28:55,349.38,aud,Subscription update
ch_0004134,Paid,2023-10-13 17:51:21,203.33,aud,Subscription update
ch_0004135,Paid,2023-10-13 19:36:59,197.74,aud,Subscription update
ch_0004136,Paid,2023-10-13 19:43:53,201.39,aud,Subscription update
ch_0004137,Paid,2023-10-13 20:09:13,352.43,aud,Subscription update
ch_0004138,Paid,2023-10-14 06:31:21,198.97,aud,Subscription creation
ch_0004139,Paid,2023-10-14 06:39:08,358.43,aud,Subscription update
ch_0004140,Paid,2023-10-14 07:47:20,199.43,aud,Subscription update
ch_0004141,Paid,2023-10-14 07:53:28,198.4,aud,Subscription creation
ch_0004142,Paid,2023-10-14 09:15:03,342.18,aud,Subscription update
ch_0004143,Paid,2023-10-14 13:45:47,350.93,aud,Subscription update
ch_0004144,Paid,2023-10-14 14:17:39,345.59,aud,Subscription update
ch_0004145,Paid,2023-10-14 19:18:09,576.97,aud,Subscription update
ch_0004146,Paid,2023-10-15 06:23:08,590.07,aud,Subscription update
ch_0004147,Paid,2023-10-15 07:54:15,345.01,aud,Subscription update
ch_0004148,Paid,2023-10-15 09:42:52,200.33,aud,Subscription update
ch_0004149,Paid,2023-10-15 10:26:01,201.14,aud,Subscription update
ch_0004150,Paid,2023-10-15 11:43:45,207.41,aud,Subscription update
ch_0004151,Paid,2023-10-15 12:09:50,200.41,aud,Subscription update
ch_0004152,Paid,2023-10-15 12:55:38,202.37,aud,Subscription update
ch_0004153,Paid,2023-10-15 15:02:32,202.18,aud,Subscription update
ch_0004154,Paid,2023-10-15 18:25:25,569.97,aud,Subscription update
ch_0004155,Paid,2023-10-16 06:55:32,357.04,aud,Subscription creation
ch_0004156,Paid,2023-10-16 08:03:07,351.31,aud,Subscription update
ch_0004157,Paid,2023-10-16 10:21:36,609.39,aud,Subscription update
ch_0004158,Paid,2023-10-16 13:11:13,352.93,aud,Subscription update
ch_0004159,Paid,2023-10-16 15:14:20,193.66,aud,Subscription update
ch_0004160,Paid,2023-10-16 15:25:04,349.56,aud,Subscription update
ch_0004161,Paid,2023-10-16 16:12:43,193.45,aud,Subscription update
ch_0004162,Paid,2023-10-16 17:54:47,201.85,aud,Subscription update
ch_0004163,Paid,2023-10-16 18:35:16,2100.17,aud,Package initiation
ch_0004164,Paid,2023-10-16 19:00:39,356.49,aud,Subscription update
ch_0004165,Paid,2023-10-16 19:53:20,344.74,aud,Subscription update
ch_0004166,Paid,2023-10-17 06:09:21,189.71,aud,Subscription creation
ch_0004167,Paid,2023-10-17 07:11:36,197.96,aud,Subscription update
ch_0004168,Paid,2023-10-17 08:34:15,599.28,aud,Subscription update
ch_0004169,Paid,2023-10-17 09:17:43,198.99,aud,Subscription update
ch_0004170,Paid,2023-10-17 10:08:29,250.0,usd,Initial consultation
ch_0004171,Paid,2023-10-17 12:09:50,199.48,aud,Subscription update
ch_0004172,Paid,2023-10-17 16:44:44,442.54,aud,IV League - Booking
ch_0004173,Paid,2023-10-17 17:50:18,346.01,aud,Subscription update
ch_0004174,Paid,2023-10-17 20:57:07,201.5,aud,Subscription update
ch_0004175,Paid,2023-10-18 12:32:24,194.65,aud,Subscription update
ch_0004176,Paid,2023-10-18 17:09:57,347.59,aud,Subscription update
ch_0004177,Paid,2023-10-18 17:45:42,596.07,aud,Subscription update
ch_0004178,Paid,2023-10-19 08:01:13,198.37,aud,Subscription update
ch_0004179,Paid,2023-10-19 16:38:45,350.88,aud,Subscription update
ch_0004180,Paid,2023-10-19 18:37:02,197.66,aud,Subscription update
ch_0004181,Paid,2023-10-20 06:39:07,196.52,aud,Subscription update
ch_0004182,Paid,2023-10-20 08:02:20,201.03,aud,Subscription update
ch_0004183,Paid,2023-10-20 08:49:17,201.89,aud,Subscription update
ch_0004184,Paid,2023-10-20 11:46:55,608.33,aud,Subscription update
ch_0004185,Paid,2023-10-20 14:43:07,2596.42,aud,Package initiation
ch_0004186,Paid,2023-10-20 15:52:12,192.4,aud,Subscription update
ch_0004187,Paid,2023-10-20 16:08:28,194.12,aud,Subscription update
ch_0004188,Paid,2023-10-20 16:41:41,325.58,aud,IV League - Booking
ch_0004189,Paid,2023-10-20 17:45:29,342.76,aud,Subscription creation
ch_0004190,Paid,2023-10-20 18:45:10,201.69,aud,Subscription creation
ch_0004191,Paid,2023-10-20 20:12:08,196.07,aud,Subscription creation
ch_0004192,Paid,2023-10-21 08:12:30,206.08,aud,Subscription update
ch_0004193,Paid,2023-10-21 08:12:48,193.91,aud,Subscription update
ch_0004194,Paid,2023-10-21 08:23:27,353.66,aud,Subscription update
ch_0004195,Paid,2023-10-21 08:31:16,196.2,aud,Subscription creation
ch_0004196,Paid,2023-10-21 09:03:00,594.34,aud,Subscription update
ch_0004197,Paid,2023-10-21 12:22:21,201.99,aud,Subscription update
ch_0004198,Paid,2023-10-21 18:51:52,342.42,aud,Subscription update
ch_0004199,Paid,2023-10-22 06:22:21,352.51,aud,Subscription update
ch_0004200,Paid,2023-10-22 16:35:13,198.73,aud,Subscription update
ch_0004201,Paid,2023-10-22 17:46:40,351.01,aud,Subscription update
ch_0004202,Paid,2023-10-23 09:09:57,198.11,aud,Subscription update
ch_0004203,Paid,2023-10-23 09:49:34,355.65,aud,Subscription update
ch_0004204,Paid,2023-10-23 15:39:00,571.12,aud,Subscription creation
ch_0004205,Paid,2023-10-23 17:39:49,195.41,aud,Subscription update
ch_0004206,Paid,2023-10-24 07:58:39,195.96,aud,Subscription update
ch_0004207,Paid,2023-10-24 12:43:03,353.17,aud,Subscription update
ch_0004208,Paid,2023-10-24 16:54:23,602.15,aud,Subscription update
ch_0004209,Paid,2023-10-24 17:41:54,200.63,aud,Subscription creation
ch_0004210,Paid,2023-10-24 19:55:24,608.95,aud,Subscription update
ch_0004211,Paid,2023-10-24 20:06:31,600.48,aud,Subscription update
ch_0004212,Paid,2023-10-24 20:27:37,345.61,aud,Subscription update
ch_0004213,Paid,2023-10-24 20:37:34,344.7,aud,Subscription update
ch_0004214,Paid,2023-10-24 20:52:41,199.62,aud,Subscription update
ch_0004215,Paid,2023-10-25 06:25:12,200.01,aud,Subscription update
ch_0004216,Paid,2023-10-25 08:07:24,300.06,aud,Initial consultation
ch_0004217,Paid,2023-10-25 09:11:30,595.89,aud,Subscription update
ch_0004218,Paid,2023-10-25 09:50:09,190.72,aud,Subscription update
ch_0004219,Paid,2023-10-25 10:31:34,197.44,aud,Subscription creation
ch_0004220,Paid,2023-10-25 11:42:56,590.73,aud,Subscription update
ch_0004221,Paid,2023-10-25 15:13:07,198.24,aud,Subscription update
ch_0004222,Paid,2023-10-25 16:09:39,203.45,aud,Subscription update
ch_0004223,Paid,2023-10-25 16:55:55,346.34,aud,Subscription update
ch_0004224,Paid,2023-10-26 06:59:10,191.8,aud,Subscription update
ch_0004225,Paid,2023-10-26 09:16:13,201.91,aud,Subscription update
ch_0004226,Paid,2023-10-26 10:55:11,197.26,aud,Subscription creation
ch_0004227,Paid,2023-10-26 11:02:58,343.75,aud,Subscription creation
ch_0004228,Paid,2023-10-26 12:14:28,342.0,aud,IV League - Booking
ch_0004229,Paid,2023-10-26 12:33:51,202.61,aud,Subscription update
ch_0004230,Paid,2023-10-26 14:57:23,203.17,aud,Subscription update
ch_0004231,Paid,2023-10-26 17:25:20,596.51,aud,Subscription update
ch_0004232,Paid,2023-10-26 19:04:50,174.33,aud,IV League - Booking
ch_0004233,Paid,2023-10-26 19:59:10,170.36,aud,IV League - Booking
ch_0004234,Paid,2023-10-27 08:08:47,191.73,aud,Subscription creation
ch_0004235,Paid,2023-10-27 08:29:20,355.14,aud,Subscription update
ch_0004236,Paid,2023-10-27 13:51:16,607.01,aud,Subscription update
ch_0004237,Paid,2023-10-27 15:17:27,597.72,aud,Subscription creation
ch_0004238,Paid,2023-10-27 15:32:24,184.68,aud,IV League - Booking
ch_0004239,Paid,2023-10-27 18:04:53,189.31,aud,Subscription update
ch_0004240,Paid,2023-10-27 18:25:09,196.4,aud,Subscription update
ch_0004241,Paid,2023-10-27 20:21:55,592.7,aud,Subscription update
ch_0004242,Paid,2023-10-27 20:28:22,347.27,aud,Subscription update
ch_0004243,Paid,2023-10-28 06:49:41,198.14,aud,Subscription update
ch_0004244,Paid,2023-10-28 13:30:56,343.43,aud,Subscription update
ch_0004245,Paid,2023-10-28 13:52:45,209.24,aud,Subscription update
ch_0004246,Paid,2023-10-28 17:21:12,357.49,aud,Subscription update
ch_0004247,Paid,2023-10-28 19:32:47,572.07,aud,Subscription update
ch_0004248,Paid,2023-10-29 10:52:06,196.52,aud,Subscription update
ch_0004249,Paid,2023-10-29 11:02:13,601.14,aud,Subscription creation
ch_0004250,Paid,2023-10-29 11:41:40,199.26,aud,Subscription update
ch_0004251,Paid,2023-10-29 11:59:32,199.13,aud,Subscription update
ch_0004252,Paid,2023-10-29 15:11:09,1496.61,aud,Invoice payment
ch_0004253,Paid,2023-10-29 15:22:14,203.14,aud,Subscription update
ch_0004254,Paid,2023-10-29 19:16:05,197.76,aud,Subscription update
ch_0004255,Paid,2023-10-30 06:04:08,363.44,aud,Subscription update
ch_0004256,Paid,2023-10-30 10:28:46,332.62,aud,Subscription update
ch_0004257,Paid,2023-10-30 12:24:47,587.22,aud,Subscription update
ch_0004258,Paid,2023-10-30 20:10:47,199.72,aud,Subscription update
ch_0004259,Paid,2023-10-31 06:43:08,200.94,aud,Subscription update
ch_0004260,Paid,2023-10-31 13:59:36,349.13,aud,Subscription update
ch_0004261,Paid,2023-10-31 15:32:24,178.32,aud,IV League - Booking
ch_0004262,Paid,2023-10-31 15:54:30,605.18,aud,Subscription creation
ch_0004263,Paid,2023-10-31 19:21:53,610.12,aud,Subscription update
ch_0004264,Paid,2023-11-01 06:26:04,198.98,aud,Subscription creation
ch_0004265,Paid,2023-11-01 07:15:33,197.64,aud,Subscription update
ch_0004266,Paid,2023-11-01 08:26:37,603.35,aud,Subscription update
ch_0004267,Paid,2023-11-01 10:44:28,185.02,aud,IV League - Booking
ch_0004268,Paid,2023-11-01 12:07:18,200.04,aud,Subscription update
ch_0004269,Paid,2023-11-01 13:24:00,200.99,aud,Subscription creation
ch_0004270,Paid,2023-11-01 13:56:35,204.4,aud,Subscription update
ch_0004271,Paid,2023-11-01 14:29:51,610.16,aud,Subscription creation
ch_0004272,Paid,2023-11-02 12:09:13,342.92,aud,Subscription creation
ch_0004273,Paid,2023-11-02 12:33:06,347.23,aud,Subscription update
ch_0004274,Paid,2023-11-02 16:04:53,346.19,aud,Subscription update
ch_0004275,Paid,2023-11-02 16:48:16,203.19,aud,Subscription update
ch_0004276,Paid,2023-11-03 06:59:23,200.57,aud,Subscription creation
ch_0004277,Paid,2023-11-03 07:13:31,204.66,aud,Subscription creation
ch_0004278,Paid,2023-11-03 12:00:25,352.07,aud,Subscription update
ch_0004279,Paid,2023-11-03 15:25:46,201.39,aud,Subscription update
ch_0004280,Paid,2023-11-03 16:25:05,603.14,aud,Subscription update
ch_0004281,Paid,2023-11-03 17:12:32,348.25,aud,Subscription update
ch_0004282,Paid,2023-11-04 07:19:34,198.34,aud,Subscription creation
ch_0004283,Paid,2023-11-04 07:46:10,595.59,aud,Subscription update
ch_0004284,Paid,2023-11-04 10:17:41,199.99,aud,Subscription creation
ch_0004285,Paid,2023-11-04 17:15:16,350.36,aud,Subscription update
ch_0004286,Paid,2023-11-04 17:30:36,615.93,aud,Subscription update
ch_0004287,Paid,2023-11-04 18:21:27,198.86,aud,Subscription update
ch_0004288,Paid,2023-11-05 07:37:39,604.95,aud,Subscription update
ch_0004289,Paid,2023-11-05 08:26:30,595.04,aud,Subscription update
ch_0004290,Paid,2023-11-05 08:27:43,204.48,aud,Subscription update
ch_0004291,Paid,2023-11-05 09:50:35,588.0,aud,Subscription update
ch_0004292,Paid,2023-11-05 14:05:16,200.17,aud,Subscription update
ch_0004293,Paid,2023-11-05 15:05:19,199.37,aud,Subscription update
ch_0004294,Paid,2023-11-05 18:05:29,194.23,aud,Subscription update
ch_0004295,Paid,2023-11-05 18:30:06,199.03,aud,Subscription update
ch_0004296,Paid,2023-11-05 20:32:39,355.57,aud,Subscription update
ch_0004297,Paid,2023-11-06 08:38:25,181.97,aud,IV League - Booking
ch_0004298,Paid,2023-11-06 10:27:36,584.37,aud,Subscription update
ch_0004299,Paid,2023-11-06 11:30:28,591.21,aud,Subscription update
ch_0004300,Paid,2023-11-06 13:10:54,347.44,aud,Subscription update
ch_0004301,Paid,2023-11-06 17:26:21,199.87,aud,Subscription update
ch_0004302,Paid,2023-11-06 18:12:20,193.09,aud,Subscription update
ch_0004303,Paid,2023-11-06 20:46:04,583.12,aud,Subscription update
ch_0004304,Paid,2023-11-07 12:03:06,199.8,aud,Subscription update
ch_0004305,Paid,2023-11-07 16:02:35,199.17,aud,Subscription update
ch_0004306,Paid,2023-11-07 16:12:52,349.0,aud,Subscription update
ch_0004307,Paid,2023-11-07 16:18:35,589.95,aud,Subscription update
ch_0004308,Paid,2023-11-07 20:05:22,182.14,aud,IV League - Booking
ch_0004309,Paid,2023-11-08 09:27:27,194.62,aud,Subscription update
ch_0004310,Paid,2023-11-08 11:51:19,194.74,aud,Subscription update
ch_0004311,Paid,2023-11-08 15:00:12,199.29,aud,Subscription update
ch_0004312,Paid,2023-11-08 16:03:14,192.8,aud,Subscription creation
ch_0004313,Paid,2023-11-09 06:33:06,350.39,aud,Subscription update
ch_0004314,Paid,2023-11-09 12:11:42,336.35,aud,Subscription update
ch_0004315,Paid,2023-11-09 13:44:42,197.76,aud,Subscription update
ch_0004316,Paid,2023-11-09 15:23:25,583.57,aud,Subscription update
ch_0004317,Paid,2023-11-09 18:59:52,196.69,aud,Subscription update
ch_0004318,Paid,2023-11-09 19:54:08,341.5,aud,Subscription creation
ch_0004319,Paid,2023-11-10 08:05:13,195.27,aud,Subscription update
ch_0004320,Paid,2023-11-10 11:27:20,203.6,aud,Subscription creation
ch_0004321,Paid,2023-11-10 12:47:47,583.6,aud,Subscription update
ch_0004322,Paid,2023-11-10 18:47:29,196.55,aud,Subscription update
ch_0004323,Paid,2023-11-11 06:55:39,349.88,aud,Subscription creation
ch_0004324,Paid,2023-11-11 07:58:26,349.13,aud,Subscription update
ch_0004325,Paid,2023-11-11 12:30:39,201.56,aud,Subscription update
ch_0004326,Paid,2023-11-11 13:04:39,201.76,aud,Subscription update
ch_0004327,Paid,2023-11-11 15:45:50,339.69,aud,Subscription update
ch_0004328,Paid,2023-11-11 16:49:52,200.69,aud,Subscription update
ch_0004329,Paid,2023-11-11 17:03:49,346.4,aud,Subscription update
ch_0004330,Paid,2023-11-11 17:20:39,13523.35,aud,Corporate wellness - Keyman
ch_0004331,Paid,2023-11-11 19:09:12,194.01,aud,Subscription update
ch_0004332,Paid,2023-11-11 19:41:29,201.71,aud,Subscription update
ch_0004333,Paid,2023-11-11 20:05:51,345.65,aud,Subscription update
ch_0004334,Paid,2023-11-11 20:40:43,458.15,aud,Initial consultation
ch_0004335,Paid,2023-11-12 06:19:45,200.77,aud,Subscription creation
ch_0004336,Paid,2023-11-12 08:10:43,596.29,aud,Subscription update
ch_0004337,Paid,2023-11-12 11:44:41,349.65,aud,Subscription update
ch_0004338,Paid,2023-11-12 12:55:09,200.68,aud,Subscription update
ch_0004339,Paid,2023-11-12 19:28:05,195.98,aud,Subscription update
ch_0004340,Paid,2023-11-13 06:00:14,196.5,aud,Subscription update
ch_0004341,Paid,2023-11-13 08:41:56,602.76,aud,Subscription update
ch_0004342,Paid,2023-11-13 09:20:54,359.3,aud,Subscription update
ch_0004343,Paid,2023-11-13 09:29:00,194.43,aud,Subscription update
ch_0004344,Paid,2023-11-13 11:52:21,343.45,aud,Subscription update
ch_0004345,Paid,2023-11-13 13:37:54,199.9,aud,Subscription creation
ch_0004346,Paid,2023-11-13 16:38:23,196.77,aud,Subscription update
ch_0004347,Paid,2023-11-13 20:35:42,358.59,aud,Subscription update
ch_0004348,Paid,2023-11-14 07:49:33,196.43,aud,Subscription update
ch_0004349,Paid,2023-11-14 10:15:01,200.37,aud,Subscription update
ch_0004350,Paid,2023-11-14 12:31:23,203.04,aud,Subscription update
ch_0004351,Paid,2023-11-14 12:51:46,203.65,aud,Subscription update
ch_0004352,Paid,2023-11-14 15:09:42,583.32,aud,Subscription update
ch_0004353,Paid,2023-11-14 17:26:09,204.95,aud,Subscription update
ch_0004354,Paid,2023-11-14 18:37:17,603.06,aud,Subscription update
ch_0004355,Paid,2023-11-14 19:36:18,195.08,aud,Subscription update
ch_0004356,Paid,2023-11-14 20:51:30,201.2,aud,Subscription update
ch_0004357,Paid,2023-11-15 09:58:34,198.64,aud,Subscription update
ch_0004358,Paid,2023-11-15 11:23:29,198.77,aud,Subscription update
ch_0004359,Paid,2023-11-15 11:25:23,351.26,aud,Subscription creation
ch_0004360,Paid,2023-11-15 13:20:09,192.79,aud,Subscription creation
ch_0004361,Paid,2023-11-15 14:50:43,354.03,aud,Subscription update
ch_0004362,Paid,2023-11-15 15:10:55,199.61,aud,Subscription update
ch_0004363,Paid,2023-11-16 06:49:52,203.23,aud,Subscription update
ch_0004364,Paid,2023-11-16 07:23:26,351.83,aud,Subscription update
ch_0004365,Paid,2023-11-16 07:33:04,192.41,aud,Subscription update
ch_0004366,Paid,2023-11-16 08:15:17,232.56,aud,IV League - Booking
ch_0004367,Paid,2023-11-16 10:05:16,602.25,aud,Subscription update
ch_0004368,Paid,2023-11-16 10:27:53,353.27,aud,Subscription update
ch_0004369,Paid,2023-11-16 10:47:27,600.97,aud,Subscription update
ch_0004370,Paid,2023-11-16 12:30:29,594.93,aud,Subscription update
ch_0004371,Paid,2023-11-16 14:07:14,353.51,aud,Subscription update
ch_0004372,Paid,2023-11-16 16:04:53,609.37,aud,Subscription update
ch_0004373,Paid,2023-11-16 18:17:14,1998.8,aud,Package initiation
ch_0004374,Paid,2023-11-16 18:44:46,200.35,aud,Subscription update
ch_0004375,Paid,2023-11-16 19:33:55,198.97,aud,Subscription update
ch_0004376,Paid,2023-11-17 10:44:22,612.89,aud,Subscription update
ch_0004377,Paid,2023-11-17 12:07:24,1973.0,aud,Package initiation
ch_0004378,Paid,2023-11-17 15:46:38,204.57,aud,Subscription update
ch_0004379,Paid,2023-11-17 18:43:32,202.2,aud,Subscription creation
ch_0004380,Paid,2023-11-17 20:53:44,198.74,aud,Subscription creation
ch_0004381,Paid,2023-11-18 09:43:39,598.71,aud,Subscription update
ch_0004382,Paid,2023-11-18 12:15:57,201.27,aud,Subscription update
ch_0004383,Paid,2023-11-18 12:36:39,599.5,aud,Subscription creation
ch_0004384,Paid,2023-11-18 13:04:09,353.35,aud,Subscription update
ch_0004385,Paid,2023-11-18 15:05:00,200.97,aud,Subscription update
ch_0004386,Paid,2023-11-18 16:36:30,340.25,aud,Subscription update
ch_0004387,Paid,2023-11-18 16:46:48,205.28,aud,Subscription update
ch_0004388,Paid,2023-11-18 20:20:59,345.53,aud,Subscription update
ch_0004389,Paid,2023-11-19 08:31:20,198.81,aud,Subscription update
ch_0004390,Paid,2023-11-19 12:04:26,353.59,aud,Subscription update
ch_0004391,Paid,2023-11-19 12:07:35,189.72,aud,Subscription update
ch_0004392,Paid,2023-11-19 12:28:19,599.93,aud,Subscription update
ch_0004393,Paid,2023-11-20 06:40:59,341.14,aud,Subscription update
ch_0004394,Paid,2023-11-20 07:28:06,345.09,aud,Subscription update
ch_0004395,Paid,2023-11-20 08:21:50,611.15,aud,Subscription update
ch_0004396,Paid,2023-11-20 09:28:26,197.03,aud,Subscription update
ch_0004397,Paid,2023-11-20 13:50:30,198.71,aud,Subscription update
ch_0004398,Paid,2023-11-20 15:22:07,198.44,aud,Subscription update
ch_0004399,Paid,2023-11-20 16:15:40,201.53,aud,Subscription update
ch_0004400,Paid,2023-11-20 16:45:25,606.54,aud,Subscription update
ch_0004401,Paid,2023-11-20 17:27:28,203.61,aud,Subscription update
ch_0004402,Paid,2023-11-20 20:25:28,195.83,aud,Subscription update
ch_0004403,Paid,2023-11-21 06:49:48,370.54,aud,Initial consultation
ch_0004404,Paid,2023-11-21 08:41:29,609.18,aud,Subscription update
ch_0004405,Paid,2023-11-21 09:07:47,331.05,aud,Subscription update
ch_0004406,Paid,2023-11-21 12:12:24,350.93,aud,Subscription update
ch_0004407,Paid,2023-11-21 14:41:24,352.48,aud,Subscription creation
ch_0004408,Paid,2023-11-21 16:40:38,192.92,aud,Subscription update
ch_0004409,Paid,2023-11-21 16:43:25,197.34,aud,Subscription update
ch_0004410,Paid,2023-11-21 17:25:40,357.28,aud,Subscription update
ch_0004411,Paid,2023-11-22 06:36:01,588.85,aud,Subscription update
ch_0004412,Paid,2023-11-22 06:38:50,343.59,aud,Subscription update
ch_0004413,Paid,2023-11-22 07:22:31,195.57,aud,Subscription update
ch_0004414,Paid,2023-11-22 13:30:22,198.64,aud,Subscription update
ch_0004415,Paid,2023-11-22 15:06:36,197.43,aud,Subscription creation
ch_0004416,Paid,2023-11-22 16:38:06,197.83,aud,Subscription update
ch_0004417,Paid,2023-11-22 17:12:50,340.58,aud,Subscription update
ch_0004418,Paid,2023-11-23 09:02:53,192.46,aud,Subscription update
ch_0004419,Paid,2023-11-23 11:10:26,204.57,aud,Subscription update
ch_0004420,Paid,2023-11-23 12:29:31,355.5,aud,Subscription update
ch_0004421,Paid,2023-11-23 12:36:56,1610.06,aud,Package initiation
ch_0004422,Paid,2023-11-23 13:40:04,197.43,aud,Subscription update
ch_0004423,Paid,2023-11-23 14:13:53,350.72,aud,Subscription update
ch_0004424,Paid,2023-11-23 14:23:24,2694.76,aud,Invoice payment
ch_0004425,Paid,2023-11-23 17:59:33,345.03,aud,Subscription update
ch_0004426,Paid,2023-11-23 17:59:46,358.3,aud,Subscription update
ch_0004427,Paid,2023-11-23 18:09:44,352.47,aud,Subscription update
ch_0004428,Paid,2023-11-23 18:22:37,196.7,aud,Subscription update
ch_0004429,Paid,2023-11-23 19:13:10,198.53,aud,Subscription update
ch_0004430,Paid,2023-11-24 07:30:44,193.56,aud,Subscription update
ch_0004431,Paid,2023-11-24 10:38:56,198.28,aud,Subscription update
ch_0004432,Paid,2023-11-24 11:11:24,199.53,aud,Subscription update
ch_0004433,Paid,2023-11-24 12:24:22,589.09,aud,Subscription update
ch_0004434,Paid,2023-11-24 12:42:58,349.65,aud,Subscription update
ch_0004435,Paid,2023-11-24 12:52:15,343.71,aud,Subscription update
ch_0004436,Paid,2023-11-24 12:54:12,352.92,aud,Subscription update
ch_0004437,Paid,2023-11-24 13:21:46,202.5,aud,Subscription update
ch_0004438,Paid,2023-11-24 14:45:52,341.83,aud,Subscription creation
ch_0004439,Paid,2023-11-24 14:51:55,200.33,aud,Subscription update
ch_0004440,Paid,2023-11-24 16:26:52,201.87,aud,Subscription creation
ch_0004441,Paid,2023-11-24 18:52:38,360.2,aud,Subscription update
ch_0004442,Paid,2023-11-24 19:22:08,192.48,aud,Subscription creation
ch_0004443,Paid,2023-11-25 14:58:33,195.52,aud,Subscription update
ch_0004444,Paid,2023-11-26 08:46:28,202.57,aud,Subscription update
ch_0004445,Paid,2023-11-26 09:54:45,197.01,aud,Subscription update
ch_0004446,Paid,2023-11-26 10:51:21,202.37,aud,Subscription update
ch_0004447,Paid,2023-11-26 11:16:16,353.48,aud,Subscription update
ch_0004448,Paid,2023-11-26 11:17:13,345.66,aud,Subscription update
ch_0004449,Paid,2023-11-26 13:33:34,193.92,aud,Subscription update
ch_0004450,Paid,2023-11-26 17:48:33,197.38,aud,Subscription update
ch_0004451,Paid,2023-11-26 17:56:56,193.27,aud,Subscription update
ch_0004452,Paid,2023-11-27 06:13:24,192.51,aud,Subscription update
ch_0004453,Paid,2023-11-27 06:32:01,194.13,aud,Subscription update
ch_0004454,Paid,2023-11-27 07:29:45,197.97,aud,Subscription update
ch_0004455,Paid,2023-11-27 08:26:13,203.43,aud,Subscription update
ch_0004456,Paid,2023-11-27 13:34:57,357.42,aud,Subscription update
ch_0004457,Paid,2023-11-27 14:29:54,359.56,aud,Subscription update
ch_0004458,Paid,2023-11-27 15:15:20,352.96,aud,Subscription update
ch_0004459,Paid,2023-11-28 06:35:54,363.45,aud,Subscription update
ch_0004460,Paid,2023-11-28 09:19:57,196.87,aud,Subscription update
ch_0004461,Paid,2023-11-28 11:36:46,347.37,aud,Subscription update
ch_0004462,Paid,2023-11-28 17:23:38,354.1,aud,Subscription update
ch_0004463,Paid,2023-11-28 19:25:49,203.36,aud,Subscription update
ch_0004464,Paid,2023-11-29 06:10:10,204.29,aud,Subscription update
ch_0004465,Paid,2023-11-29 10:26:05,205.62,aud,Subscription update
ch_0004466,Paid,2023-11-29 10:38:47,1562.25,aud,Package initiation
ch_0004467,Paid,2023-11-29 16:42:07,202.38,aud,Subscription update
ch_0004468,Paid,2023-11-29 20:16:47,209.46,aud,Subscription creation
ch_0004469,Paid,2023-11-29 20:39:42,191.58,aud,Subscription update
ch_0004470,Paid,2023-11-30 10:53:13,195.72,aud,Subscription update
ch_0004471,Paid,2023-11-30 14:16:05,203.23,aud,Subscription update
ch_0004472,Paid,2023-11-30 15:00:09,202.39,aud,Subscription update
ch_0004473,Paid,2023-11-30 15:27:13,201.17,aud,Subscription update
ch_0004474,Paid,2023-11-30 15:32:07,197.65,aud,Subscription update
ch_0004475,Paid,2023-12-01 06:25:30,355.37,aud,Subscription update
ch_0004476,Paid,2023-12-01 09:26:22,574.62,aud,Subscription update
ch_0004477,Paid,2023-12-01 11:03:08,198.84,aud,Subscription update
ch_0004478,Paid,2023-12-01 13:06:05,603.75,aud,Subscription update
ch_0004479,Paid,2023-12-02 06:52:23,201.42,aud,Subscription creation
ch_0004480,Paid,2023-12-02 07:04:17,194.5,aud,Subscription update
ch_0004481,Paid,2023-12-02 07:42:03,193.41,aud,Subscription update
ch_0004482,Paid,2023-12-02 08:32:28,197.64,aud,Subscription update
ch_0004483,Paid,2023-12-02 09:00:37,195.98,aud,Subscription update
ch_0004484,Paid,2023-12-02 16:37:55,198.33,aud,Subscription update
ch_0004485,Paid,2023-12-02 19:49:21,320.28,aud,IV League - Booking
ch_0004486,Paid,2023-12-03 07:00:37,195.81,aud,Subscription update
ch_0004487,Paid,2023-12-03 07:02:16,352.27,aud,Subscription update
ch_0004488,Paid,2023-12-03 07:50:12,2118.21,aud,Package initiation
ch_0004489,Paid,2023-12-03 08:41:55,200.6,aud,Subscription update
ch_0004490,Failed,2023-12-03 09:34:54,349.0,aud,Subscription update
ch_0004491,Paid,2023-12-03 10:00:21,200.66,aud,Subscription creation
ch_0004492,Paid,2023-12-03 11:54:23,198.44,aud,Subscription update
ch_0004493,Paid,2023-12-03 13:33:03,350.29,aud,Subscription update
ch_0004494,Paid,2023-12-03 20:37:21,195.52,aud,Subscription update
ch_0004495,Paid,2023-12-03 20:46:13,208.72,aud,Subscription creation
ch_0004496,Paid,2023-12-04 08:27:02,200.93,aud,Subscription update
ch_0004497,Paid,2023-12-04 08:54:09,191.69,aud,Subscription update
ch_0004498,Paid,2023-12-04 12:36:52,355.67,aud,Subscription update
ch_0004499,Paid,2023-12-04 14:39:15,201.79,aud,Subscription update
ch_0004500,Paid,2023-12-04 15:26:06,345.09,aud,Subscription update
ch_0004501,Paid,2023-12-04 15:35:59,596.07,aud,Subscription update
ch_0004502,Paid,2023-12-04 16:48:19,590.14,aud,Subscription update
ch_0004503,Paid,2023-12-04 17:43:55,193.86,aud,Subscription update
ch_0004504,Paid,2023-12-04 20:04:17,593.45,aud,Subscription update
ch_0004505,Paid,2023-12-05 06:57:37,197.96,aud,Subscription update
ch_0004506,Paid,2023-12-05 07:45:19,196.24,aud,Subscription creation
ch_0004507,Paid,2023-12-05 12:26:19,346.47,aud,Subscription update
ch_0004508,Paid,2023-12-05 13:09:45,203.84,aud,Subscription update
ch_0004509,Paid,2023-12-05 13:12:15,352.38,aud,Subscription update
ch_0004510,Paid,2023-12-05 13:27:27,341.04,aud,Subscription update
ch_0004511,Paid,2023-12-05 14:20:27,201.85,aud,Subscription update
ch_0004512,Paid,2023-12-05 16:21:25,194.08,aud,Subscription update
ch_0004513,Paid,2023-12-05 18:49:49,202.97,aud,Subscription creation
ch_0004514,Paid,2023-12-05 20:22:03,203.33,aud,Subscription update
ch_0004515,Paid,2023-12-05 20:33:26,195.6,aud,Subscription update
ch_0004516,Paid,2023-12-05 20:52:26,343.75,aud,Subscription update
ch_0004517,Paid,2023-12-06 08:08:42,355.82,aud,Subscription update
ch_0004518,Paid,2023-12-06 09:27:39,202.68,aud,Subscription update
ch_0004519,Paid,2023-12-06 10:22:50,205.27,aud,Subscription creation
ch_0004520,Paid,2023-12-06 14:01:39,202.87,aud,Subscription update
ch_0004521,Paid,2023-12-06 18:17:56,349.84,aud,Subscription update
ch_0004522,Paid,2023-12-07 10:01:31,199.93,aud,Subscription update
ch_0004523,Paid,2023-12-07 14:53:17,605.81,aud,Subscription creation
ch_0004524,Paid,2023-12-07 15:16:19,612.65,aud,Subscription update
ch_0004525,Paid,2023-12-08 06:11:28,203.76,aud,Subscription update
ch_0004526,Paid,2023-12-08 07:06:21,198.95,aud,Subscription update
ch_0004527,Paid,2023-12-08 07:37:28,356.45,aud,Subscription update
ch_0004528,Paid,2023-12-08 08:45:10,199.12,aud,Subscription update
ch_0004529,Paid,2023-12-08 08:50:03,202.11,aud,Subscription update
ch_0004530,Paid,2023-12-08 09:16:07,358.13,aud,Subscription update
ch_0004531,Paid,2023-12-08 10:45:52,198.54,aud,Subscription update
ch_0004532,Paid,2023-12-08 16:45:18,353.86,aud,Subscription update
ch_0004533,Paid,2023-12-08 19:34:25,344.42,aud,Subscription update
ch_0004534,Paid,2023-12-08 20:01:05,195.53,aud,Subscription creation
ch_0004535,Paid,2023-12-09 06:04:26,337.71,aud,Subscription creation
ch_0004536,Paid,2023-12-09 06:53:06,341.85,aud,Subscription update
ch_0004537,Paid,2023-12-09 16:48:11,342.08,aud,Subscription update
ch_0004538,Paid,2023-12-09 19:49:26,348.52,aud,Subscription update
ch_0004539,Paid,2023-12-09 20:04:42,196.73,aud,Subscription update
ch_0004540,Paid,2023-12-10 10:05:52,597.58,aud,Subscription creation
ch_0004541,Paid,2023-12-10 11:20:49,195.03,aud,Subscription update
ch_0004542,Paid,2023-12-10 20:08:40,196.26,aud,Subscription update
ch_0004543,Paid,2023-12-11 06:54:12,601.23,aud,Subscription creation
ch_0004544,Paid,2023-12-11 07:46:24,610.69,aud,Subscription update
ch_0004545,Paid,2023-12-11 09:39:43,196.6,aud,Subscription update
ch_0004546,Paid,2023-12-11 13:32:07,197.18,aud,Subscription update
ch_0004547,Paid,2023-12-11 13:43:06,202.06,aud,Subscription update
ch_0004548,Paid,2023-12-11 13:46:05,617.87,aud,Subscription creation
ch_0004549,Paid,2023-12-11 16:17:09,359.09,aud,Subscription update
ch_0004550,Paid,2023-12-11 17:07:09,195.14,aud,Subscription update
ch_0004551,Paid,2023-12-12 07:23:14,349.48,aud,Subscription update
ch_0004552,Paid,2023-12-12 07:42:14,191.98,aud,Subscription update
ch_0004553,Paid,2023-12-12 10:53:24,205.79,aud,Subscription update
ch_0004554,Paid,2023-12-12 10:58:20,193.79,aud,Subscription update
ch_0004555,Paid,2023-12-12 11:14:40,193.3,aud,Subscription update
ch_0004556,Paid,2023-12-12 13:11:46,237.72,aud,IV League - Booking
ch_0004557,Paid,2023-12-12 13:15:14,350.71,aud,Subscription update
ch_0004558,Paid,2023-12-12 17:43:27,199.14,aud,Subscription update
ch_0004559,Paid,2023-12-12 19:50:32,199.1,aud,Subscription update
ch_0004560,Paid,2023-12-13 14:22:46,194.23,aud,Subscription update
ch_0004561,Paid,2023-12-13 18:13:36,202.28,aud,Subscription creation
ch_0004562,Paid,2023-12-13 20:52:20,195.54,aud,Subscription creation
ch_0004563,Paid,2023-12-14 09:11:04,341.54,aud,Subscription update
ch_0004564,Paid,2023-12-14 10:37:52,591.9,aud,Subscription creation
ch_0004565,Paid,2023-12-14 11:27:23,203.32,aud,Subscription creation
ch_0004566,Paid,2023-12-14 11:43:58,199.39,aud,Subscription update
ch_0004567,Paid,2023-12-14 18:43:45,199.59,aud,Subscription update
ch_0004568,Paid,2023-12-15 10:20:00,347.63,aud,Subscription update
ch_0004569,Paid,2023-12-15 12:12:10,200.5,aud,Subscription update
ch_0004570,Paid,2023-12-15 12:29:52,200.82,aud,Subscription update
ch_0004571,Paid,2023-12-15 17:08:15,204.62,aud,Subscription update
ch_0004572,Paid,2023-12-15 18:47:31,203.8,aud,Subscription update
ch_0004573,Paid,2023-12-16 07:14:09,195.86,aud,Subscription update
ch_0004574,Paid,2023-12-16 07:48:11,205.38,aud,Subscription update
ch_0004575,Paid,2023-12-16 08:15:38,337.78,aud,Subscription update
ch_0004576,Paid,2023-12-16 10:46:13,607.23,aud,Subscription update
ch_0004577,Paid,2023-12-16 12:03:05,351.49,aud,Subscription update
ch_0004578,Paid,2023-12-16 13:56:54,199.45,aud,Subscription update
ch_0004579,Paid,2023-12-16 13:57:21,203.38,aud,Subscription update
ch_0004580,Paid,2023-12-16 14:26:35,204.21,aud,Subscription update
ch_0004581,Paid,2023-12-16 16:13:22,350.61,aud,Subscription update
ch_0004582,Paid,2023-12-16 16:25:20,345.58,aud,Subscription update
ch_0004583,Paid,2023-12-16 16:52:16,199.76,aud,Subscription update
ch_0004584,Paid,2023-12-16 19:45:56,589.52,aud,Subscription creation
ch_0004585,Paid,2023-12-17 06:33:19,203.08,aud,Subscription creation
ch_0004586,Paid,2023-12-17 08:54:34,198.39,aud,Subscription update
ch_0004587,Paid,2023-12-17 09:56:44,363.19,aud,Subscription update
ch_0004588,Paid,2023-12-17 10:58:46,345.4,aud,Subscription update
ch_0004589,Paid,2023-12-17 14:41:54,348.03,aud,Subscription update
ch_0004590,Paid,2023-12-18 09:23:57,352.6,aud,Subscription update
ch_0004591,Paid,2023-12-18 09:41:35,346.67,aud,Subscription update
ch_0004592,Paid,2023-12-18 10:20:41,272.6,aud,Initial consultation
ch_0004593,Paid,2023-12-18 11:10:38,589.42,aud,Subscription update
ch_0004594,Paid,2023-12-18 11:29:25,197.64,aud,Subscription update
ch_0004595,Paid,2023-12-18 13:10:07,2486.34,aud,Package initiation
ch_0004596,Paid,2023-12-18 18:49:34,590.28,aud,Subscription update
ch_0004597,Paid,2023-12-19 07:04:17,197.16,aud,Subscription update
ch_0004598,Paid,2023-12-19 08:30:37,199.14,aud,Subscription creation
ch_0004599,Paid,2023-12-19 09:32:47,611.16,aud,Subscription update
ch_0004600,Paid,2023-12-19 11:28:37,196.03,aud,Subscription update
ch_0004601,Paid,2023-12-19 11:33:08,204.34,aud,Subscription update
ch_0004602,Paid,2023-12-19 15:57:40,199.65,aud,Subscription update
ch_0004603,Paid,2023-12-19 16:26:53,356.48,aud,Subscription update
ch_0004604,Paid,2023-12-19 18:07:37,206.75,aud,Subscription creation
ch_0004605,Paid,2023-12-19 20:14:36,198.98,aud,Subscription update
ch_0004606,Paid,2023-12-20 06:51:18,193.87,aud,IV League - Booking
ch_0004607,Paid,2023-12-20 08:41:42,1547.05,aud,Invoice payment
ch_0004608,Paid,2023-12-20 09:27:14,593.54,aud,Subscription update
ch_0004609,Paid,2023-12-20 15:51:43,202.52,aud,Subscription creation
ch_0004610,Paid,2023-12-20 16:32:31,203.95,aud,Subscription update
ch_0004611,Paid,2023-12-20 18:13:00,197.36,aud,Subscription update
ch_0004612,Paid,2023-12-20 18:46:00,199.78,aud,Subscription update
ch_0004613,Paid,2023-12-21 07:08:42,201.08,aud,Subscription update
ch_0004614,Paid,2023-12-21 10:22:11,199.73,aud,Subscription update
ch_0004615,Paid,2023-12-21 10:38:54,197.33,aud,Subscription update
ch_0004616,Paid,2023-12-21 10:44:50,611.27,aud,Subscription update
ch_0004617,Paid,2023-12-21 11:18:16,198.95,aud,Subscription update
ch_0004618,Paid,2023-12-21 11:33:02,200.07,aud,Subscription update
ch_0004619,Paid,2023-12-21 17:52:08,196.17,aud,Subscription update
ch_0004620,Paid,2023-12-21 18:45:35,363.35,aud,Subscription update
ch_0004621,Paid,2023-12-22 08:55:00,359.16,aud,Subscription update
ch_0004622,Paid,2023-12-22 09:14:54,355.35,aud,Subscription update
ch_0004623,Paid,2023-12-22 10:15:40,193.62,aud,Subscription creation
ch_0004624,Paid,2023-12-22 11:58:09,2957.43,aud,Package initiation
ch_0004625,Paid,2023-12-22 13:36:03,204.32,aud,Subscription update
ch_0004626,Paid,2023-12-22 19:23:03,596.36,aud,Subscription creation
ch_0004627,Paid,2023-12-22 20:45:11,202.6,aud,Subscription creation
ch_0004628,Paid,2023-12-23 07:44:10,355.05,aud,Subscription update
ch_0004629,Paid,2023-12-23 14:13:28,340.46,aud,Subscription update
ch_0004630,Paid,2023-12-23 15:16:42,406.36,aud,IV League - Booking
ch_0004631,Paid,2023-12-23 15:39:05,357.41,aud,Subscription update
ch_0004632,Paid,2023-12-23 18:11:39,194.61,aud,Subscription update
ch_0004633,Paid,2023-12-23 19:29:56,199.99,aud,Subscription update
ch_0004634,Paid,2023-12-23 19:30:08,362.43,aud,Subscription update
ch_0004635,Paid,2023-12-24 06:26:50,203.27,aud,Subscription update
ch_0004636,Paid,2023-12-24 06:32:43,194.77,aud,Subscription creation
ch_0004637,Paid,2023-12-24 09:06:49,362.05,aud,Subscription update
ch_0004638,Paid,2023-12-24 11:19:34,356.73,aud,Subscription creation
ch_0004639,Paid,2023-12-24 11:44:57,203.46,aud,Subscription update
ch_0004640,Paid,2023-12-24 13:13:43,196.43,aud,Subscription update
ch_0004641,Paid,2023-12-24 14:08:50,622.16,aud,Subscription update
ch_0004642,Paid,2023-12-24 14:18:50,197.48,aud,Subscription update
ch_0004643,Paid,2023-12-24 20:16:20,197.81,aud,Subscription update
ch_0004644,Paid,2023-12-25 06:19:08,195.67,aud,Subscription update
ch_0004645,Paid,2023-12-25 06:44:07,200.31,aud,Subscription update
ch_0004646,Paid,2023-12-25 12:02:34,203.14,aud,Subscription update
ch_0004647,Paid,2023-12-25 12:21:13,362.66,aud,Subscription update
ch_0004648,Paid,2023-12-25 15:51:03,206.65,aud,Subscription update
ch_0004649,Paid,2023-12-25 17:33:17,203.6,aud,Subscription update
ch_0004650,Paid,2023-12-26 13:57:53,200.9,aud,Subscription update
ch_0004651,Paid,2023-12-26 14:30:51,605.36,aud,Subscription update
ch_0004652,Paid,2023-12-26 15:30:51,203.32,aud,Subscription update
ch_0004653,Paid,2023-12-26 16:24:40,354.45,aud,Subscription update
ch_0004654,Paid,2023-12-26 17:38:04,196.79,aud,Subscription update
ch_0004655,Paid,2023-12-26 18:32:43,343.65,aud,Subscription update
ch_0004656,Paid,2023-12-27 06:03:19,201.78,aud,Subscription update
ch_0004657,Paid,2023-12-27 06:06:27,204.01,aud,Subscription update
ch_0004658,Paid,2023-12-27 06:44:56,197.05,aud,Subscription update
ch_0004659,Paid,2023-12-27 07:31:14,349.15,aud,Subscription creation
ch_0004660,Paid,2023-12-27 16:43:06,344.74,aud,Subscription update
ch_0004661,Paid,2023-12-27 17:25:19,253.74,aud,IV League - Booking
ch_0004662,Paid,2023-12-27 19:06:51,352.47,aud,Subscription update
ch_0004663,Paid,2023-12-27 20:00:12,607.08,aud,Subscription update
ch_0004664,Paid,2023-12-28 08:32:49,354.1,aud,Subscription update
ch_0004665,Paid,2023-12-28 13:08:55,196.51,aud,Subscription update
ch_0004666,Paid,2023-12-28 13:15:50,610.51,aud,Subscription update
ch_0004667,Paid,2023-12-28 14:55:15,171.19,aud,IV League - Booking
ch_0004668,Paid,2023-12-28 20:38:16,344.94,aud,Subscription update
ch_0004669,Paid,2023-12-29 13:26:01,583.73,aud,Subscription update
ch_0004670,Paid,2023-12-29 13:31:22,330.27,aud,Initial consultation
ch_0004671,Paid,2023-12-29 15:55:25,339.31,aud,Subscription update
ch_0004672,Paid,2023-12-29 16:29:11,200.63,aud,Subscription update
ch_0004673,Paid,2023-12-29 16:56:01,197.11,aud,Subscription update
ch_0004674,Paid,2023-12-29 17:31:31,265.03,aud,IV League - Booking
ch_0004675,Paid,2023-12-29 17:37:20,595.74,aud,Subscription update
ch_0004676,Paid,2023-12-29 18:06:14,271.57,aud,Initial consultation
ch_0004677,Paid,2023-12-29 18:21:18,198.73,aud,Subscription creation
ch_0004678,Paid,2023-12-30 08:18:35,195.88,aud,Subscription update
ch_0004679,Paid,2023-12-30 09:01:44,204.77,aud,Subscription update
ch_0004680,Paid,2023-12-30 09:18:06,354.88,aud,Subscription update
ch_0004681,Paid,2023-12-30 09:55:18,342.68,aud,Subscription update
ch_0004682,Paid,2023-12-30 18:22:25,596.09,aud,Subscription update
ch_0004683,Paid,2023-12-31 11:02:10,193.61,aud,Subscription update
ch_0004684,Paid,2023-12-31 11:47:54,581.7,aud,Subscription creation
ch_0004685,Paid,2023-12-31 11:49:21,201.54,aud,Subscription update
ch_0004686,Paid,2023-12-31 12:41:08,194.89,aud,Subscription update
ch_0004687,Paid,2023-12-31 13:03:45,191.05,aud,Subscription update
ch_0004688,Paid,2023-12-31 14:36:19,196.4,aud,Subscription update
ch_0004689,Paid,2023-12-31 17:26:56,353.41,aud,Subscription update
ch_0004690,Paid,2023-12-31 17:29:27,610.36,aud,Subscription update
ch_0004691,Paid,2024-01-01 07:16:17,194.81,aud,Subscription update
ch_0004692,Paid,2024-01-01 11:13:15,334.67,aud,Subscription update
ch_0004693,Paid,2024-01-01 11:34:46,353.54,aud,Subscription update
ch_0004694,Paid,2024-01-01 13:55:54,203.87,aud,Subscription update
ch_0004695,Paid,2024-01-01 17:11:35,200.81,aud,Subscription update
ch_0004696,Paid,2024-01-01 17:37:03,205.77,aud,Subscription update
ch_0004697,Paid,2024-01-01 17:48:34,354.49,aud,Subscription creation
ch_0004698,Paid,2024-01-01 19:03:26,362.45,aud,Subscription creation
ch_0004699,Paid,2024-01-01 20:08:19,203.93,aud,Subscription update
ch_0004700,Paid,2024-01-02 10:15:39,620.44,aud,Subscription update
ch_0004701,Paid,2024-01-02 14:53:47,335.68,aud,Subscription update
ch_0004702,Paid,2024-01-02 15:37:59,342.33,aud,Subscription update
ch_0004703,Paid,2024-01-02 15:43:15,199.55,aud,Subscription update
ch_0004704,Paid,2024-01-03 06:03:22,621.9,aud,Subscription update
ch_0004705,Paid,2024-01-03 08:13:30,339.63,aud,Subscription update
ch_0004706,Paid,2024-01-03 09:54:50,192.41,aud,Subscription update
ch_0004707,Paid,2024-01-03 14:24:55,202.61,aud,Subscription update
ch_0004708,Paid,2024-01-03 15:35:10,192.41,aud,Subscription update
ch_0004709,Paid,2024-01-03 18:14:21,196.97,aud,Subscription creation
ch_0004710,Paid,2024-01-04 09:59:50,198.1,aud,Subscription update
ch_0004711,Paid,2024-01-04 13:50:08,194.25,aud,Subscription update
ch_0004712,Paid,2024-01-04 18:06:33,344.54,aud,Subscription update
ch_0004713,Paid,2024-01-04 19:32:03,355.97,aud,Subscription update
ch_0004714,Paid,2024-01-05 08:48:53,350.46,aud,Subscription update
ch_0004715,Paid,2024-01-05 09:39:37,352.42,aud,Subscription update
ch_0004716,Paid,2024-01-05 10:12:41,194.76,aud,Subscription update
ch_0004717,Paid,2024-01-05 13:49:56,196.27,aud,Subscription update
ch_0004718,Paid,2024-01-05 19:23:23,202.98,aud,Subscription update
ch_0004719,Paid,2024-01-05 19:53:38,201.51,aud,Subscription update
ch_0004720,Paid,2024-01-06 08:47:52,365.73,aud,Subscription update
ch_0004721,Paid,2024-01-06 12:20:42,615.73,aud,Subscription update
ch_0004722,Paid,2024-01-06 14:53:25,195.7,aud,Subscription update
ch_0004723,Paid,2024-01-06 17:35:36,343.19,aud,Subscription update
ch_0004724,Paid,2024-01-06 18:29:37,203.37,aud,Subscription update
ch_0004725,Paid,2024-01-07 07:54:30,197.58,aud,Subscription update
ch_0004726,Paid,2024-01-07 11:06:16,197.96,aud,Subscription update
ch_0004727,Paid,2024-01-07 13:39:50,349.41,aud,Subscription update
ch_0004728,Paid,2024-01-07 14:17:03,193.77,aud,Subscription update
ch_0004729,Paid,2024-01-07 16:06:30,340.94,aud,Subscription update
ch_0004730,Paid,2024-01-07 17:18:33,198.23,aud,Subscription update
ch_0004731,Paid,2024-01-07 19:56:58,202.73,aud,Subscription update
ch_0004732,Paid,2024-01-07 20:02:37,204.8,aud,Subscription creation
ch_0004733,Paid,2024-01-08 06:24:53,601.96,aud,Subscription update
ch_0004734,Paid,2024-01-08 08:42:18,198.49,aud,Subscription update
ch_0004735,Paid,2024-01-08 11:43:54,200.15,aud,Subscription update
ch_0004736,Paid,2024-01-08 12:45:15,357.66,aud,Subscription creation
ch_0004737,Paid,2024-01-08 14:36:04,345.29,aud,Subscription update
ch_0004738,Paid,2024-01-08 18:03:38,608.25,aud,Subscription update
ch_0004739,Paid,2024-01-08 19:19:49,201.41,aud,Subscription update
ch_0004740,Paid,2024-01-08 20:04:30,592.57,aud,Subscription update
ch_0004741,Paid,2024-01-09 14:10:56,199.31,aud,Subscription update
ch_0004742,Paid,2024-01-09 16:18:08,613.13,aud,Subscription update
ch_0004743,Paid,2024-01-10 09:08:52,344.02,aud,Subscription update
ch_0004744,Paid,2024-01-10 18:01:01,195.28,aud,Subscription update
ch_0004745,Paid,2024-01-11 08:23:21,195.47,aud,Subscription update
ch_0004746,Paid,2024-01-11 08:33:32,195.48,aud,Subscription update
ch_0004747,Paid,2024-01-11 09:10:17,596.28,aud,Subscription update
ch_0004748,Paid,2024-01-11 12:43:54,193.86,aud,Subscription update
ch_0004749,Paid,2024-01-11 14:50:01,614.21,aud,Subscription update
ch_0004750,Paid,2024-01-11 16:02:31,204.62,aud,Subscription update
ch_0004751,Paid,2024-01-11 16:11:29,350.9,aud,Subscription update
ch_0004752,Paid,2024-01-11 16:16:48,1752.75,aud,Invoice payment
ch_0004753,Paid,2024-01-11 16:50:48,590.13,aud,Subscription update
ch_0004754,Paid,2024-01-12 08:13:43,339.89,aud,Subscription update
ch_0004755,Paid,2024-01-12 12:22:43,346.19,aud,Subscription update
ch_0004756,Paid,2024-01-12 18:00:02,205.94,aud,Subscription update
ch_0004757,Paid,2024-01-12 18:42:19,200.11,aud,Subscription update
ch_0004758,Paid,2024-01-12 18:43:18,349.11,aud,Subscription creation
ch_0004759,Paid,2024-01-12 20:54:44,593.71,aud,Subscription update
ch_0004760,Paid,2024-01-13 11:11:00,346.92,aud,Subscription update
ch_0004761,Paid,2024-01-13 12:10:06,357.91,aud,Subscription update
ch_0004762,Paid,2024-01-13 12:13:16,198.48,aud,Subscription update
ch_0004763,Paid,2024-01-13 13:56:20,603.58,aud,Subscription update
ch_0004764,Paid,2024-01-13 14:39:34,345.5,aud,Subscription update
ch_0004765,Paid,2024-01-13 15:55:47,197.37,aud,Subscription update
ch_0004766,Paid,2024-01-13 16:24:07,341.24,aud,Subscription update
ch_0004767,Paid,2024-01-13 16:32:17,602.87,aud,Subscription update
ch_0004768,Paid,2024-01-13 20:51:48,195.18,aud,Subscription update
ch_0004769,Paid,2024-01-14 06:35:30,334.97,aud,Subscription update
ch_0004770,Paid,2024-01-14 07:29:22,203.15,aud,Subscription update
ch_0004771,Paid,2024-01-14 10:28:03,197.33,aud,Subscription update
ch_0004772,Paid,2024-01-14 15:37:00,601.06,aud,Subscription update
ch_0004773,Paid,2024-01-14 15:55:15,197.98,aud,Subscription update
ch_0004774,Paid,2024-01-14 17:32:31,344.37,aud,Subscription update
ch_0004775,Paid,2024-01-14 20:15:02,353.48,aud,Subscription update
ch_0004776,Paid,2024-01-15 07:28:54,355.26,aud,Subscription update
ch_0004777,Paid,2024-01-15 07:41:56,355.39,aud,Subscription creation
ch_0004778,Paid,2024-01-15 14:33:19,200.95,aud,Subscription update
ch_0004779,Paid,2024-01-15 14:48:41,618.44,aud,Subscription update
ch_0004780,Paid,2024-01-16 07:43:31,198.4,aud,Subscription update
ch_0004781,Paid,2024-01-16 08:16:00,194.46,aud,Subscription update
ch_0004782,Paid,2024-01-16 08:49:40,197.1,aud,Subscription update
ch_0004783,Paid,2024-01-16 11:42:59,345.46,aud,Subscription update
ch_0004784,Paid,2024-01-16 11:46:51,199.67,aud,Subscription update
ch_0004785,Paid,2024-01-16 12:59:16,588.25,aud,Subscription update
ch_0004786,Paid,2024-01-16 14:35:04,200.44,aud,Subscription update
ch_0004787,Paid,2024-01-16 15:58:51,198.46,aud,Subscription update
ch_0004788,Paid,2024-01-17 07:47:32,205.55,aud,Subscription update
ch_0004789,Paid,2024-01-17 09:12:56,354.0,aud,Subscription update
ch_0004790,Paid,2024-01-17 10:08:26,350.03,aud,Subscription creation
ch_0004791,Paid,2024-01-17 11:10:01,349.81,aud,Subscription update
ch_0004792,Paid,2024-01-17 18:14:57,204.77,aud,Subscription update
ch_0004793,Paid,2024-01-18 12:23:23,348.63,aud,Subscription update
ch_0004794,Paid,2024-01-18 18:35:30,354.0,aud,Subscription update
ch_0004795,Paid,2024-01-18 19:33:29,205.48,aud,Subscription creation
ch_0004796,Paid,2024-01-18 20:01:16,351.82,aud,Subscription update
ch_0004797,Paid,2024-01-19 07:42:05,199.54,aud,Subscription update
ch_0004798,Paid,2024-01-19 08:48:44,593.04,aud,Subscription update
ch_0004799,Paid,2024-01-19 11:32:40,200.93,aud,Subscription update
ch_0004800,Paid,2024-01-19 12:37:17,205.6,aud,Subscription update
ch_0004801,Paid,2024-01-19 16:18:24,194.27,aud,Subscription update
ch_0004802,Paid,2024-01-19 16:30:52,197.98,aud,Subscription update
ch_0004803,Paid,2024-01-19 19:33:43,325.59,aud,Initial consultation
ch_0004804,Paid,2024-01-20 08:15:08,202.45,aud,Subscription update
ch_0004805,Paid,2024-01-20 15:19:25,578.61,aud,Subscription update
ch_0004806,Paid,2024-01-20 17:30:31,190.06,aud,Subscription update
ch_0004807,Paid,2024-01-20 18:32:58,348.51,aud,Subscription update
ch_0004808,Paid,2024-01-21 06:51:22,199.37,aud,Subscription update
ch_0004809,Paid,2024-01-21 08:33:56,344.52,aud,Subscription update
ch_0004810,Paid,2024-01-21 12:35:25,195.3,aud,Subscription update
ch_0004811,Paid,2024-01-21 12:57:02,346.21,aud,Subscription update
ch_0004812,Paid,2024-01-21 14:17:37,197.48,aud,Subscription update
ch_0004813,Paid,2024-01-21 15:09:32,201.33,aud,Subscription creation
ch_0004814,Paid,2024-01-21 18:07:13,193.21,aud,Subscription update
ch_0004815,Paid,2024-01-22 08:24:43,201.78,aud,Subscription creation
ch_0004816,Paid,2024-01-22 15:39:27,615.08,aud,Subscription update
ch_0004817,Paid,2024-01-22 18:03:09,199.14,aud,Subscription update
ch_0004818,Paid,2024-01-23 09:34:40,201.3,aud,Subscription update
ch_0004819,Paid,2024-01-23 10:00:17,198.18,aud,Subscription update
ch_0004820,Paid,2024-01-23 12:12:56,198.08,aud,Subscription update
ch_0004821,Paid,2024-01-23 14:37:54,353.58,aud,Subscription update
ch_0004822,Paid,2024-01-23 17:16:38,358.23,aud,Subscription update
ch_0004823,Paid,2024-01-23 19:26:51,199.13,aud,Subscription update
ch_0004824,Paid,2024-01-23 19:42:59,197.12,aud,Subscription update
ch_0004825,Paid,2024-01-23 20:36:01,202.05,aud,Subscription update
ch_0004826,Paid,2024-01-24 07:32:41,357.41,aud,Subscription update
ch_0004827,Paid,2024-01-24 08:13:32,191.46,aud,Subscription update
ch_0004828,Paid,2024-01-24 08:28:12,200.64,aud,Subscription update
ch_0004829,Paid,2024-01-24 08:40:12,344.64,aud,Subscription update
ch_0004830,Paid,2024-01-24 11:09:56,202.42,aud,Subscription update
ch_0004831,Paid,2024-01-24 11:43:31,191.7,aud,Subscription update
ch_0004832,Paid,2024-01-25 06:10:24,2358.83,aud,Package initiation
ch_0004833,Paid,2024-01-25 06:55:43,196.08,aud,Subscription update
ch_0004834,Paid,2024-01-25 08:25:32,592.3,aud,Subscription update
ch_0004835,Paid,2024-01-25 09:18:25,346.63,aud,Subscription update
ch_0004836,Paid,2024-01-25 10:51:07,201.8,aud,Subscription update
ch_0004837,Paid,2024-01-25 11:33:31,335.84,aud,Subscription update
ch_0004838,Paid,2024-01-25 13:46:06,198.24,aud,Subscription creation
ch_0004839,Paid,2024-01-25 15:55:21,363.07,aud,Subscription update
ch_0004840,Paid,2024-01-25 17:05:45,350.9,aud,Subscription update
ch_0004841,Paid,2024-01-25 20:33:54,345.19,aud,Subscription update
ch_0004842,Paid,2024-01-26 07:08:30,610.52,aud,Subscription update
ch_0004843,Paid,2024-01-26 08:03:24,196.59,aud,Subscription update
ch_0004844,Paid,2024-01-26 09:12:03,196.51,aud,Subscription update
ch_0004845,Paid,2024-01-26 10:24:23,202.88,aud,Subscription update
ch_0004846,Paid,2024-01-26 13:47:55,194.82,aud,Subscription update
ch_0004847,Paid,2024-01-26 17:09:11,204.06,aud,Subscription update
ch_0004848,Paid,2024-01-26 18:35:39,197.53,aud,Subscription update
ch_0004849,Paid,2024-01-27 06:51:44,350.51,aud,Subscription update
ch_0004850,Paid,2024-01-27 09:50:01,208.05,aud,Subscription update
ch_0004851,Paid,2024-01-27 09:55:27,356.62,aud,Subscription creation
ch_0004852,Paid,2024-01-27 14:34:48,346.7,aud,Subscription update
ch_0004853,Paid,2024-01-27 14:36:37,194.66,aud,Subscription update
ch_0004854,Paid,2024-01-27 15:33:28,338.9,aud,Subscription update
ch_0004855,Paid,2024-01-27 17:15:31,192.35,aud,Subscription update
ch_0004856,Paid,2024-01-27 17:58:55,350.07,aud,Subscription update
ch_0004857,Paid,2024-01-27 18:08:26,338.74,aud,Subscription update
ch_0004858,Paid,2024-01-27 18:29:02,348.63,aud,Subscription update
ch_0004859,Paid,2024-01-27 20:52:31,344.23,aud,Subscription update
ch_0004860,Paid,2024-01-28 06:19:18,203.32,aud,Subscription update
ch_0004861,Paid,2024-01-28 06:44:39,196.47,aud,Subscription update
ch_0004862,Paid,2024-01-28 07:19:27,606.87,aud,Subscription update
ch_0004863,Paid,2024-01-28 07:57:58,195.6,aud,Subscription update
ch_0004864,Paid,2024-01-28 09:42:15,207.19,aud,Subscription creation
ch_0004865,Paid,2024-01-28 10:57:36,346.5,aud,Subscription update
ch_0004866,Paid,2024-01-28 15:13:47,350.41,aud,Subscription creation
ch_0004867,Paid,2024-01-28 18:21:30,198.26,aud,Subscription creation
ch_0004868,Paid,2024-01-28 19:15:13,356.63,aud,Subscription update
ch_0004869,Paid,2024-01-28 19:27:41,197.46,aud,Subscription update
ch_0004870,Paid,2024-01-28 20:45:18,349.73,aud,Subscription update
ch_0004871,Paid,2024-01-29 07:36:34,202.6,aud,Subscription update
ch_0004872,Paid,2024-01-29 08:24:37,324.15,aud,Subscription update
ch_0004873,Paid,2024-01-29 08:42:10,358.25,aud,Subscription update
ch_0004874,Paid,2024-01-29 08:48:05,188.67,aud,Subscription update
ch_0004875,Paid,2024-01-29 14:37:30,583.23,aud,Subscription update
ch_0004876,Paid,2024-01-29 18:32:01,349.91,aud,Subscription update
ch_0004877,Paid,2024-01-30 08:36:18,439.8,aud,IV League - Booking
ch_0004878,Paid,2024-01-30 10:13:39,200.59,aud,Subscription update
ch_0004879,Paid,2024-01-30 11:15:16,602.59,aud,Subscription update
ch_0004880,Paid,2024-01-30 14:36:18,207.34,aud,Subscription update
ch_0004881,Paid,2024-01-30 17:07:33,200.0,aud,Subscription update
ch_0004882,Paid,2024-01-30 17:31:54,203.85,aud,Subscription creation
ch_0004883,Paid,2024-01-30 20:35:15,192.57,aud,Subscription update
ch_0004884,Paid,2024-01-31 07:54:14,345.07,aud,Subscription update
ch_0004885,Paid,2024-01-31 08:14:02,351.73,aud,Subscription update
ch_0004886,Paid,2024-01-31 09:35:16,195.85,aud,Subscription creation
ch_0004887,Paid,2024-01-31 11:42:37,195.49,aud,Subscription update
ch_0004888,Paid,2024-01-31 13:37:09,202.94,aud,Subscription update
ch_0004889,Paid,2024-01-31 14:08:27,347.87,aud,Subscription creation
ch_0004890,Paid,2024-01-31 15:28:32,200.32,aud,Subscription update
ch_0004891,Paid,2024-01-31 16:02:26,354.08,aud,Subscription update
ch_0004892,Paid,2024-01-31 16:34:00,198.65,aud,Subscription update
ch_0004893,Paid,2024-01-31 17:33:53,341.25,aud,Subscription update
ch_0004894,Paid,2024-02-01 07:34:31,340.15,aud,Subscription update
ch_0004895,Paid,2024-02-01 10:11:43,593.49,aud,Subscription update
ch_0004896,Paid,2024-02-01 10:38:36,198.9,aud,Subscription update
ch_0004897,Paid,2024-02-01 10:41:10,204.72,aud,Subscription update
ch_0004898,Paid,2024-02-01 12:51:08,186.52,aud,Subscription update
ch_0004899,Paid,2024-02-01 16:01:01,353.71,aud,Subscription update
ch_0004900,Paid,2024-02-01 16:24:10,198.9,aud,Subscription update
ch_0004901,Paid,2024-02-02 10:08:04,194.73,aud,Subscription update
ch_0004902,Paid,2024-02-02 10:09:52,202.41,aud,Subscription update
ch_0004903,Paid,2024-02-02 10:53:59,591.42,aud,Subscription update
ch_0004904,Paid,2024-02-02 11:26:52,203.05,aud,Subscription update
ch_0004905,Paid,2024-02-03 06:53:07,354.45,aud,Subscription creation
ch_0004906,Paid,2024-02-03 08:36:17,196.71,aud,Subscription update
ch_0004907,Paid,2024-02-03 11:00:34,198.46,aud,Subscription update
ch_0004908,Paid,2024-02-03 11:04:49,203.6,aud,Subscription update
ch_0004909,Paid,2024-02-03 14:26:18,203.78,aud,Subscription update
ch_0004910,Paid,2024-02-04 10:15:55,358.41,aud,Subscription update
ch_0004911,Paid,2024-02-04 14:30:17,348.83,aud,Subscription creation
ch_0004912,Paid,2024-02-04 15:36:27,570.55,aud,Longevity panel
ch_0004913,Paid,2024-02-04 15:53:28,582.52,aud,Subscription update
ch_0004914,Paid,2024-02-05 08:39:05,204.87,aud,Subscription update
ch_0004915,Paid,2024-02-05 10:26:46,202.14,aud,Subscription creation
ch_0004916,Paid,2024-02-05 17:40:55,338.49,aud,Subscription update
ch_0004917,Paid,2024-02-05 17:42:58,202.11,aud,Subscription update
ch_0004918,Paid,2024-02-06 09:36:28,198.14,aud,Subscription update
ch_0004919,Paid,2024-02-06 10:20:26,366.13,aud,Subscription update
ch_0004920,Paid,2024-02-06 19:26:00,345.82,aud,Subscription update
ch_0004921,Paid,2024-02-06 20:07:58,353.03,aud,Subscription creation
ch_0004922,Paid,2024-02-07 06:56:19,199.34,aud,Subscription update
ch_0004923,Paid,2024-02-07 07:38:15,356.48,aud,Subscription update
ch_0004924,Paid,2024-02-07 11:15:20,187.6,aud,Subscription update
ch_0004925,Paid,2024-02-07 13:00:45,348.67,aud,Subscription update
ch_0004926,Paid,2024-02-07 17:06:24,603.91,aud,Subscription update
ch_0004927,Paid,2024-02-07 17:39:37,201.34,aud,Subscription update
ch_0004928,Paid,2024-02-08 07:42:25,604.99,aud,Subscription update
ch_0004929,Paid,2024-02-08 10:33:10,208.42,aud,Subscription update
ch_0004930,Paid,2024-02-08 11:56:08,607.24,aud,Subscription update
ch_0004931,Paid,2024-02-08 14:42:29,193.65,aud,Subscription update
ch_0004932,Paid,2024-02-08 17:50:14,338.37,aud,Initial consultation
ch_0004933,Paid,2024-02-09 07:06:55,353.17,aud,Subscription update
ch_0004934,Paid,2024-02-09 09:46:07,199.95,aud,Subscription update
ch_0004935,Paid,2024-02-09 11:35:55,247.53,aud,Initial consultation
ch_0004936,Paid,2024-02-09 11:36:46,192.58,aud,Subscription update
ch_0004937,Paid,2024-02-09 14:39:21,355.93,aud,Subscription update
ch_0004938,Paid,2024-02-09 16:34:07,355.14,aud,Subscription update
ch_0004939,Paid,2024-02-09 17:02:10,198.21,aud,Subscription update
ch_0004940,Paid,2024-02-09 17:44:11,351.27,aud,Subscription update
ch_0004941,Paid,2024-02-10 07:12:23,357.66,aud,Subscription update
ch_0004942,Paid,2024-02-10 07:34:08,348.04,aud,Subscription update
ch_0004943,Paid,2024-02-10 09:53:25,588.78,aud,Subscription update
ch_0004944,Paid,2024-02-10 10:36:49,196.87,aud,Subscription creation
ch_0004945,Paid,2024-02-10 11:06:00,589.92,aud,Subscription creation
ch_0004946,Paid,2024-02-10 11:15:30,199.91,aud,Subscription update
ch_0004947,Paid,2024-02-10 11:44:43,200.89,aud,Subscription update
ch_0004948,Paid,2024-02-10 12:16:58,199.09,aud,Subscription update
ch_0004949,Paid,2024-02-10 12:52:30,344.46,aud,Subscription creation
ch_0004950,Paid,2024-02-10 20:37:30,200.81,aud,Subscription update
ch_0004951,Paid,2024-02-10 20:47:05,200.1,aud,Subscription update
ch_0004952,Paid,2024-02-11 07:25:52,353.93,aud,Subscription update
ch_0004953,Paid,2024-02-11 08:45:18,604.07,aud,Subscription update
ch_0004954,Paid,2024-02-11 09:06:04,201.88,aud,Subscription update
ch_0004955,Paid,2024-02-11 11:16:22,202.02,aud,Subscription creation
ch_0004956,Paid,2024-02-11 13:29:33,198.02,aud,Subscription update
ch_0004957,Refunded,2024-02-11 14:55:27,349.0,aud,Subscription update
ch_0004958,Paid,2024-02-11 16:54:50,196.37,aud,Subscription update
ch_0004959,Paid,2024-02-12 07:22:34,575.24,aud,Subscription update
ch_0004960,Paid,2024-02-12 07:27:22,347.81,aud,Subscription update
ch_0004961,Paid,2024-02-12 09:35:55,197.36,aud,Subscription update
ch_0004962,Paid,2024-02-12 14:17:00,198.88,aud,Subscription update
ch_0004963,Paid,2024-02-12 16:26:38,199.3,aud,Subscription update
ch_0004964,Paid,2024-02-12 18:09:30,198.21,aud,Subscription creation
ch_0004965,Paid,2024-02-13 06:04:25,350.59,aud,Subscription update
ch_0004966,Paid,2024-02-13 06:07:59,366.29,aud,Subscription update
ch_0004967,Paid,2024-02-13 07:37:02,200.41,aud,Subscription update
ch_0004968,Paid,2024-02-13 10:57:02,196.61,aud,Subscription creation
ch_0004969,Paid,2024-02-13 12:54:28,595.27,aud,Subscription update
ch_0004970,Paid,2024-02-13 12:57:11,353.35,aud,Subscription update
ch_0004971,Paid,2024-02-13 15:38:02,195.97,aud,Subscription update
ch_0004972,Paid,2024-02-13 15:45:28,591.06,aud,Subscription update
ch_0004973,Paid,2024-02-13 18:58:52,357.74,aud,Subscription update
ch_0004974,Paid,2024-02-13 20:19:34,199.72,aud,Subscription update
ch_0004975,Paid,2024-02-14 06:25:39,194.22,aud,Subscription update
ch_0004976,Paid,2024-02-14 12:58:23,352.0,aud,Subscription update
ch_0004977,Paid,2024-02-14 13:33:03,339.56,aud,Subscription update
ch_0004978,Paid,2024-02-14 13:47:17,351.25,aud,Subscription creation
ch_0004979,Paid,2024-02-14 17:53:37,590.98,aud,Subscription update
ch_0004980,Paid,2024-02-15 06:18:56,206.89,aud,Subscription update
ch_0004981,Paid,2024-02-15 08:01:01,198.5,aud,Subscription creation
ch_0004982,Paid,2024-02-15 11:12:30,200.41,aud,Subscription update
ch_0004983,Paid,2024-02-15 12:53:20,203.04,aud,Subscription update
ch_0004984,Paid,2024-02-15 14:44:52,203.54,aud,Subscription update
ch_0004985,Paid,2024-02-16 13:07:16,355.63,aud,Subscription update
ch_0004986,Paid,2024-02-17 10:08:06,344.51,aud,Subscription update
ch_0004987,Paid,2024-02-17 11:59:10,597.26,aud,Subscription update
ch_0004988,Paid,2024-02-17 12:07:06,598.23,aud,Subscription update
ch_0004989,Paid,2024-02-17 12:58:41,207.37,aud,Subscription update
ch_0004990,Paid,2024-02-17 12:59:24,201.52,aud,Subscription update
ch_0004991,Paid,2024-02-17 13:14:17,584.23,aud,Subscription update
ch_0004992,Paid,2024-02-17 15:43:55,197.44,aud,Subscription update
ch_0004993,Paid,2024-02-17 19:54:44,202.1,aud,Subscription update
ch_0004994,Paid,2024-02-18 07:25:09,595.3,aud,Subscription creation
ch_0004995,Paid,2024-02-18 07:29:43,202.85,aud,Subscription update
ch_0004996,Paid,2024-02-18 08:05:49,199.64,aud,Subscription update
ch_0004997,Paid,2024-02-18 08:10:13,207.95,aud,Subscription update
ch_0004998,Paid,2024-02-18 09:17:40,195.15,aud,Subscription update
ch_0004999,Paid,2024-02-18 10:51:33,291.1,aud,Initial consultation
ch_0005000,Paid,2024-02-18 12:24:59,197.62,aud,Subscription update
ch_0005001,Paid,2024-02-18 17:11:42,175.69,aud,IV League - Booking
ch_0005002,Paid,2024-02-18 18:18:04,195.19,aud,Subscription update
ch_0005003,Paid,2024-02-18 18:58:36,351.89,aud,Subscription update
ch_0005004,Paid,2024-02-19 06:08:50,200.66,aud,Subscription update
ch_0005005,Paid,2024-02-19 07:24:31,196.62,aud,Subscription update
ch_0005006,Paid,2024-02-19 09:18:54,199.94,aud,Subscription update
ch_0005007,Paid,2024-02-19 10:10:46,356.21,aud,Subscription update
ch_0005008,Paid,2024-02-19 10:56:14,201.4,aud,Subscription update
ch_0005009,Paid,2024-02-19 11:39:40,198.15,aud,Subscription update
ch_0005010,Paid,2024-02-19 13:38:04,194.33,aud,Subscription update
ch_0005011,Paid,2024-02-19 18:22:05,198.5,aud,Subscription creation
ch_0005012,Paid,2024-02-19 20:34:22,197.9,aud,Subscription update
ch_0005013,Paid,2024-02-19 20:40:12,342.12,aud,Subscription update
ch_0005014,Paid,2024-02-20 07:13:17,199.52,aud,Subscription update
ch_0005015,Paid,2024-02-20 08:10:28,205.66,aud,Subscription update
ch_0005016,Paid,2024-02-20 10:58:11,200.02,aud,Subscription update
ch_0005017,Paid,2024-02-20 12:16:15,197.43,aud,Subscription update
ch_0005018,Paid,2024-02-20 20:27:46,200.69,aud,Subscription creation
ch_0005019,Paid,2024-02-20 20:38:13,341.52,aud,Subscription update
ch_0005020,Paid,2024-02-21 07:24:45,353.42,aud,Subscription update
ch_0005021,Paid,2024-02-21 10:20:51,205.11,aud,Subscription update
ch_0005022,Paid,2024-02-21 10:49:54,203.22,aud,Subscription update
ch_0005023,Paid,2024-02-21 14:19:27,198.32,aud,Subscription update
ch_0005024,Paid,2024-02-21 16:15:09,197.05,aud,Subscription update
ch_0005025,Paid,2024-02-21 16:17:52,346.95,aud,Subscription update
ch_0005026,Paid,2024-02-22 06:24:11,612.47,aud,Subscription creation
ch_0005027,Paid,2024-02-22 11:24:20,200.03,aud,Subscription update
ch_0005028,Paid,2024-02-22 13:39:30,592.31,aud,Subscription creation
ch_0005029,Paid,2024-02-22 15:13:50,197.04,aud,Subscription update
ch_0005030,Paid,2024-02-22 15:17:06,197.01,aud,Subscription creation
ch_0005031,Paid,2024-02-22 17:06:21,346.39,aud,Subscription update
ch_0005032,Paid,2024-02-22 18:32:22,198.48,aud,Subscription update
ch_0005033,Paid,2024-02-23 06:06:44,200.67,aud,Subscription update
ch_0005034,Paid,2024-02-23 06:34:32,193.87,aud,Subscription update
ch_0005035,Paid,2024-02-23 07:23:08,612.73,aud,Subscription creation
ch_0005036,Paid,2024-02-23 08:31:31,193.29,aud,Subscription update
ch_0005037,Paid,2024-02-23 10:18:17,350.81,aud,Subscription update
ch_0005038,Paid,2024-02-23 11:48:23,584.38,aud,Subscription update
ch_0005039,Paid,2024-02-23 12:14:39,200.81,aud,Subscription update
ch_0005040,Paid,2024-02-23 13:05:22,602.0,aud,Subscription update
ch_0005041,Paid,2024-02-23 13:12:00,196.73,aud,Subscription update
ch_0005042,Paid,2024-02-23 13:30:21,197.02,aud,Subscription update
ch_0005043,Paid,2024-02-23 15:32:21,344.36,aud,Subscription update
ch_0005044,Paid,2024-02-23 15:39:10,337.2,aud,Subscription update
ch_0005045,Paid,2024-02-23 18:04:25,2180.59,aud,Package initiation
ch_0005046,Paid,2024-02-24 06:01:06,344.32,aud,Subscription update
ch_0005047,Paid,2024-02-24 06:51:53,198.25,aud,Subscription update
ch_0005048,Paid,2024-02-24 13:59:23,195.11,aud,Subscription creation
ch_0005049,Paid,2024-02-24 15:16:16,354.9,aud,Subscription update
ch_0005050,Paid,2024-02-24 20:30:13,199.93,aud,Subscription update
ch_0005051,Paid,2024-02-24 20:46:50,344.17,aud,Subscription update
ch_0005052,Paid,2024-02-25 07:58:20,348.77,aud,Subscription update
ch_0005053,Paid,2024-02-25 14:22:25,205.47,aud,Subscription creation
ch_0005054,Paid,2024-02-25 15:12:22,197.44,aud,Subscription creation
ch_0005055,Paid,2024-02-25 15:31:37,195.97,aud,Subscription update
ch_0005056,Paid,2024-02-25 15:54:43,198.25,aud,Subscription update
ch_0005057,Paid,2024-02-25 16:25:47,191.3,aud,Subscription update
ch_0005058,Paid,2024-02-25 19:49:11,198.74,aud,Subscription creation
ch_0005059,Paid,2024-02-25 20:09:11,198.46,aud,Subscription update
ch_0005060,Paid,2024-02-25 20:17:35,196.41,aud,Subscription update
ch_0005061,Paid,2024-02-26 07:59:30,360.18,aud,Subscription update
ch_0005062,Paid,2024-02-26 10:56:43,198.34,aud,Subscription creation
ch_0005063,Paid,2024-02-26 12:12:06,204.25,aud,Subscription update
ch_0005064,Paid,2024-02-26 13:18:41,351.55,aud,Subscription update
ch_0005065,Paid,2024-02-26 13:32:51,619.27,aud,Subscription update
ch_0005066,Paid,2024-02-26 15:25:17,192.98,aud,Subscription update
ch_0005067,Paid,2024-02-26 19:43:17,204.49,aud,Subscription update
ch_0005068,Paid,2024-02-27 07:07:09,199.69,aud,Subscription update
ch_0005069,Paid,2024-02-27 07:29:48,193.02,aud,Subscription update
ch_0005070,Paid,2024-02-27 08:31:05,207.39,aud,Subscription update
ch_0005071,Paid,2024-02-27 08:44:00,197.61,aud,Subscription update
ch_0005072,Paid,2024-02-27 10:10:42,193.99,aud,Subscription update
ch_0005073,Paid,2024-02-27 11:03:48,200.9,aud,Subscription update
ch_0005074,Paid,2024-02-27 11:42:57,198.22,aud,Subscription update
ch_0005075,Paid,2024-02-27 15:35:38,200.44,aud,Subscription creation
ch_0005076,Paid,2024-02-27 15:51:16,203.99,aud,Subscription update
ch_0005077,Paid,2024-02-27 19:19:50,195.24,aud,Subscription update
ch_0005078,Paid,2024-02-27 19:24:31,196.94,aud,Subscription update
ch_0005079,Paid,2024-02-27 19:54:46,200.28,aud,Subscription update
ch_0005080,Paid,2024-02-27 20:20:49,204.55,aud,Subscription creation
ch_0005081,Paid,2024-02-28 07:12:02,197.78,aud,Subscription update
ch_0005082,Paid,2024-02-28 07:36:27,345.27,aud,Subscription update
ch_0005083,Paid,2024-02-28 08:54:03,198.73,aud,Subscription update
ch_0005084,Paid,2024-02-28 09:58:30,194.35,aud,Subscription update
ch_0005085,Paid,2024-02-28 10:33:20,606.21,aud,Subscription update
ch_0005086,Paid,2024-02-28 10:36:33,200.46,aud,IV League - Booking
ch_0005087,Paid,2024-02-28 18:34:13,207.94,aud,Subscription update
ch_0005088,Paid,2024-02-28 20:55:41,611.51,aud,Subscription update
ch_0005089,Paid,2024-02-29 06:38:26,199.27,aud,Subscription update
ch_0005090,Paid,2024-02-29 08:35:51,202.22,aud,Subscription update
ch_0005091,Paid,2024-02-29 09:47:08,190.54,aud,Subscription update
ch_0005092,Paid,2024-02-29 10:39:35,343.72,aud,Subscription creation
ch_0005093,Paid,2024-02-29 12:39:15,196.7,aud,Subscription update
ch_0005094,Paid,2024-02-29 15:31:23,601.25,aud,Subscription update
ch_0005095,Paid,2024-02-29 15:49:56,343.82,aud,Subscription update
ch_0005096,Paid,2024-02-29 16:32:23,193.45,aud,Subscription update
ch_0005097,Paid,2024-02-29 17:05:50,346.53,aud,Subscription update
ch_0005098,Paid,2024-03-01 07:26:00,343.5,aud,Subscription update
ch_0005099,Paid,2024-03-01 07:47:28,194.63,aud,Subscription update
ch_0005100,Paid,2024-03-01 08:13:28,606.24,aud,Subscription update
ch_0005101,Paid,2024-03-01 10:06:42,890.35,aud,Longevity panel
ch_0005102,Paid,2024-03-01 10:49:26,610.13,aud,Subscription creation
ch_0005103,Paid,2024-03-01 12:38:59,205.24,aud,Subscription update
ch_0005104,Paid,2024-03-01 15:20:06,582.24,aud,Subscription update
ch_0005105,Paid,2024-03-01 18:13:52,351.56,aud,Subscription creation
ch_0005106,Paid,2024-03-01 18:42:45,198.36,aud,Subscription update
ch_0005107,Paid,2024-03-02 12:28:00,1225.87,aud,Invoice payment
ch_0005108,Paid,2024-03-02 13:41:05,198.25,aud,Subscription update
ch_0005109,Paid,2024-03-02 15:34:51,194.93,aud,Subscription update
ch_0005110,Paid,2024-03-02 18:02:57,201.37,aud,Subscription update
ch_0005111,Paid,2024-03-02 18:32:45,199.0,aud,Subscription update
ch_0005112,Paid,2024-03-02 18:54:11,209.52,aud,Subscription update
ch_0005113,Paid,2024-03-03 08:40:52,202.08,aud,Subscription update
ch_0005114,Paid,2024-03-03 09:19:16,620.04,aud,Subscription update
ch_0005115,Paid,2024-03-03 12:45:48,205.0,aud,Subscription update
ch_0005116,Paid,2024-03-03 12:56:27,347.85,aud,Subscription creation
ch_0005117,Paid,2024-03-03 14:07:33,590.1,aud,Subscription update
ch_0005118,Paid,2024-03-03 16:46:42,353.17,aud,Subscription update
ch_0005119,Paid,2024-03-03 20:57:19,206.98,aud,Subscription update
ch_0005120,Paid,2024-03-04 06:45:07,347.42,aud,Subscription creation
ch_0005121,Paid,2024-03-04 07:46:08,198.21,aud,Subscription update
ch_0005122,Paid,2024-03-04 09:14:30,195.9,aud,Subscription update
ch_0005123,Paid,2024-03-04 14:15:19,346.02,aud,Subscription update
ch_0005124,Paid,2024-03-04 18:29:41,347.6,aud,Subscription update
ch_0005125,Paid,2024-03-05 09:24:06,194.99,aud,Subscription update
ch_0005126,Paid,2024-03-05 09:38:03,201.0,aud,Subscription update
ch_0005127,Paid,2024-03-05 12:42:57,204.16,aud,Subscription update
ch_0005128,Paid,2024-03-05 16:25:17,199.05,aud,Subscription update
ch_0005129,Paid,2024-03-05 18:45:03,203.31,aud,Subscription update
ch_0005130,Paid,2024-03-06 08:58:38,347.35,aud,Subscription update
ch_0005131,Paid,2024-03-06 09:59:59,352.68,aud,Subscription update
ch_0005132,Paid,2024-03-06 10:12:03,201.16,aud,Subscription update
ch_0005133,Paid,2024-03-06 11:16:45,193.49,aud,Subscription update
ch_0005134,Paid,2024-03-06 14:14:23,210.21,aud,Subscription update
ch_0005135,Paid,2024-03-06 14:33:42,345.4,aud,Subscription update
ch_0005136,Paid,2024-03-06 16:35:04,352.52,aud,Subscription update
ch_0005137,Paid,2024-03-06 17:43:25,204.7,aud,Subscription update
ch_0005138,Paid,2024-03-06 20:46:20,345.4,aud,Subscription update
ch_0005139,Paid,2024-03-06 20:47:54,197.1,aud,Subscription update
ch_0005140,Paid,2024-03-07 06:16:34,200.44,aud,Subscription creation
ch_0005141,Paid,2024-03-07 07:42:28,355.52,aud,Subscription update
ch_0005142,Paid,2024-03-07 12:15:23,199.55,aud,Subscription update
ch_0005143,Paid,2024-03-07 18:23:50,196.24,aud,Subscription update
ch_0005144,Paid,2024-03-07 19:36:08,190.97,aud,Subscription update
ch_0005145,Paid,2024-03-08 10:25:40,605.42,aud,Subscription update
ch_0005146,Paid,2024-03-08 11:42:58,196.76,aud,Subscription update
ch_0005147,Paid,2024-03-09 08:42:37,343.22,aud,Subscription update
ch_0005148,Paid,2024-03-09 09:29:13,195.65,aud,Subscription update
ch_0005149,Paid,2024-03-09 11:56:19,586.55,aud,Subscription update
ch_0005150,Paid,2024-03-09 12:07:58,352.11,aud,Subscription update
ch_0005151,Paid,2024-03-09 14:13:14,620.17,aud,Subscription update
ch_0005152,Paid,2024-03-09 16:25:22,351.29,aud,Subscription creation
ch_0005153,Paid,2024-03-09 17:58:55,196.21,aud,Subscription update
ch_0005154,Paid,2024-03-09 18:00:15,349.04,aud,Subscription update
ch_0005155,Paid,2024-03-09 19:07:53,345.88,aud,Subscription update
ch_0005156,Paid,2024-03-09 19:28:16,198.43,aud,Subscription update
ch_0005157,Paid,2024-03-09 20:10:10,608.4,aud,Subscription update
ch_0005158,Paid,2024-03-10 06:06:33,599.89,aud,Subscription creation
ch_0005159,Paid,2024-03-10 07:10:54,452.42,aud,IV League - Booking
ch_0005160,Paid,2024-03-10 09:30:49,193.79,aud,Subscription update
ch_0005161,Paid,2024-03-10 09:36:12,358.41,aud,Subscription creation
ch_0005162,Paid,2024-03-10 11:06:45,610.54,aud,Subscription update
ch_0005163,Paid,2024-03-10 11:42:50,353.08,aud,Subscription update
ch_0005164,Paid,2024-03-10 13:59:38,201.85,aud,Subscription update
ch_0005165,Paid,2024-03-10 14:08:34,363.77,aud,Subscription update
ch_0005166,Paid,2024-03-10 15:48:02,350.4,aud,Subscription update
ch_0005167,Paid,2024-03-10 16:16:07,330.82,aud,Subscription update
ch_0005168,Paid,2024-03-10 19:40:13,192.11,aud,Subscription update
ch_0005169,Paid,2024-03-11 08:41:28,194.35,aud,Subscription update
ch_0005170,Paid,2024-03-11 10:13:21,198.57,aud,Subscription update
ch_0005171,Paid,2024-03-11 12:00:19,345.63,aud,Subscription creation
ch_0005172,Paid,2024-03-11 14:34:12,616.48,aud,Subscription update
ch_0005173,Paid,2024-03-11 15:07:20,196.12,aud,Subscription update
ch_0005174,Paid,2024-03-11 19:16:05,340.8,aud,Subscription update
ch_0005175,Paid,2024-03-12 10:34:12,204.53,aud,Subscription creation
ch_0005176,Paid,2024-03-12 12:35:27,594.56,aud,Subscription update
ch_0005177,Paid,2024-03-12 15:29:25,348.75,aud,Subscription update
ch_0005178,Paid,2024-03-13 08:17:06,199.18,aud,Subscription creation
ch_0005179,Paid,2024-03-13 08:41:10,616.1,aud,Subscription update
ch_0005180,Paid,2024-03-13 15:17:56,606.15,aud,Subscription update
ch_0005181,Paid,2024-03-13 16:06:53,202.35,aud,Subscription update
ch_0005182,Paid,2024-03-13 19:23:07,192.98,aud,Subscription update
ch_0005183,Paid,2024-03-14 10:22:10,362.99,aud,Subscription update
ch_0005184,Paid,2024-03-14 10:48:26,346.25,aud,Subscription update
ch_0005185,Paid,2024-03-14 13:31:27,346.54,aud,Subscription update
ch_0005186,Paid,2024-03-14 13:53:51,188.31,aud,Subscription update
ch_0005187,Paid,2024-03-14 14:16:53,198.05,aud,Subscription update
ch_0005188,Paid,2024-03-14 14:54:57,194.58,aud,Subscription update
ch_0005189,Paid,2024-03-14 15:23:50,602.3,aud,Subscription update
ch_0005190,Paid,2024-03-14 17:28:21,196.73,aud,Subscription update
ch_0005191,Paid,2024-03-14 19:50:07,589.45,aud,Subscription creation
ch_0005192,Paid,2024-03-15 06:56:26,193.29,aud,Subscription update
ch_0005193,Paid,2024-03-15 08:21:14,346.47,aud,Subscription update
ch_0005194,Paid,2024-03-15 10:28:09,2074.39,aud,Invoice payment
ch_0005195,Paid,2024-03-15 19:35:08,590.69,aud,Subscription creation
ch_0005196,Paid,2024-03-16 08:22:49,346.95,aud,Subscription update
ch_0005197,Paid,2024-03-16 12:12:51,356.96,aud,Subscription update
ch_0005198,Paid,2024-03-16 15:24:08,344.93,aud,Subscription update
ch_0005199,Paid,2024-03-16 16:56:24,342.8,aud,Subscription update
ch_0005200,Paid,2024-03-16 18:01:54,361.14,aud,Subscription update
ch_0005201,Paid,2024-03-16 19:20:41,208.15,aud,Subscription creation
ch_0005202,Paid,2024-03-16 19:59:06,593.57,aud,Subscription update
ch_0005203,Paid,2024-03-17 06:44:29,582.08,aud,Subscription update
ch_0005204,Paid,2024-03-17 09:45:51,197.5,aud,Subscription update
ch_0005205,Paid,2024-03-17 09:47:56,197.98,aud,Subscription update
ch_0005206,Paid,2024-03-17 09:48:12,199.53,aud,Subscription update
ch_0005207,Paid,2024-03-17 11:08:20,595.98,aud,Subscription update
ch_0005208,Paid,2024-03-17 11:40:29,198.43,aud,Subscription update
ch_0005209,Paid,2024-03-17 11:46:54,290.47,aud,IV League - Booking
ch_0005210,Paid,2024-03-17 13:13:35,196.93,aud,Subscription update
ch_0005211,Paid,2024-03-17 19:25:08,345.59,aud,Subscription update
ch_0005212,Paid,2024-03-18 07:37:06,197.53,aud,Subscription update
ch_0005213,Paid,2024-03-18 08:08:23,201.36,aud,Subscription update
ch_0005214,Paid,2024-03-18 11:22:52,199.04,aud,Subscription update
ch_0005215,Paid,2024-03-18 12:33:17,593.59,aud,Subscription update
ch_0005216,Paid,2024-03-18 13:03:17,357.86,aud,Subscription update
ch_0005217,Paid,2024-03-18 14:18:00,343.29,aud,Subscription update
ch_0005218,Paid,2024-03-18 16:23:50,196.18,aud,Subscription update
ch_0005219,Paid,2024-03-18 19:39:09,339.9,aud,Subscription update
ch_0005220,Paid,2024-03-19 06:23:48,194.19,aud,Subscription update
ch_0005221,Paid,2024-03-19 06:24:33,202.55,aud,Subscription update
ch_0005222,Paid,2024-03-19 07:29:01,201.92,aud,Subscription update
ch_0005223,Paid,2024-03-19 07:35:35,347.33,aud,Subscription update
ch_0005224,Paid,2024-03-19 12:10:50,360.22,aud,Subscription update
ch_0005225,Paid,2024-03-19 12:19:58,200.13,aud,Subscription update
ch_0005226,Paid,2024-03-19 12:44:26,355.51,aud,Subscription update
ch_0005227,Paid,2024-03-19 13:45:05,195.14,aud,Subscription update
ch_0005228,Paid,2024-03-19 15:00:58,615.62,aud,Subscription update
ch_0005229,Paid,2024-03-19 16:43:50,352.67,aud,Subscription update
ch_0005230,Paid,2024-03-19 16:54:44,198.28,aud,Subscription update
ch_0005231,Paid,2024-03-19 20:11:36,202.18,aud,Subscription update
ch_0005232,Paid,2024-03-20 06:53:37,348.04,aud,Subscription creation
ch_0005233,Paid,2024-03-20 08:25:38,2656.81,aud,Package initiation
ch_0005234,Paid,2024-03-20 11:06:05,191.89,aud,Subscription update
ch_0005235,Paid,2024-03-20 12:40:53,196.79,aud,Subscription update
ch_0005236,Paid,2024-03-20 13:42:03,352.17,aud,Subscription update
ch_0005237,Paid,2024-03-20 14:07:01,615.72,aud,Subscription update
ch_0005238,Paid,2024-03-20 14:49:10,200.8,aud,Subscription update
ch_0005239,Paid,2024-03-20 18:04:38,207.12,aud,Subscription update
ch_0005240,Paid,2024-03-21 07:06:46,204.29,aud,Subscription update
ch_0005241,Paid,2024-03-21 11:19:33,202.23,aud,Subscription update
ch_0005242,Paid,2024-03-21 19:30:29,348.42,aud,Subscription update
ch_0005243,Paid,2024-03-22 08:11:37,583.72,aud,Subscription update
ch_0005244,Paid,2024-03-22 09:02:56,199.21,aud,Subscription update
ch_0005245,Paid,2024-03-22 09:36:42,201.76,aud,Subscription update
ch_0005246,Paid,2024-03-22 10:48:04,1397.12,aud,Invoice payment
ch_0005247,Paid,2024-03-22 11:15:05,345.88,aud,Subscription update
ch_0005248,Paid,2024-03-22 17:04:22,201.88,aud,Subscription creation
ch_0005249,Paid,2024-03-23 08:21:49,204.25,aud,Subscription update
ch_0005250,Paid,2024-03-23 08:57:26,602.43,aud,Subscription update
ch_0005251,Paid,2024-03-23 09:53:00,194.01,aud,Subscription update
ch_0005252,Paid,2024-03-23 11:12:19,196.89,aud,Subscription update
ch_0005253,Paid,2024-03-23 13:57:43,198.86,aud,Subscription update
ch_0005254,Paid,2024-03-23 15:26:43,203.8,aud,Subscription update
ch_0005255,Paid,2024-03-23 18:44:59,194.43,aud,Subscription update
ch_0005256,Paid,2024-03-24 06:01:00,204.58,aud,Subscription creation
ch_0005257,Paid,2024-03-24 07:35:22,349.36,aud,Subscription update
ch_0005258,Paid,2024-03-24 07:42:02,347.15,aud,Subscription update
ch_0005259,Paid,2024-03-24 12:14:29,620.68,aud,Subscription update
ch_0005260,Paid,2024-03-24 15:26:01,202.77,aud,Subscription update
ch_0005261,Paid,2024-03-24 15:57:40,202.94,aud,Subscription update
ch_0005262,Paid,2024-03-24 19:02:13,340.73,aud,Subscription update
ch_0005263,Paid,2024-03-24 20:24:00,203.65,aud,Subscription update
ch_0005264,Paid,2024-03-25 17:35:13,344.21,aud,Subscription update
ch_0005265,Paid,2024-03-25 17:40:49,357.24,aud,Subscription update
ch_0005266,Paid,2024-03-25 20:21:00,351.32,aud,Subscription update
ch_0005267,Paid,2024-03-26 07:33:09,600.28,aud,Subscription update
ch_0005268,Paid,2024-03-26 07:53:43,200.59,aud,Subscription update
ch_0005269,Paid,2024-03-26 09:23:53,354.11,aud,Subscription creation
ch_0005270,Paid,2024-03-26 10:01:04,339.66,aud,Subscription update
ch_0005271,Paid,2024-03-26 11:18:25,202.81,aud,Subscription update
ch_0005272,Paid,2024-03-26 16:03:43,198.03,aud,Subscription update
ch_0005273,Paid,2024-03-26 16:08:25,346.66,aud,Subscription update
ch_0005274,Paid,2024-03-26 18:11:52,247.77,aud,IV League - Booking
ch_0005275,Paid,2024-03-26 18:46:10,603.33,aud,Subscription update
ch_0005276,Paid,2024-03-27 07:05:25,193.72,aud,Subscription update
ch_0005277,Paid,2024-03-27 13:13:19,196.73,aud,Subscription update
ch_0005278,Paid,2024-03-28 06:45:38,196.18,aud,Subscription update
ch_0005279,Paid,2024-03-28 09:57:52,333.5,aud,Subscription update
ch_0005280,Paid,2024-03-28 13:38:17,195.17,aud,Subscription update
ch_0005281,Paid,2024-03-28 16:28:17,194.21,aud,Subscription update
ch_0005282,Paid,2024-03-29 11:17:36,195.83,aud,Subscription update
ch_0005283,Paid,2024-03-29 11:36:17,359.09,aud,Subscription update
ch_0005284,Paid,2024-03-29 12:37:24,195.52,aud,Subscription update
ch_0005285,Paid,2024-03-29 12:48:27,199.44,aud,Subscription update
ch_0005286,Paid,2024-03-29 18:10:10,594.46,aud,Subscription update
ch_0005287,Paid,2024-03-30 11:37:23,583.02,aud,Subscription update
ch_0005288,Paid,2024-03-30 12:40:53,199.0,aud,Subscription update
ch_0005289,Paid,2024-03-31 07:00:17,331.42,aud,Subscription update
ch_0005290,Paid,2024-03-31 08:24:41,201.76,aud,Subscription update
ch_0005291,Paid,2024-03-31 08:55:50,188.21,aud,Subscription creation
ch_0005292,Paid,2024-03-31 14:01:06,341.9,aud,Subscription update
ch_0005293,Paid,2024-03-31 15:47:12,359.9,aud,Subscription creation
ch_0005294,Paid,2024-03-31 17:14:20,206.17,aud,Subscription update
ch_0005295,Paid,2024-03-31 18:50:35,198.56,aud,Subscription update
ch_0005296,Paid,2024-03-31 20:22:51,349.05,aud,Subscription update
ch_0005297,Paid,2024-04-01 11:29:13,197.17,aud,Subscription update
ch_0005298,Paid,2024-04-01 12:34:22,603.86,aud,Subscription update
ch_0005299,Paid,2024-04-01 17:48:15,207.72,aud,Subscription creation
ch_0005300,Paid,2024-04-01 20:18:16,352.35,aud,Subscription update
ch_0005301,Paid,2024-04-02 07:18:37,200.74,aud,Subscription update
ch_0005302,Paid,2024-04-02 12:44:31,201.81,aud,Subscription creation
ch_0005303,Paid,2024-04-02 12:52:57,446.81,aud,IV League - Booking
ch_0005304,Paid,2024-04-02 18:45:23,195.24,aud,Subscription update
ch_0005305,Paid,2024-04-02 19:40:01,587.71,aud,Subscription update
ch_0005306,Paid,2024-04-03 06:17:32,348.33,aud,Subscription update
ch_0005307,Paid,2024-04-03 08:23:43,590.16,aud,Subscription creation
ch_0005308,Paid,2024-04-03 08:32:02,196.01,aud,Subscription update
ch_0005309,Paid,2024-04-03 09:18:01,203.0,aud,Subscription update
ch_0005310,Paid,2024-04-03 12:30:59,195.17,aud,Subscription update
ch_0005311,Paid,2024-04-03 13:49:59,196.64,aud,Subscription creation
ch_0005312,Paid,2024-04-03 14:48:03,346.49,aud,Subscription update
ch_0005313,Paid,2024-04-03 16:11:36,344.41,aud,Subscription update
ch_0005314,Paid,2024-04-03 18:28:34,207.4,aud,Subscription update
ch_0005315,Paid,2024-04-03 18:40:10,208.91,aud,Subscription update
ch_0005316,Paid,2024-04-03 19:58:54,589.21,aud,Subscription update
ch_0005317,Paid,2024-04-03 20:10:17,201.8,aud,Subscription update
ch_0005318,Paid,2024-04-04 06:34:14,352.89,aud,Subscription update
ch_0005319,Paid,2024-04-04 08:36:15,359.68,aud,Subscription update
ch_0005320,Paid,2024-04-04 11:02:09,350.93,aud,Subscription update
ch_0005321,Paid,2024-04-04 18:28:01,200.98,aud,Subscription update
ch_0005322,Paid,2024-04-05 07:59:35,202.46,aud,Subscription update
ch_0005323,Paid,2024-04-05 09:53:38,197.62,aud,Subscription update
ch_0005324,Paid,2024-04-05 10:13:16,261.93,aud,IV League - Booking
ch_0005325,Paid,2024-04-05 10:37:55,195.85,aud,Subscription update
ch_0005326,Paid,2024-04-05 15:07:12,198.16,aud,Subscription update
ch_0005327,Paid,2024-04-05 16:07:40,199.46,aud,Subscription update
ch_0005328,Paid,2024-04-05 19:43:33,347.4,aud,Subscription update
ch_0005329,Paid,2024-04-05 20:27:46,6986.73,aud,Corporate wellness - Keyman
ch_0005330,Paid,2024-04-05 20:37:40,201.1,aud,Subscription creation
ch_0005331,Paid,2024-04-06 06:58:59,344.99,aud,Subscription creation
ch_0005332,Paid,2024-04-06 10:52:52,202.96,aud,Subscription update
ch_0005333,Paid,2024-04-06 11:04:03,330.02,aud,IV League - Booking
ch_0005334,Paid,2024-04-06 11:42:40,347.97,aud,Subscription update
ch_0005335,Paid,2024-04-06 19:22:34,206.25,aud,Subscription update
ch_0005336,Paid,2024-04-06 19:23:49,192.23,aud,Subscription update
ch_0005337,Paid,2024-04-07 08:27:39,196.58,aud,Subscription update
ch_0005338,Paid,2024-04-07 15:41:50,610.6,aud,Subscription update
ch_0005339,Paid,2024-04-07 16:01:19,197.14,aud,Subscription update
ch_0005340,Paid,2024-04-07 18:15:34,358.81,aud,Subscription update
ch_0005341,Paid,2024-04-07 19:28:57,363.58,aud,Subscription update
ch_0005342,Paid,2024-04-07 19:46:03,334.6,aud,Subscription update
ch_0005343,Paid,2024-04-07 19:51:31,349.51,aud,Subscription update
ch_0005344,Paid,2024-04-08 06:29:02,191.22,aud,Subscription creation
ch_0005345,Paid,2024-04-08 07:08:52,196.83,aud,Subscription creation
ch_0005346,Paid,2024-04-08 08:50:30,198.26,aud,Subscription update
ch_0005347,Paid,2024-04-08 08:53:05,197.08,aud,Subscription update
ch_0005348,Paid,2024-04-08 08:58:02,191.58,aud,Subscription update
ch_0005349,Paid,2024-04-08 09:02:22,195.52,aud,Subscription update
ch_0005350,Paid,2024-04-08 10:18:23,350.19,aud,Subscription creation
ch_0005351,Paid,2024-04-08 14:56:21,200.93,aud,Subscription update
ch_0005352,Paid,2024-04-08 15:59:53,588.93,aud,Subscription creation
ch_0005353,Paid,2024-04-08 17:54:19,346.87,aud,Subscription update
ch_0005354,Paid,2024-04-09 06:56:30,339.61,aud,Subscription update
ch_0005355,Paid,2024-04-09 14:18:19,195.62,aud,Subscription update
ch_0005356,Paid,2024-04-09 15:05:21,354.26,aud,Subscription creation
ch_0005357,Paid,2024-04-09 16:07:17,606.1,aud,Subscription creation
ch_0005358,Paid,2024-04-09 17:19:36,347.46,aud,Subscription update
ch_0005359,Paid,2024-04-09 17:27:32,196.56,aud,Subscription update
ch_0005360,Paid,2024-04-09 18:35:01,574.43,aud,Subscription update
ch_0005361,Paid,2024-04-09 20:55:03,199.74,aud,Subscription update
ch_0005362,Paid,2024-04-10 08:04:15,203.22,aud,Subscription update
ch_0005363,Paid,2024-04-10 09:11:41,585.98,aud,Subscription update
ch_0005364,Paid,2024-04-10 18:26:32,1832.37,aud,Invoice payment
ch_0005365,Paid,2024-04-11 06:15:31,201.57,aud,Subscription update
ch_0005366,Paid,2024-04-11 08:46:53,346.77,aud,Subscription update
ch_0005367,Paid,2024-04-11 17:58:38,201.7,aud,Subscription update
ch_0005368,Paid,2024-04-11 18:04:51,198.52,aud,Subscription creation
ch_0005369,Paid,2024-04-12 07:41:48,199.1,aud,Subscription update
ch_0005370,Paid,2024-04-12 08:56:50,199.32,aud,Subscription update
ch_0005371,Paid,2024-04-12 10:43:13,353.04,aud,Subscription update
ch_0005372,Paid,2024-04-12 15:18:26,587.34,aud,Subscription update
ch_0005373,Paid,2024-04-12 16:13:43,2564.34,aud,Package initiation
ch_0005374,Paid,2024-04-13 06:51:31,350.88,aud,Subscription creation
ch_0005375,Paid,2024-04-13 11:29:51,197.74,aud,Subscription creation
ch_0005376,Paid,2024-04-13 12:26:18,200.95,aud,Subscription update
ch_0005377,Paid,2024-04-13 13:34:10,195.47,aud,Subscription update
ch_0005378,Paid,2024-04-13 13:47:33,571.54,aud,Subscription update
ch_0005379,Paid,2024-04-13 13:58:32,197.69,aud,Subscription update
ch_0005380,Paid,2024-04-13 15:50:20,601.81,aud,Subscription update
ch_0005381,Paid,2024-04-13 19:20:02,204.49,aud,Subscription update
ch_0005382,Paid,2024-04-13 20:30:30,354.05,aud,Subscription update
ch_0005383,Paid,2024-04-14 06:29:01,547.61,aud,Invoice payment
ch_0005384,Paid,2024-04-14 14:35:44,200.16,aud,Subscription update
ch_0005385,Paid,2024-04-14 15:37:21,205.65,aud,Subscription update
ch_0005386,Paid,2024-04-14 18:13:27,348.9,aud,Subscription update
ch_0005387,Paid,2024-04-14 20:46:43,196.46,aud,Subscription update
ch_0005388,Paid,2024-04-15 06:08:20,358.98,aud,Subscription update
ch_0005389,Paid,2024-04-15 08:46:43,193.07,aud,Subscription creation
ch_0005390,Paid,2024-04-15 10:17:53,2081.07,aud,Package initiation
ch_0005391,Paid,2024-04-15 10:31:50,345.64,aud,Subscription update
ch_0005392,Paid,2024-04-15 11:04:10,342.44,aud,Subscription update
ch_0005393,Paid,2024-04-15 12:02:55,198.22,aud,Subscription update
ch_0005394,Paid,2024-04-15 12:17:12,188.13,aud,Subscription update
ch_0005395,Paid,2024-04-15 18:07:19,199.25,aud,Subscription update
ch_0005396,Paid,2024-04-15 19:41:49,196.68,aud,Subscription update
ch_0005397,Paid,2024-04-16 07:58:50,200.69,aud,Subscription update
ch_0005398,Paid,2024-04-16 09:52:34,183.72,aud,IV League - Booking
ch_0005399,Paid,2024-04-16 11:19:32,340.57,aud,Subscription update
ch_0005400,Paid,2024-04-16 11:33:43,191.59,aud,Subscription update
ch_0005401,Paid,2024-04-16 18:31:01,199.29,aud,Subscription update
ch_0005402,Paid,2024-04-16 19:11:39,202.39,aud,Subscription update
ch_0005403,Paid,2024-04-17 09:07:21,204.61,aud,Subscription update
ch_0005404,Paid,2024-04-17 10:16:04,351.9,aud,Subscription update
ch_0005405,Paid,2024-04-17 12:00:23,334.96,aud,Subscription update
ch_0005406,Paid,2024-04-17 16:07:37,201.51,aud,Subscription update
ch_0005407,Paid,2024-04-17 20:18:01,199.44,aud,Subscription update
ch_0005408,Paid,2024-04-18 07:47:32,204.18,aud,Subscription update
ch_0005409,Paid,2024-04-18 07:50:28,199.27,aud,Subscription update
ch_0005410,Paid,2024-04-18 11:10:56,606.34,aud,Subscription update
ch_0005411,Paid,2024-04-18 16:15:14,613.11,aud,Subscription update
ch_0005412,Paid,2024-04-18 18:09:45,196.26,aud,Subscription update
ch_0005413,Paid,2024-04-18 18:30:49,350.64,aud,Subscription creation
ch_0005414,Paid,2024-04-18 20:00:07,192.02,aud,Subscription update
ch_0005415,Paid,2024-04-18 20:12:13,200.82,aud,Subscription update
ch_0005416,Paid,2024-04-19 13:00:55,350.45,aud,Subscription update
ch_0005417,Paid,2024-04-19 13:31:57,202.06,aud,Subscription update
ch_0005418,Paid,2024-04-19 15:01:39,198.26,aud,Subscription update
ch_0005419,Paid,2024-04-19 17:45:14,337.0,aud,Subscription update
ch_0005420,Paid,2024-04-19 18:34:23,196.46,aud,Subscription creation
ch_0005421,Paid,2024-04-19 19:59:33,344.68,aud,Subscription update
ch_0005422,Paid,2024-04-19 20:11:13,590.52,aud,Subscription update
ch_0005423,Paid,2024-04-20 06:18:54,193.71,aud,Subscription update
ch_0005424,Paid,2024-04-20 07:26:35,199.72,aud,Subscription creation
ch_0005425,Paid,2024-04-20 08:04:36,595.66,aud,Subscription update
ch_0005426,Paid,2024-04-20 10:06:17,201.69,aud,Subscription update
ch_0005427,Paid,2024-04-20 10:48:32,333.97,aud,Subscription update
ch_0005428,Paid,2024-04-20 14:38:25,197.8,aud,Subscription update
ch_0005429,Paid,2024-04-20 19:37:52,608.65,aud,Subscription update
ch_0005430,Paid,2024-04-21 06:59:12,193.47,aud,Subscription update
ch_0005431,Paid,2024-04-21 08:10:13,193.17,aud,Subscription update
ch_0005432,Paid,2024-04-21 15:45:39,358.95,aud,Subscription update
ch_0005433,Paid,2024-04-21 17:51:41,205.29,aud,Subscription update
ch_0005434,Paid,2024-04-22 07:08:09,199.92,aud,Subscription update
ch_0005435,Paid,2024-04-22 10:37:06,349.14,aud,Subscription update
ch_0005436,Paid,2024-04-22 12:04:37,193.14,aud,Subscription creation
ch_0005437,Paid,2024-04-22 17:40:24,199.66,aud,Subscription update
ch_0005438,Paid,2024-04-22 20:46:25,346.65,aud,Subscription update
ch_0005439,Paid,2024-04-23 06:11:17,586.46,aud,Subscription creation
ch_0005440,Paid,2024-04-23 06:11:45,197.2,aud,Subscription update
ch_0005441,Paid,2024-04-23 06:22:36,593.4,aud,Subscription update
ch_0005442,Paid,2024-04-23 06:34:21,2202.11,aud,Package initiation
ch_0005443,Paid,2024-04-23 11:12:34,201.09,aud,Subscription update
ch_0005444,Paid,2024-04-23 14:36:57,608.42,aud,Subscription update
ch_0005445,Paid,2024-04-23 15:07:07,199.05,aud,Subscription creation
ch_0005446,Paid,2024-04-23 15:16:13,347.65,aud,Subscription update
ch_0005447,Paid,2024-04-23 15:37:19,601.58,aud,Subscription update
ch_0005448,Paid,2024-04-23 19:23:37,611.71,aud,Subscription update
ch_0005449,Paid,2024-04-23 20:03:48,197.79,aud,Subscription creation
ch_0005450,Paid,2024-04-24 06:05:02,350.63,aud,Subscription update
ch_0005451,Paid,2024-04-24 07:06:23,350.08,aud,Subscription update
ch_0005452,Paid,2024-04-24 10:12:10,344.59,aud,Subscription update
ch_0005453,Paid,2024-04-24 16:24:38,197.83,aud,Subscription update
ch_0005454,Paid,2024-04-24 20:07:55,197.57,aud,Subscription update
ch_0005455,Paid,2024-04-25 08:45:50,195.74,aud,Subscription update
ch_0005456,Paid,2024-04-25 11:47:19,358.68,aud,Subscription update
ch_0005457,Paid,2024-04-25 13:54:00,200.43,aud,Subscription update
ch_0005458,Paid,2024-04-25 14:17:50,350.07,aud,Subscription creation
ch_0005459,Paid,2024-04-25 15:10:29,357.85,aud,Subscription update
ch_0005460,Paid,2024-04-25 19:12:33,200.76,aud,Subscription creation
ch_0005461,Paid,2024-04-26 06:15:13,604.82,aud,Subscription update
ch_0005462,Paid,2024-04-26 07:32:08,191.87,aud,Subscription update
ch_0005463,Paid,2024-04-26 07:41:02,346.3,aud,Subscription update
ch_0005464,Paid,2024-04-26 12:04:59,196.12,aud,Subscription update
ch_0005465,Paid,2024-04-26 15:41:49,339.83,aud,Subscription update
ch_0005466,Paid,2024-04-26 18:49:31,345.96,aud,Subscription update
ch_0005467,Paid,2024-04-26 20:37:58,359.1,aud,Subscription update
ch_0005468,Paid,2024-04-26 20:57:43,198.34,aud,Subscription update
ch_0005469,Paid,2024-04-27 06:57:17,198.4,aud,Subscription update
ch_0005470,Paid,2024-04-27 07:38:44,4104.81,aud,Package initiation
ch_0005471,Paid,2024-04-27 11:16:30,347.97,aud,Subscription update
ch_0005472,Paid,2024-04-27 12:05:07,197.62,aud,Subscription update
ch_0005473,Paid,2024-04-27 14:17:14,600.45,aud,Subscription update
ch_0005474,Paid,2024-04-27 18:25:23,204.8,aud,Subscription update
ch_0005475,Paid,2024-04-28 10:46:59,196.14,aud,Subscription creation
ch_0005476,Paid,2024-04-28 10:48:37,196.95,aud,Subscription update
ch_0005477,Paid,2024-04-28 12:44:03,620.36,aud,Subscription update
ch_0005478,Paid,2024-04-28 14:12:42,348.69,aud,Subscription creation
ch_0005479,Paid,2024-04-28 14:30:42,579.3,aud,Subscription creation
ch_0005480,Paid,2024-04-28 15:35:08,191.69,aud,Subscription update
ch_0005481,Paid,2024-04-28 18:05:19,196.69,aud,Subscription update
ch_0005482,Paid,2024-04-28 18:23:01,598.1,aud,Subscription creation
ch_0005483,Paid,2024-04-28 19:46:40,192.16,aud,Subscription update
ch_0005484,Paid,2024-04-28 20:14:34,201.38,aud,Subscription update
ch_0005485,Paid,2024-04-29 08:24:17,199.26,aud,Subscription update
ch_0005486,Paid,2024-04-29 10:07:09,348.6,aud,Subscription update
ch_0005487,Paid,2024-04-29 10:56:19,200.37,aud,Subscription update
ch_0005488,Paid,2024-04-29 11:51:11,350.84,aud,Subscription update
ch_0005489,Paid,2024-04-29 12:04:30,201.01,aud,Subscription update
ch_0005490,Paid,2024-04-29 15:04:09,341.96,aud,Subscription update
ch_0005491,Paid,2024-04-29 15:24:46,349.09,aud,Subscription update
ch_0005492,Paid,2024-04-29 20:26:23,196.0,aud,Subscription update
ch_0005493,Paid,2024-04-30 10:52:13,587.55,aud,Subscription update
ch_0005494,Paid,2024-04-30 14:23:55,199.7,aud,Subscription update
ch_0005495,Paid,2024-04-30 15:16:24,329.76,aud,Subscription creation
ch_0005496,Paid,2024-04-30 20:08:46,342.12,aud,Subscription update
ch_0005497,Paid,2024-05-01 06:23:54,197.59,aud,Subscription update
ch_0005498,Paid,2024-05-01 07:00:05,352.74,aud,Subscription update
ch_0005499,Paid,2024-05-01 08:00:31,359.0,aud,Subscription update
ch_0005500,Paid,2024-05-01 10:09:12,197.61,aud,Subscription update
ch_0005501,Paid,2024-05-01 13:21:16,344.25,aud,Subscription update
ch_0005502,Paid,2024-05-01 16:32:29,344.9,aud,Subscription update
ch_0005503,Paid,2024-05-01 16:56:43,347.52,aud,Subscription update
ch_0005504,Paid,2024-05-01 18:49:27,597.05,aud,Subscription update
ch_0005505,Paid,2024-05-01 19:41:34,350.93,aud,Subscription update
ch_0005506,Paid,2024-05-01 19:46:11,203.15,aud,Subscription update
ch_0005507,Paid,2024-05-02 06:08:05,195.87,aud,Subscription update
ch_0005508,Paid,2024-05-02 08:30:46,195.52,aud,Subscription update
ch_0005509,Paid,2024-05-02 10:17:46,586.92,aud,Subscription update
ch_0005510,Paid,2024-05-02 11:25:51,171.17,aud,IV League - Booking
ch_0005511,Paid,2024-05-02 12:25:19,461.48,aud,IV League - Booking
ch_0005512,Paid,2024-05-02 15:45:50,349.52,aud,Subscription update
ch_0005513,Paid,2024-05-02 16:01:21,255.43,aud,IV League - Booking
ch_0005514,Paid,2024-05-02 17:02:31,350.82,aud,Subscription update
ch_0005515,Paid,2024-05-03 06:33:57,598.18,aud,Subscription update
ch_0005516,Paid,2024-05-03 06:54:43,200.57,aud,Subscription update
ch_0005517,Paid,2024-05-03 08:03:23,194.99,aud,Subscription update
ch_0005518,Paid,2024-05-03 08:23:20,341.92,aud,Subscription update
ch_0005519,Paid,2024-05-03 17:35:16,345.32,aud,Subscription update
ch_0005520,Paid,2024-05-04 06:04:45,339.99,aud,Subscription update
ch_0005521,Paid,2024-05-04 08:23:39,593.76,aud,Subscription update
ch_0005522,Paid,2024-05-04 12:31:51,196.51,aud,Subscription creation
ch_0005523,Paid,2024-05-04 13:52:40,588.78,aud,Subscription update
ch_0005524,Paid,2024-05-04 14:41:06,195.59,aud,Subscription update
ch_0005525,Paid,2024-05-04 20:12:59,196.56,aud,Subscription update
ch_0005526,Paid,2024-05-05 07:26:40,5322.51,aud,Corporate wellness - Keyman
ch_0005527,Paid,2024-05-05 08:05:53,596.49,aud,Subscription update
ch_0005528,Paid,2024-05-05 11:26:56,604.34,aud,Subscription creation
ch_0005529,Paid,2024-05-05 12:55:53,353.62,aud,Subscription update
ch_0005530,Paid,2024-05-05 16:41:29,205.42,aud,Subscription creation
ch_0005531,Paid,2024-05-05 16:41:57,201.45,aud,Subscription update
ch_0005532,Paid,2024-05-05 20:42:03,350.49,aud,Subscription update
ch_0005533,Paid,2024-05-06 09:02:06,353.74,aud,Subscription update
ch_0005534,Paid,2024-05-06 15:04:38,193.49,aud,Subscription update
ch_0005535,Paid,2024-05-06 16:55:11,194.82,aud,Subscription update
ch_0005536,Paid,2024-05-06 19:13:16,435.21,aud,Initial consultation
ch_0005537,Paid,2024-05-06 19:48:38,196.5,aud,Subscription update
ch_0005538,Paid,2024-05-06 20:21:22,192.4,aud,Subscription update
ch_0005539,Paid,2024-05-07 06:31:39,595.07,aud,Subscription update
ch_0005540,Paid,2024-05-07 09:10:50,346.92,aud,Subscription update
ch_0005541,Paid,2024-05-07 14:55:45,356.71,aud,Subscription update
ch_0005542,Paid,2024-05-07 16:07:39,199.7,aud,Subscription update
ch_0005543,Paid,2024-05-07 18:38:03,353.0,aud,Subscription update
ch_0005544,Paid,2024-05-07 20:06:59,193.05,aud,Subscription update
ch_0005545,Paid,2024-05-08 06:42:27,353.57,aud,Subscription creation
ch_0005546,Paid,2024-05-08 07:11:02,204.08,aud,Subscription update
ch_0005547,Paid,2024-05-08 08:33:24,199.17,aud,Subscription update
ch_0005548,Paid,2024-05-08 08:58:57,198.22,aud,Subscription update
ch_0005549,Paid,2024-05-08 10:33:31,200.99,aud,Subscription update
ch_0005550,Paid,2024-05-08 12:57:31,194.91,aud,Subscription update
ch_0005551,Paid,2024-05-08 13:50:52,195.84,aud,Subscription update
ch_0005552,Paid,2024-05-08 14:01:35,193.34,aud,Subscription update
ch_0005553,Paid,2024-05-08 15:05:25,1572.43,aud,Package initiation
ch_0005554,Paid,2024-05-08 19:36:57,344.56,aud,Subscription update
ch_0005555,Paid,2024-05-08 20:08:14,187.52,aud,Subscription creation
ch_0005556,Paid,2024-05-08 20:12:54,199.69,aud,Subscription update
ch_0005557,Paid,2024-05-09 10:24:36,198.76,aud,Subscription update
ch_0005558,Paid,2024-05-09 13:04:54,342.65,aud,Subscription update
ch_0005559,Paid,2024-05-09 16:54:20,342.7,aud,Subscription creation
ch_0005560,Paid,2024-05-09 20:00:00,196.79,aud,Subscription creation
ch_0005561,Paid,2024-05-10 07:06:16,203.19,aud,Subscription update
ch_0005562,Paid,2024-05-10 07:17:35,200.95,aud,Subscription update
ch_0005563,Paid,2024-05-10 09:25:18,195.68,aud,Subscription update
ch_0005564,Paid,2024-05-10 12:47:00,351.44,aud,Subscription update
ch_0005565,Paid,2024-05-10 13:52:41,597.34,aud,Subscription update
ch_0005566,Paid,2024-05-10 15:03:40,204.17,aud,Subscription update
ch_0005567,Paid,2024-05-10 16:24:52,193.96,aud,Subscription update
ch_0005568,Paid,2024-05-10 18:56:56,196.52,aud,Subscription update
ch_0005569,Paid,2024-05-10 19:49:32,198.25,aud,Subscription update
ch_0005570,Paid,2024-05-11 06:39:55,195.61,aud,Subscription update
ch_0005571,Paid,2024-05-11 07:34:52,602.6,aud,Subscription update
ch_0005572,Paid,2024-05-11 10:02:59,204.53,aud,Subscription update
ch_0005573,Paid,2024-05-11 12:21:32,193.5,aud,Subscription update
ch_0005574,Paid,2024-05-11 13:42:20,200.08,aud,Subscription update
ch_0005575,Paid,2024-05-11 15:30:49,362.4,aud,Subscription creation
ch_0005576,Paid,2024-05-12 06:15:06,191.99,aud,Subscription update
ch_0005577,Paid,2024-05-12 06:27:39,358.45,aud,Subscription update
ch_0005578,Paid,2024-05-12 10:53:15,331.91,aud,Subscription update
ch_0005579,Paid,2024-05-12 11:21:13,198.63,aud,Subscription update
ch_0005580,Paid,2024-05-12 11:46:25,343.32,aud,Subscription update
ch_0005581,Paid,2024-05-12 14:37:43,202.85,aud,Subscription update
ch_0005582,Paid,2024-05-13 06:18:13,210.86,aud,Subscription update
ch_0005583,Paid,2024-05-13 08:42:30,611.69,aud,Subscription update
ch_0005584,Paid,2024-05-13 10:06:18,358.0,aud,Subscription update
ch_0005585,Paid,2024-05-13 17:02:47,341.47,aud,Subscription update
ch_0005586,Paid,2024-05-14 08:33:30,344.88,aud,Subscription update
ch_0005587,Paid,2024-05-14 11:46:46,202.0,aud,Subscription update
ch_0005588,Paid,2024-05-14 14:10:13,199.56,aud,Subscription update
ch_0005589,Paid,2024-05-14 15:42:31,194.91,aud,Subscription update
ch_0005590,Paid,2024-05-14 17:32:40,352.41,aud,Subscription update
ch_0005591,Paid,2024-05-14 18:17:43,204.78,aud,Subscription update
ch_0005592,Paid,2024-05-14 19:01:58,623.72,aud,Subscription update
ch_0005593,Paid,2024-05-14 20:13:16,202.86,aud,Subscription update
ch_0005594,Paid,2024-05-15 07:04:04,351.55,aud,Subscription creation
ch_0005595,Refunded,2024-05-15 13:02:02,349.0,aud,Subscription update
ch_0005596,Paid,2024-05-15 14:45:47,354.12,aud,Subscription update
ch_0005597,Paid,2024-05-15 19:33:47,201.86,aud,Subscription update
ch_0005598,Paid,2024-05-16 07:06:27,201.01,aud,Subscription update
ch_0005599,Paid,2024-05-16 10:02:11,344.55,aud,Subscription update
ch_0005600,Paid,2024-05-16 10:04:54,200.09,aud,Subscription update
ch_0005601,Paid,2024-05-16 12:01:55,597.28,aud,Subscription update
ch_0005602,Paid,2024-05-16 13:16:03,200.2,aud,Subscription update
ch_0005603,Paid,2024-05-16 19:17:16,319.12,aud,IV League - Booking
ch_0005604,Paid,2024-05-17 08:34:41,192.93,aud,Subscription creation
ch_0005605,Paid,2024-05-17 10:28:18,344.42,aud,Subscription update
ch_0005606,Paid,2024-05-17 17:05:23,355.94,aud,Subscription update
ch_0005607,Paid,2024-05-17 19:11:38,197.95,aud,Subscription update
ch_0005608,Paid,2024-05-18 06:32:50,201.9,aud,Subscription update
ch_0005609,Paid,2024-05-18 07:59:36,199.28,aud,Subscription update
ch_0005610,Paid,2024-05-18 11:43:14,198.16,aud,Subscription update
ch_0005611,Paid,2024-05-18 12:19:05,345.64,aud,Subscription creation
ch_0005612,Paid,2024-05-18 16:57:52,598.15,aud,Subscription update
ch_0005613,Paid,2024-05-18 19:16:23,193.93,aud,Subscription update
ch_0005614,Paid,2024-05-19 06:42:46,203.29,aud,Subscription update
ch_0005615,Paid,2024-05-19 07:18:46,195.08,aud,Subscription update
ch_0005616,Paid,2024-05-19 08:30:24,205.2,aud,Subscription creation
ch_0005617,Paid,2024-05-19 08:34:46,196.19,aud,Subscription update
ch_0005618,Paid,2024-05-19 12:29:17,201.78,aud,Subscription update
ch_0005619,Paid,2024-05-19 12:47:21,198.32,aud,Subscription update
ch_0005620,Paid,2024-05-19 14:51:03,198.64,aud,Subscription update
ch_0005621,Paid,2024-05-19 17:06:28,354.69,aud,Subscription update
ch_0005622,Paid,2024-05-19 17:22:36,194.82,aud,Subscription update
ch_0005623,Paid,2024-05-19 18:03:06,198.79,aud,Subscription update
ch_0005624,Paid,2024-05-19 18:18:50,197.86,aud,Subscription update
ch_0005625,Paid,2024-05-19 19:57:48,180.72,aud,IV League - Booking
ch_0005626,Paid,2024-05-20 06:59:47,594.03,aud,Subscription update
ch_0005627,Paid,2024-05-20 08:32:57,606.04,aud,Subscription update
ch_0005628,Paid,2024-05-20 09:40:01,207.21,aud,Subscription update
ch_0005629,Paid,2024-05-20 10:28:24,203.58,aud,Subscription update
ch_0005630,Paid,2024-05-20 19:43:52,202.11,aud,Subscription update
ch_0005631,Paid,2024-05-21 06:10:32,343.57,aud,Subscription update
ch_0005632,Paid,2024-05-21 09:48:46,200.32,aud,Subscription update
ch_0005633,Paid,2024-05-21 10:15:47,608.13,aud,Subscription creation
ch_0005634,Paid,2024-05-21 13:44:48,345.49,aud,Subscription update
ch_0005635,Paid,2024-05-21 16:26:54,197.08,aud,Subscription update
ch_0005636,Paid,2024-05-21 16:57:11,356.89,aud,Subscription update
ch_0005637,Paid,2024-05-21 17:11:45,194.42,aud,Subscription update
ch_0005638,Paid,2024-05-21 20:56:47,363.39,aud,Subscription update
ch_0005639,Paid,2024-05-22 07:53:03,194.4,aud,Subscription update
ch_0005640,Paid,2024-05-22 12:28:33,350.07,aud,Subscription update
ch_0005641,Failed,2024-05-22 15:12:34,349.0,aud,Subscription update
ch_0005642,Paid,2024-05-22 19:04:14,204.49,aud,Subscription update
ch_0005643,Paid,2024-05-22 19:28:43,197.15,aud,Subscription update
ch_0005644,Paid,2024-05-23 06:36:17,198.91,aud,Subscription update
ch_0005645,Paid,2024-05-23 15:00:33,197.65,aud,Subscription creation
ch_0005646,Paid,2024-05-23 16:13:49,197.41,aud,Subscription update
ch_0005647,Paid,2024-05-23 16:58:55,198.87,aud,Subscription update
ch_0005648,Paid,2024-05-23 19:34:43,195.37,aud,Subscription update
ch_0005649,Paid,2024-05-24 06:01:36,205.21,aud,Subscription update
ch_0005650,Paid,2024-05-24 08:34:05,204.08,aud,Subscription update
ch_0005651,Paid,2024-05-24 10:06:25,196.67,aud,Subscription update
ch_0005652,Paid,2024-05-24 12:19:36,301.67,aud,IV League - Booking
ch_0005653,Paid,2024-05-24 18:38:12,581.39,aud,Subscription update
ch_0005654,Paid,2024-05-24 20:33:02,191.88,aud,Subscription update
ch_0005655,Paid,2024-05-25 06:47:07,333.71,aud,Subscription update
ch_0005656,Paid,2024-05-25 07:24:55,350.59,aud,Subscription update
ch_0005657,Paid,2024-05-25 09:46:55,346.03,aud,Subscription update
ch_0005658,Paid,2024-05-25 15:11:32,337.58,aud,Subscription update
ch_0005659,Paid,2024-05-25 15:22:09,190.51,aud,IV League - Booking
ch_0005660,Paid,2024-05-25 15:32:35,608.81,aud,Subscription creation
ch_0005661,Paid,2024-05-25 15:54:38,338.3,aud,Subscription update
ch_0005662,Paid,2024-05-25 16:51:19,191.18,aud,Subscription update
ch_0005663,Paid,2024-05-25 18:19:38,601.15,aud,Subscription update
ch_0005664,Paid,2024-05-25 19:01:43,618.34,aud,Subscription update
ch_0005665,Paid,2024-05-25 19:57:06,350.58,aud,Subscription creation
ch_0005666,Paid,2024-05-26 09:41:35,335.64,aud,Subscription update
ch_0005667,Paid,2024-05-26 14:43:44,334.38,aud,Subscription update
ch_0005668,Paid,2024-05-26 15:18:52,2985.99,aud,Package initiation
ch_0005669,Paid,2024-05-26 16:02:16,340.11,aud,Subscription update
ch_0005670,Paid,2024-05-26 18:51:16,344.85,aud,Subscription creation
ch_0005671,Paid,2024-05-26 18:57:24,352.5,aud,Subscription update
ch_0005672,Paid,2024-05-26 19:24:18,194.78,aud,Subscription update
ch_0005673,Paid,2024-05-26 20:27:40,356.89,aud,Subscription update
ch_0005674,Paid,2024-05-26 20:37:48,196.87,aud,Subscription creation
ch_0005675,Paid,2024-05-27 10:44:34,198.83,aud,Subscription update
ch_0005676,Paid,2024-05-27 10:46:00,357.32,aud,Subscription update
ch_0005677,Paid,2024-05-27 14:48:14,195.68,aud,Subscription creation
ch_0005678,Paid,2024-05-27 17:26:43,203.6,aud,Subscription update
ch_0005679,Paid,2024-05-27 19:54:53,208.35,aud,Subscription creation
ch_0005680,Paid,2024-05-28 17:54:50,606.45,aud,Subscription update
ch_0005681,Paid,2024-05-28 19:52:27,339.49,aud,Subscription creation
ch_0005682,Paid,2024-05-28 20:59:24,204.63,aud,Subscription update
ch_0005683,Paid,2024-05-29 09:48:31,203.73,aud,Subscription update
ch_0005684,Paid,2024-05-29 12:37:13,203.29,aud,Subscription update
ch_0005685,Paid,2024-05-29 17:44:24,199.53,aud,Subscription creation
ch_0005686,Paid,2024-05-29 18:34:15,357.98,aud,Subscription update
ch_0005687,Paid,2024-05-29 18:55:08,194.71,aud,Subscription update
ch_0005688,Paid,2024-05-30 06:13:35,195.45,aud,Subscription update
ch_0005689,Paid,2024-05-30 06:35:42,197.19,aud,Subscription update
ch_0005690,Paid,2024-05-30 08:44:55,350.36,aud,Subscription update
ch_0005691,Paid,2024-05-30 08:50:02,602.63,aud,Subscription update
ch_0005692,Paid,2024-05-30 15:12:49,249.67,aud,IV League - Booking
ch_0005693,Paid,2024-05-30 15:35:11,336.21,aud,Subscription update
ch_0005694,Paid,2024-05-30 16:18:14,200.41,aud,Subscription update
ch_0005695,Paid,2024-05-30 17:12:34,606.37,aud,Subscription update
ch_0005696,Paid,2024-05-31 07:36:34,200.07,aud,Subscription update
ch_0005697,Paid,2024-05-31 12:10:07,192.37,aud,Subscription update
ch_0005698,Paid,2024-05-31 12:45:11,335.65,aud,Subscription update
ch_0005699,Paid,2024-05-31 14:20:43,354.81,aud,Subscription creation
ch_0005700,Paid,2024-05-31 18:06:13,343.9,aud,Subscription update
ch_0005701,Paid,2024-06-01 06:04:39,198.33,aud,Subscription update
ch_0005702,Paid,2024-06-01 06:18:20,2507.14,aud,Package initiation
ch_0005703,Paid,2024-06-01 08:18:43,205.17,aud,Subscription update
ch_0005704,Paid,2024-06-01 09:02:59,199.26,aud,Subscription creation
ch_0005705,Paid,2024-06-01 11:41:47,596.67,aud,Subscription update
ch_0005706,Paid,2024-06-01 15:01:07,198.74,aud,Subscription update
ch_0005707,Paid,2024-06-01 19:11:24,201.79,aud,Subscription creation
ch_0005708,Paid,2024-06-01 20:46:22,204.11,aud,Subscription update
ch_0005709,Paid,2024-06-02 10:33:17,195.01,aud,Subscription update
ch_0005710,Paid,2024-06-02 10:38:26,602.54,aud,Subscription update
ch_0005711,Paid,2024-06-02 11:06:44,193.56,aud,Subscription update
ch_0005712,Paid,2024-06-02 17:51:56,202.13,aud,Subscription update
ch_0005713,Paid,2024-06-02 18:26:35,194.66,aud,Subscription update
ch_0005714,Paid,2024-06-03 07:05:28,608.28,aud,Subscription update
ch_0005715,Paid,2024-06-03 08:07:53,204.94,aud,Subscription update
ch_0005716,Paid,2024-06-03 08:35:59,199.83,aud,Subscription creation
ch_0005717,Paid,2024-06-03 09:51:24,335.48,aud,Subscription update
ch_0005718,Paid,2024-06-03 11:43:30,192.31,aud,Subscription update
ch_0005719,Paid,2024-06-03 14:32:32,200.33,aud,Subscription update
ch_0005720,Paid,2024-06-03 15:05:09,609.02,aud,Subscription update
ch_0005721,Paid,2024-06-03 16:06:54,353.17,aud,Subscription update
ch_0005722,Paid,2024-06-03 19:28:26,192.19,aud,Subscription update
ch_0005723,Paid,2024-06-04 06:15:37,199.18,aud,Subscription update
ch_0005724,Paid,2024-06-04 07:10:05,584.73,aud,Subscription update
ch_0005725,Paid,2024-06-04 10:54:47,204.48,aud,Subscription update
ch_0005726,Paid,2024-06-04 12:10:03,212.64,aud,Subscription update
ch_0005727,Paid,2024-06-04 14:54:00,198.34,aud,Subscription update
ch_0005728,Paid,2024-06-04 17:33:46,199.4,aud,Subscription update
ch_0005729,Paid,2024-06-04 17:44:02,615.15,aud,Subscription update
ch_0005730,Paid,2024-06-04 18:32:52,210.56,aud,Subscription update
ch_0005731,Paid,2024-06-05 16:05:30,204.12,aud,Subscription update
ch_0005732,Paid,2024-06-05 19:00:02,203.38,aud,Subscription update
ch_0005733,Paid,2024-06-06 08:45:45,347.3,aud,Subscription update
ch_0005734,Paid,2024-06-06 13:38:05,199.69,aud,Subscription update
ch_0005735,Paid,2024-06-06 14:04:43,203.59,aud,Subscription creation
ch_0005736,Paid,2024-06-06 16:25:07,196.75,aud,Subscription update
ch_0005737,Paid,2024-06-06 16:44:55,346.22,aud,Subscription update
ch_0005738,Paid,2024-06-06 17:19:35,197.32,aud,Subscription update
ch_0005739,Paid,2024-06-06 19:08:59,192.34,aud,Subscription update
ch_0005740,Paid,2024-06-06 19:52:21,339.77,aud,Subscription update
ch_0005741,Paid,2024-06-07 10:13:57,200.49,aud,Subscription update
ch_0005742,Paid,2024-06-07 10:34:04,202.41,aud,Subscription update
ch_0005743,Paid,2024-06-07 11:08:00,191.76,aud,Subscription update
ch_0005744,Paid,2024-06-07 11:44:06,199.37,aud,Subscription update
ch_0005745,Paid,2024-06-07 12:07:55,198.52,aud,Subscription update
ch_0005746,Paid,2024-06-07 13:36:35,344.25,aud,Subscription update
ch_0005747,Paid,2024-06-07 14:59:07,195.44,aud,Subscription update
ch_0005748,Paid,2024-06-07 16:03:47,339.06,aud,Subscription update
ch_0005749,Paid,2024-06-07 17:59:31,345.33,aud,Subscription update
ch_0005750,Paid,2024-06-07 18:38:43,203.31,aud,Subscription update
ch_0005751,Paid,2024-06-07 19:54:03,600.45,aud,Subscription update
ch_0005752,Paid,2024-06-08 07:31:25,627.19,aud,Subscription update
ch_0005753,Paid,2024-06-08 11:37:37,346.45,aud,Subscription update
ch_0005754,Paid,2024-06-08 17:09:55,194.31,aud,Subscription update
ch_0005755,Paid,2024-06-08 18:22:27,200.73,aud,Subscription update
ch_0005756,Paid,2024-06-08 19:36:28,197.31,aud,Subscription update
ch_0005757,Paid,2024-06-09 06:24:28,198.09,aud,Subscription update
ch_0005758,Paid,2024-06-09 07:07:43,352.21,aud,Subscription update
ch_0005759,Paid,2024-06-09 08:42:23,158.2,aud,IV League - Booking
ch_0005760,Paid,2024-06-09 11:37:54,601.62,aud,Subscription update
ch_0005761,Paid,2024-06-09 12:32:55,351.08,aud,Subscription update
ch_0005762,Paid,2024-06-09 14:24:27,193.65,aud,Subscription update
ch_0005763,Paid,2024-06-09 17:28:17,196.14,aud,Subscription update
ch_0005764,Paid,2024-06-10 08:03:20,352.6,aud,Subscription update
ch_0005765,Paid,2024-06-10 11:51:47,208.14,aud,Subscription update
ch_0005766,Paid,2024-06-10 12:37:43,603.59,aud,Subscription update
ch_0005767,Paid,2024-06-10 14:27:51,197.58,aud,Subscription update
ch_0005768,Paid,2024-06-10 17:45:00,199.36,aud,Subscription update
ch_0005769,Paid,2024-06-10 18:42:26,202.29,aud,Subscription creation
ch_0005770,Paid,2024-06-10 19:59:58,198.82,aud,Subscription update
ch_0005771,Paid,2024-06-11 07:20:32,206.42,aud,Subscription update
ch_0005772,Paid,2024-06-11 07:57:02,205.41,aud,Subscription creation
ch_0005773,Paid,2024-06-11 09:26:17,603.28,aud,Subscription update
ch_0005774,Paid,2024-06-11 12:18:31,604.94,aud,Subscription update
ch_0005775,Paid,2024-06-11 12:57:46,203.76,aud,Subscription update
ch_0005776,Paid,2024-06-11 14:53:24,202.8,aud,Subscription update
ch_0005777,Paid,2024-06-11 15:35:26,201.13,aud,Subscription update
ch_0005778,Paid,2024-06-11 17:00:15,197.78,aud,Subscription update
ch_0005779,Paid,2024-06-11 18:34:55,198.36,aud,Subscription update
ch_0005780,Paid,2024-06-11 19:48:31,199.15,aud,Subscription update
ch_0005781,Paid,2024-06-11 20:31:48,355.02,aud,Subscription update
ch_0005782,Paid,2024-06-12 08:03:26,336.98,aud,Subscription update
ch_0005783,Paid,2024-06-12 08:14:00,200.1,aud,Subscription update
ch_0005784,Paid,2024-06-12 09:33:54,198.07,aud,Subscription update
ch_0005785,Paid,2024-06-12 11:21:22,604.72,aud,Subscription update
ch_0005786,Paid,2024-06-12 12:29:08,198.49,aud,Subscription update
ch_0005787,Paid,2024-06-12 13:05:51,204.3,aud,Subscription update
ch_0005788,Paid,2024-06-12 15:59:11,201.8,aud,Subscription update
ch_0005789,Paid,2024-06-12 16:40:17,203.02,aud,Subscription update
ch_0005790,Paid,2024-06-12 17:24:20,365.0,aud,Subscription update
ch_0005791,Paid,2024-06-12 19:20:31,190.9,aud,Subscription update
ch_0005792,Paid,2024-06-13 06:05:44,362.1,aud,Subscription update
ch_0005793,Paid,2024-06-13 13:58:48,203.74,aud,Subscription update
ch_0005794,Paid,2024-06-13 15:28:00,593.22,aud,Subscription update
ch_0005795,Paid,2024-06-13 17:21:32,202.67,aud,Subscription update
ch_0005796,Paid,2024-06-14 10:19:46,202.67,aud,Subscription update
ch_0005797,Paid,2024-06-14 13:46:28,203.84,aud,Subscription update
ch_0005798,Paid,2024-06-14 15:55:30,857.39,aud,Invoice payment
ch_0005799,Paid,2024-06-14 18:59:18,607.51,aud,Subscription update
ch_0005800,Paid,2024-06-14 19:40:26,201.0,aud,Subscription update
ch_0005801,Paid,2024-06-15 07:40:40,340.72,aud,Subscription update
ch_0005802,Paid,2024-06-15 07:53:47,2429.12,aud,Package initiation
ch_0005803,Paid,2024-06-15 09:43:18,195.76,aud,Subscription update
ch_0005804,Paid,2024-06-15 10:11:19,587.12,aud,Subscription update
ch_0005805,Paid,2024-06-15 10:33:22,346.75,aud,Subscription update
ch_0005806,Paid,2024-06-15 16:31:05,342.52,aud,Subscription update
ch_0005807,Paid,2024-06-15 16:44:01,199.9,aud,Subscription update
ch_0005808,Paid,2024-06-16 09:00:03,200.6,aud,Subscription update
ch_0005809,Paid,2024-06-16 14:15:07,199.68,aud,Subscription update
ch_0005810,Paid,2024-06-16 15:01:42,350.04,aud,Subscription creation
ch_0005811,Paid,2024-06-17 10:37:32,352.69,aud,Subscription update
ch_0005812,Paid,2024-06-17 12:15:47,196.19,aud,Subscription update
ch_0005813,Paid,2024-06-17 13:41:18,1018.71,aud,Longevity panel
ch_0005814,Paid,2024-06-17 14:36:58,345.72,aud,Subscription update
ch_0005815,Paid,2024-06-17 14:43:28,203.92,aud,Subscription update
ch_0005816,Paid,2024-06-17 14:50:51,199.83,aud,Subscription update
ch_0005817,Paid,2024-06-17 15:29:24,587.51,aud,Subscription update
ch_0005818,Paid,2024-06-18 06:20:18,202.46,aud,Subscription update
ch_0005819,Paid,2024-06-18 06:58:45,196.91,aud,Subscription creation
ch_0005820,Paid,2024-06-18 08:34:09,346.8,aud,Subscription update
ch_0005821,Paid,2024-06-18 17:50:28,194.33,aud,Subscription update
ch_0005822,Paid,2024-06-18 17:55:43,2651.11,aud,Package initiation
ch_0005823,Paid,2024-06-18 18:49:43,355.38,aud,Subscription update
ch_0005824,Paid,2024-06-18 18:54:24,351.48,aud,Subscription update
ch_0005825,Paid,2024-06-18 19:23:28,1378.01,aud,Invoice payment
ch_0005826,Paid,2024-06-18 20:36:43,204.41,aud,Subscription update
ch_0005827,Paid,2024-06-19 08:21:06,202.79,aud,Subscription update
ch_0005828,Paid,2024-06-19 08:53:54,338.28,aud,Subscription update
ch_0005829,Paid,2024-06-19 09:33:28,348.5,aud,Subscription update
ch_0005830,Paid,2024-06-19 10:24:51,599.31,aud,Subscription update
ch_0005831,Paid,2024-06-19 12:03:09,195.91,aud,Subscription update
ch_0005832,Paid,2024-06-19 14:32:45,198.95,aud,Subscription update
ch_0005833,Paid,2024-06-19 14:34:11,345.91,aud,Subscription update
ch_0005834,Paid,2024-06-19 17:45:53,341.81,aud,Subscription update
ch_0005835,Paid,2024-06-19 18:33:43,205.25,aud,Subscription update
ch_0005836,Paid,2024-06-20 06:20:19,351.55,aud,Subscription update
ch_0005837,Paid,2024-06-20 07:08:08,349.05,aud,Subscription update
ch_0005838,Paid,2024-06-20 09:21:39,201.86,aud,Subscription update
ch_0005839,Paid,2024-06-20 10:28:14,192.17,aud,Subscription update
ch_0005840,Paid,2024-06-20 11:04:32,333.0,aud,Subscription update
ch_0005841,Paid,2024-06-20 11:13:48,347.11,aud,Subscription update
ch_0005842,Paid,2024-06-20 11:49:06,202.52,aud,Subscription update
ch_0005843,Paid,2024-06-20 14:42:24,1550.09,aud,Invoice payment
ch_0005844,Paid,2024-06-20 18:13:27,349.14,aud,Subscription update
ch_0005845,Paid,2024-06-21 07:11:21,199.57,aud,Subscription update
ch_0005846,Paid,2024-06-21 07:45:14,604.72,aud,Subscription update
ch_0005847,Paid,2024-06-21 08:57:23,344.45,aud,Subscription update
ch_0005848,Paid,2024-06-21 09:14:34,197.75,aud,Subscription update
ch_0005849,Paid,2024-06-21 10:24:50,586.25,aud,Subscription update
ch_0005850,Paid,2024-06-21 11:25:45,194.7,aud,Subscription update
ch_0005851,Paid,2024-06-21 12:51:14,198.06,aud,Subscription update
ch_0005852,Paid,2024-06-21 13:30:27,204.13,aud,Subscription update
ch_0005853,Paid,2024-06-21 13:54:33,185.42,aud,IV League - Booking
ch_0005854,Paid,2024-06-21 15:47:40,197.8,aud,Subscription creation
ch_0005855,Paid,2024-06-21 18:57:46,1542.94,aud,Package initiation
ch_0005856,Paid,2024-06-22 11:52:57,319.04,aud,IV League - Booking
ch_0005857,Paid,2024-06-22 14:28:50,347.84,aud,Subscription update
ch_0005858,Paid,2024-06-22 18:09:02,348.41,aud,Subscription update
ch_0005859,Paid,2024-06-23 12:05:42,233.36,aud,IV League - Booking
ch_0005860,Paid,2024-06-23 14:41:26,343.52,aud,Subscription creation
ch_0005861,Paid,2024-06-23 15:31:15,593.16,aud,Subscription update
ch_0005862,Paid,2024-06-23 16:47:43,593.02,aud,Subscription update
ch_0005863,Paid,2024-06-23 18:00:27,200.26,aud,Subscription update
ch_0005864,Paid,2024-06-23 18:27:12,355.73,aud,Subscription update
ch_0005865,Paid,2024-06-24 07:19:21,349.24,aud,Subscription update
ch_0005866,Paid,2024-06-24 08:52:12,202.61,aud,Subscription update
ch_0005867,Paid,2024-06-24 09:45:14,194.82,aud,Subscription update
ch_0005868,Paid,2024-06-24 11:26:50,206.53,aud,Subscription update
ch_0005869,Paid,2024-06-24 11:42:41,195.08,aud,Subscription update
ch_0005870,Paid,2024-06-24 12:27:17,203.46,aud,Subscription update
ch_0005871,Paid,2024-06-24 12:44:05,200.5,aud,Subscription update
ch_0005872,Paid,2024-06-24 15:56:57,580.44,aud,Subscription creation
ch_0005873,Paid,2024-06-24 17:27:02,354.03,aud,Subscription creation
ch_0005874,Paid,2024-06-24 20:21:26,589.4,aud,Subscription update
ch_0005875,Paid,2024-06-25 09:14:47,598.19,aud,Subscription update
ch_0005876,Paid,2024-06-25 09:34:09,204.09,aud,Subscription update
ch_0005877,Paid,2024-06-25 09:54:53,355.29,aud,Subscription creation
ch_0005878,Paid,2024-06-25 11:16:43,203.29,aud,Subscription update
ch_0005879,Paid,2024-06-25 19:04:44,603.25,aud,Subscription update
ch_0005880,Paid,2024-06-26 06:13:49,355.41,aud,Subscription creation
ch_0005881,Paid,2024-06-26 07:19:44,190.7,aud,Subscription update
ch_0005882,Paid,2024-06-26 11:07:12,345.67,aud,Subscription update
ch_0005883,Paid,2024-06-26 15:36:38,344.06,aud,Subscription update
ch_0005884,Paid,2024-06-26 17:47:40,198.31,aud,Subscription update
ch_0005885,Paid,2024-06-26 18:12:33,352.06,aud,Subscription update
ch_0005886,Paid,2024-06-26 18:27:23,201.31,aud,Subscription creation
ch_0005887,Paid,2024-06-26 20:09:23,253.73,aud,IV League - Booking
ch_0005888,Paid,2024-06-27 06:43:11,343.04,aud,Subscription update
ch_0005889,Paid,2024-06-27 10:01:33,576.93,aud,Subscription creation
ch_0005890,Paid,2024-06-27 16:45:26,353.73,aud,Subscription update
ch_0005891,Paid,2024-06-27 18:18:12,348.94,aud,Subscription creation
ch_0005892,Paid,2024-06-27 18:24:35,198.95,aud,Subscription update
ch_0005893,Paid,2024-06-28 08:32:49,194.93,aud,Subscription update
ch_0005894,Paid,2024-06-28 13:02:36,345.14,aud,Subscription creation
ch_0005895,Paid,2024-06-28 13:34:17,202.89,aud,Subscription update
ch_0005896,Paid,2024-06-28 17:20:35,199.03,aud,Subscription update
ch_0005897,Paid,2024-06-28 19:07:54,194.59,aud,Subscription update
ch_0005898,Paid,2024-06-28 19:35:26,349.57,aud,Subscription update
ch_0005899,Paid,2024-06-28 19:35:56,203.92,aud,Subscription update
ch_0005900,Paid,2024-06-28 19:36:38,206.23,aud,Subscription update
ch_0005901,Paid,2024-06-28 20:21:52,198.65,aud,Subscription creation
ch_0005902,Paid,2024-06-29 06:39:10,196.28,aud,Subscription update
ch_0005903,Paid,2024-06-29 08:06:17,203.01,aud,Subscription update
ch_0005904,Paid,2024-06-29 14:24:25,329.6,aud,IV League - Booking
ch_0005905,Paid,2024-06-30 08:45:28,348.09,aud,Subscription update
ch_0005906,Paid,2024-06-30 10:57:32,1160.8,aud,Invoice payment
ch_0005907,Paid,2024-06-30 13:49:26,342.22,aud,Subscription update
ch_0005908,Paid,2024-06-30 16:01:09,586.78,aud,Subscription creation
ch_0005909,Paid,2024-06-30 16:28:17,349.27,aud,Subscription update
ch_0005910,Paid,2024-06-30 16:35:43,194.7,aud,Subscription update
ch_0005911,Paid,2024-06-30 16:50:16,205.09,aud,Subscription update
ch_0005912,Paid,2024-07-01 06:03:20,350.75,aud,Subscription update
ch_0005913,Paid,2024-07-01 06:04:34,200.64,aud,Subscription update
ch_0005914,Paid,2024-07-01 07:40:16,348.92,aud,Subscription update
ch_0005915,Paid,2024-07-01 15:04:51,347.45,aud,Subscription update
ch_0005916,Paid,2024-07-01 19:20:49,197.67,aud,Subscription creation
ch_0005917,Paid,2024-07-02 06:12:51,203.83,aud,Subscription update
ch_0005918,Paid,2024-07-02 08:13:35,197.91,aud,Subscription update
ch_0005919,Paid,2024-07-02 08:23:23,354.21,aud,Subscription update
ch_0005920,Paid,2024-07-02 19:29:35,344.76,aud,Subscription update
ch_0005921,Paid,2024-07-02 19:32:42,198.2,aud,Subscription update
ch_0005922,Paid,2024-07-03 10:05:43,449.27,aud,IV League - Booking
ch_0005923,Paid,2024-07-03 13:06:53,624.12,aud,Subscription update
ch_0005924,Paid,2024-07-03 13:45:28,197.08,aud,Subscription update
ch_0005925,Paid,2024-07-03 15:19:20,351.68,aud,Subscription update
ch_0005926,Paid,2024-07-03 20:29:17,340.97,aud,Subscription update
ch_0005927,Paid,2024-07-04 07:42:54,610.0,aud,Subscription update
ch_0005928,Paid,2024-07-04 08:05:32,579.25,aud,Subscription update
ch_0005929,Paid,2024-07-04 08:06:56,602.2,aud,Subscription update
ch_0005930,Paid,2024-07-04 09:34:16,195.94,aud,Subscription update
ch_0005931,Paid,2024-07-04 14:18:16,201.5,aud,Subscription update
ch_0005932,Paid,2024-07-04 19:33:46,185.65,aud,IV League - Booking
ch_0005933,Paid,2024-07-04 20:28:36,350.53,aud,Subscription update
ch_0005934,Paid,2024-07-05 06:49:22,944.39,aud,Invoice payment
ch_0005935,Paid,2024-07-05 07:40:13,195.51,aud,Subscription update
ch_0005936,Paid,2024-07-05 09:48:16,345.83,aud,Subscription update
ch_0005937,Paid,2024-07-05 12:29:26,203.83,aud,Subscription update
ch_0005938,Paid,2024-07-05 13:50:37,200.0,aud,Subscription update
ch_0005939,Paid,2024-07-05 15:15:50,595.69,aud,Subscription update
ch_0005940,Paid,2024-07-05 16:22:42,199.0,aud,Subscription update
ch_0005941,Paid,2024-07-06 08:26:00,194.67,aud,Subscription update
ch_0005942,Paid,2024-07-06 11:37:30,601.3,aud,Subscription update
ch_0005943,Paid,2024-07-06 12:29:46,350.86,aud,Subscription update
ch_0005944,Paid,2024-07-06 12:31:00,198.06,aud,Subscription update
ch_0005945,Paid,2024-07-06 14:28:49,300.03,aud,IV League - Booking
ch_0005946,Paid,2024-07-06 15:01:43,614.36,aud,Subscription update
ch_0005947,Paid,2024-07-06 18:51:57,348.71,aud,Subscription update
ch_0005948,Paid,2024-07-06 20:37:07,607.65,aud,Subscription update
ch_0005949,Paid,2024-07-07 06:00:57,197.14,aud,Subscription update
ch_0005950,Paid,2024-07-07 08:23:18,198.31,aud,Subscription update
ch_0005951,Paid,2024-07-07 08:37:08,200.5,aud,Subscription update
ch_0005952,Paid,2024-07-07 10:06:58,174.8,aud,IV League - Booking
ch_0005953,Paid,2024-07-07 11:05:22,569.57,aud,Longevity panel
ch_0005954,Paid,2024-07-07 11:14:39,346.39,aud,Subscription update
ch_0005955,Paid,2024-07-07 11:56:56,196.15,aud,Subscription update
ch_0005956,Paid,2024-07-07 12:26:36,348.81,aud,Subscription update
ch_0005957,Paid,2024-07-07 12:43:46,202.09,aud,Subscription update
ch_0005958,Paid,2024-07-07 14:20:52,198.94,aud,Subscription update
ch_0005959,Paid,2024-07-07 17:15:03,202.34,aud,Subscription update
ch_0005960,Paid,2024-07-07 18:28:21,602.93,aud,Subscription update
ch_0005961,Paid,2024-07-08 07:05:38,598.44,aud,Subscription update
ch_0005962,Paid,2024-07-08 10:28:30,577.53,aud,Subscription update
ch_0005963,Paid,2024-07-08 10:34:24,192.25,aud,Subscription update
ch_0005964,Paid,2024-07-08 12:32:00,349.61,aud,Initial consultation
ch_0005965,Paid,2024-07-08 13:27:18,202.99,aud,Subscription update
ch_0005966,Paid,2024-07-08 14:14:06,200.58,aud,Subscription creation
ch_0005967,Paid,2024-07-08 16:21:10,199.4,aud,Subscription update
ch_0005968,Paid,2024-07-08 18:31:10,345.06,aud,Subscription update
ch_0005969,Paid,2024-07-09 06:36:05,199.19,aud,Subscription update
ch_0005970,Paid,2024-07-09 09:29:48,351.28,aud,Subscription update
ch_0005971,Paid,2024-07-09 09:52:48,195.85,aud,Subscription update
ch_0005972,Paid,2024-07-09 11:54:04,194.38,aud,Subscription update
ch_0005973,Paid,2024-07-09 15:08:17,342.18,aud,Subscription update
ch_0005974,Paid,2024-07-09 18:51:25,197.49,aud,Subscription update
ch_0005975,Paid,2024-07-10 14:14:34,351.31,aud,Subscription creation
ch_0005976,Failed,2024-07-10 15:00:22,349.0,aud,Subscription update
ch_0005977,Paid,2024-07-10 16:15:23,354.96,aud,Subscription creation
ch_0005978,Paid,2024-07-10 17:50:22,346.86,aud,Subscription update
ch_0005979,Paid,2024-07-10 19:07:18,613.63,aud,Subscription update
ch_0005980,Paid,2024-07-10 19:16:38,205.34,aud,Subscription update
ch_0005981,Paid,2024-07-10 20:09:27,190.63,aud,Subscription update
ch_0005982,Paid,2024-07-10 20:42:53,285.66,aud,Initial consultation
ch_0005983,Paid,2024-07-11 13:34:42,207.63,aud,Subscription update
ch_0005984,Paid,2024-07-11 14:17:46,353.07,aud,Subscription creation
ch_0005985,Paid,2024-07-11 14:33:15,195.41,aud,Subscription update
ch_0005986,Paid,2024-07-11 20:15:49,248.29,aud,IV League - Booking
ch_0005987,Paid,2024-07-12 08:24:34,342.47,aud,Subscription update
ch_0005988,Paid,2024-07-12 11:58:22,348.74,aud,Subscription update
ch_0005989,Paid,2024-07-12 15:47:31,179.71,aud,IV League - Booking
ch_0005990,Paid,2024-07-12 17:26:13,198.97,aud,Subscription update
ch_0005991,Paid,2024-07-12 18:17:09,201.67,aud,Subscription update
ch_0005992,Paid,2024-07-12 18:44:58,193.26,aud,Subscription update
ch_0005993,Paid,2024-07-12 19:50:17,194.22,aud,Subscription update
ch_0005994,Paid,2024-07-12 20:07:36,356.45,aud,Subscription update
ch_0005995,Paid,2024-07-12 20:07:55,599.79,aud,Subscription update
ch_0005996,Paid,2024-07-13 07:04:54,196.98,aud,Subscription update
ch_0005997,Paid,2024-07-13 07:22:30,197.47,aud,Subscription creation
ch_0005998,Paid,2024-07-13 08:43:36,195.66,aud,Subscription update
ch_0005999,Paid,2024-07-13 09:35:01,205.4,aud,Subscription update
ch_0006000,Paid,2024-07-13 11:34:33,199.9,aud,Subscription update
ch_0006001,Paid,2024-07-13 13:04:58,201.61,aud,Subscription update
ch_0006002,Paid,2024-07-13 16:31:11,201.96,aud,Subscription update
ch_0006003,Paid,2024-07-13 17:49:15,201.65,aud,Subscription update
ch_0006004,Paid,2024-07-14 07:56:22,344.06,aud,Subscription update
ch_0006005,Paid,2024-07-14 10:16:40,201.51,aud,Subscription creation
ch_0006006,Paid,2024-07-14 10:30:01,363.27,aud,Subscription creation
ch_0006007,Paid,2024-07-14 14:25:59,580.11,aud,Subscription creation
ch_0006008,Paid,2024-07-14 16:38:44,338.28,aud,Subscription update
ch_0006009,Paid,2024-07-14 19:05:26,197.65,aud,Subscription update
ch_0006010,Paid,2024-07-15 06:23:08,581.65,aud,Subscription update
ch_0006011,Paid,2024-07-15 07:18:21,199.14,aud,Subscription update
ch_0006012,Paid,2024-07-15 08:54:57,354.8,aud,Subscription update
ch_0006013,Paid,2024-07-15 10:24:15,200.43,aud,Subscription update
ch_0006014,Paid,2024-07-15 12:32:55,200.19,aud,Subscription update
ch_0006015,Paid,2024-07-15 12:39:48,346.02,aud,Subscription update
ch_0006016,Paid,2024-07-15 12:41:27,196.26,aud,Subscription update
ch_0006017,Paid,2024-07-15 13:10:39,211.02,aud,Subscription update
ch_0006018,Paid,2024-07-15 16:21:51,202.65,aud,Subscription update
ch_0006019,Paid,2024-07-15 19:04:33,197.13,aud,Subscription update
ch_0006020,Paid,2024-07-15 19:42:59,197.8,aud,Subscription update
ch_0006021,Paid,2024-07-16 06:48:07,204.61,aud,Subscription creation
ch_0006022,Paid,2024-07-16 07:40:16,199.63,aud,Subscription update
ch_0006023,Paid,2024-07-16 09:31:11,196.5,aud,Subscription update
ch_0006024,Paid,2024-07-16 11:41:40,3046.82,aud,Package initiation
ch_0006025,Paid,2024-07-16 12:15:43,204.38,aud,Subscription update
ch_0006026,Paid,2024-07-16 13:11:27,191.16,aud,Subscription update
ch_0006027,Paid,2024-07-16 13:42:30,197.1,aud,Subscription update
ch_0006028,Paid,2024-07-16 14:34:21,590.8,aud,Subscription creation
ch_0006029,Paid,2024-07-16 14:59:09,203.55,aud,Subscription creation
ch_0006030,Paid,2024-07-16 19:23:11,194.66,aud,Subscription update
ch_0006031,Paid,2024-07-17 08:07:14,197.26,aud,Subscription update
ch_0006032,Paid,2024-07-17 10:25:39,198.01,aud,Subscription update
ch_0006033,Paid,2024-07-17 10:32:06,346.4,aud,Subscription update
ch_0006034,Paid,2024-07-17 12:13:38,204.19,aud,Subscription update
ch_0006035,Paid,2024-07-17 12:51:00,337.58,aud,Subscription update
ch_0006036,Paid,2024-07-18 06:06:37,194.56,aud,Subscription update
ch_0006037,Paid,2024-07-18 06:16:16,611.13,aud,Subscription update
ch_0006038,Paid,2024-07-18 06:55:56,611.56,aud,Subscription creation
ch_0006039,Paid,2024-07-18 10:12:20,201.25,aud,Subscription update
ch_0006040,Paid,2024-07-18 10:58:02,199.31,aud,Subscription update
ch_0006041,Paid,2024-07-18 12:49:28,449.89,aud,IV League - Booking
ch_0006042,Paid,2024-07-18 13:36:32,608.26,aud,Subscription update
ch_0006043,Paid,2024-07-18 14:55:25,354.86,aud,Subscription update
ch_0006044,Paid,2024-07-18 15:11:09,345.38,aud,Subscription creation
ch_0006045,Paid,2024-07-18 15:20:21,203.8,aud,Subscription update
ch_0006046,Paid,2024-07-18 17:06:20,201.66,aud,Subscription update
ch_0006047,Paid,2024-07-18 19:43:19,357.57,aud,Subscription update
ch_0006048,Paid,2024-07-18 20:10:26,345.14,aud,Subscription update
ch_0006049,Paid,2024-07-18 20:48:10,309.73,aud,IV League - Booking
ch_0006050,Paid,2024-07-19 06:57:49,332.61,aud,IV League - Booking
ch_0006051,Paid,2024-07-19 07:00:03,200.11,aud,Subscription creation
ch_0006052,Paid,2024-07-19 07:51:16,196.32,aud,Subscription update
ch_0006053,Paid,2024-07-19 10:13:32,599.34,aud,Subscription update
ch_0006054,Paid,2024-07-19 11:54:20,355.88,aud,Subscription update
ch_0006055,Paid,2024-07-19 13:51:37,618.33,aud,Subscription update
ch_0006056,Paid,2024-07-19 14:39:09,597.91,aud,Subscription update
ch_0006057,Paid,2024-07-19 18:02:29,193.56,aud,Subscription update
ch_0006058,Paid,2024-07-19 18:57:22,200.92,aud,Subscription update
ch_0006059,Paid,2024-07-19 19:20:52,315.51,aud,Initial consultation
ch_0006060,Paid,2024-07-20 07:14:18,202.09,aud,Subscription update
ch_0006061,Paid,2024-07-20 08:33:38,197.87,aud,Subscription update
ch_0006062,Paid,2024-07-20 09:33:33,357.73,aud,Subscription creation
ch_0006063,Paid,2024-07-20 13:17:42,343.43,aud,Subscription update
ch_0006064,Paid,2024-07-20 17:53:41,581.74,aud,Subscription update
ch_0006065,Paid,2024-07-21 08:59:22,191.18,aud,Subscription creation
ch_0006066,Paid,2024-07-21 09:10:17,355.68,aud,Subscription update
ch_0006067,Paid,2024-07-21 11:48:59,199.63,aud,Subscription update
ch_0006068,Paid,2024-07-21 14:28:27,202.07,aud,Subscription update
ch_0006069,Paid,2024-07-21 14:56:03,193.76,aud,Subscription creation
ch_0006070,Paid,2024-07-21 19:00:45,623.36,aud,Subscription update
ch_0006071,Paid,2024-07-21 19:08:49,343.87,aud,Subscription creation
ch_0006072,Paid,2024-07-21 20:14:58,195.33,aud,Subscription update
ch_0006073,Paid,2024-07-22 06:00:54,197.47,aud,Subscription update
ch_0006074,Paid,2024-07-22 09:07:33,613.23,aud,Subscription creation
ch_0006075,Paid,2024-07-22 15:35:10,195.81,aud,Subscription creation
ch_0006076,Paid,2024-07-22 20:55:27,202.62,aud,Subscription update
ch_0006077,Paid,2024-07-23 06:22:46,192.21,aud,Subscription update
ch_0006078,Paid,2024-07-23 07:10:37,343.27,aud,Subscription update
ch_0006079,Paid,2024-07-23 08:28:47,200.78,aud,Subscription update
ch_0006080,Paid,2024-07-23 11:01:34,191.99,aud,Subscription update
ch_0006081,Paid,2024-07-23 11:57:07,197.15,aud,Subscription update
ch_0006082,Paid,2024-07-23 12:11:35,204.89,aud,Subscription update
ch_0006083,Paid,2024-07-23 16:10:06,362.36,aud,Subscription update
ch_0006084,Paid,2024-07-24 06:36:30,206.6,aud,Subscription update
ch_0006085,Paid,2024-07-24 07:34:44,199.08,aud,Subscription update
ch_0006086,Paid,2024-07-24 09:12:28,199.93,aud,Subscription update
ch_0006087,Paid,2024-07-24 09:29:42,351.48,aud,Subscription update
ch_0006088,Paid,2024-07-24 11:00:25,195.2,aud,Subscription update
ch_0006089,Paid,2024-07-24 12:36:22,200.88,aud,Subscription update
ch_0006090,Paid,2024-07-24 13:20:51,2242.41,aud,Package initiation
ch_0006091,Paid,2024-07-24 16:38:04,365.24,aud,Subscription update
ch_0006092,Paid,2024-07-24 18:45:45,201.5,aud,Subscription update
ch_0006093,Paid,2024-07-25 09:08:39,348.5,aud,Subscription update
ch_0006094,Paid,2024-07-25 09:11:28,202.73,aud,Subscription update
ch_0006095,Paid,2024-07-25 14:43:15,196.0,aud,Subscription update
ch_0006096,Paid,2024-07-25 16:40:35,203.0,aud,Subscription update
ch_0006097,Paid,2024-07-25 20:30:34,345.44,aud,Subscription update
ch_0006098,Paid,2024-07-26 08:39:02,390.82,aud,IV League - Booking
ch_0006099,Paid,2024-07-26 14:44:22,343.07,aud,Subscription creation
ch_0006100,Paid,2024-07-26 16:56:04,352.28,aud,Subscription update
ch_0006101,Paid,2024-07-26 20:31:26,608.51,aud,Subscription update
ch_0006102,Paid,2024-07-27 11:00:04,350.83,aud,Subscription update
ch_0006103,Paid,2024-07-27 11:02:07,575.47,aud,Subscription update
ch_0006104,Paid,2024-07-27 11:17:19,198.25,aud,Subscription update
ch_0006105,Paid,2024-07-27 13:52:06,371.12,aud,Subscription update
ch_0006106,Paid,2024-07-27 18:25:52,189.57,aud,Subscription update
ch_0006107,Paid,2024-07-28 06:51:23,2401.39,aud,Package initiation
ch_0006108,Paid,2024-07-28 07:03:19,357.68,aud,Subscription creation
ch_0006109,Paid,2024-07-28 08:20:37,611.74,aud,Subscription update
ch_0006110,Paid,2024-07-28 08:22:08,196.2,aud,Subscription update
ch_0006111,Paid,2024-07-28 09:17:22,195.29,aud,Subscription update
ch_0006112,Paid,2024-07-28 10:11:39,346.51,aud,Subscription update
ch_0006113,Paid,2024-07-28 10:14:21,601.15,aud,Subscription update
ch_0006114,Paid,2024-07-28 10:32:39,194.89,aud,Subscription update
ch_0006115,Paid,2024-07-28 10:38:20,204.64,aud,Subscription update
ch_0006116,Paid,2024-07-28 17:11:58,190.87,aud,IV League - Booking
ch_0006117,Paid,2024-07-28 18:26:42,203.3,aud,Subscription update
ch_0006118,Paid,2024-07-29 06:16:37,199.72,aud,Subscription update
ch_0006119,Paid,2024-07-29 08:43:55,202.23,aud,Subscription update
ch_0006120,Paid,2024-07-29 09:27:14,193.73,aud,Subscription creation
ch_0006121,Paid,2024-07-29 09:48:30,604.06,aud,Subscription update
ch_0006122,Paid,2024-07-29 10:50:19,198.02,aud,Subscription update
ch_0006123,Paid,2024-07-29 11:21:52,347.02,aud,Subscription update
ch_0006124,Paid,2024-07-29 14:58:39,350.34,aud,Subscription update
ch_0006125,Paid,2024-07-29 15:54:01,344.14,aud,Subscription update
ch_0006126,Paid,2024-07-29 20:59:25,345.39,aud,Subscription update
ch_0006127,Paid,2024-07-30 11:35:41,602.9,aud,Subscription update
ch_0006128,Paid,2024-07-30 11:45:30,193.72,aud,Subscription update
ch_0006129,Paid,2024-07-30 14:03:22,354.45,aud,Subscription update
ch_0006130,Paid,2024-07-30 16:33:12,198.43,aud,Subscription update
ch_0006131,Paid,2024-07-31 09:24:55,203.07,aud,Subscription update
ch_0006132,Paid,2024-07-31 10:08:39,605.16,aud,Subscription update
ch_0006133,Paid,2024-07-31 10:13:01,342.76,aud,Subscription update
ch_0006134,Paid,2024-07-31 14:10:48,200.72,aud,Subscription update
ch_0006135,Paid,2024-07-31 20:06:17,193.6,aud,Subscription update
ch_0006136,Paid,2024-07-31 20:39:37,602.67,aud,Subscription update
ch_0006137,Paid,2024-08-01 06:24:30,610.09,aud,Subscription update
ch_0006138,Paid,2024-08-01 08:45:25,240.04,aud,IV League - Booking
ch_0006139,Paid,2024-08-01 12:44:18,341.23,aud,Subscription update
ch_0006140,Paid,2024-08-01 14:12:14,348.32,aud,Subscription update
ch_0006141,Paid,2024-08-01 16:42:55,1000.59,aud,Longevity panel
ch_0006142,Paid,2024-08-01 19:13:54,2991.95,aud,Package initiation
ch_0006143,Paid,2024-08-01 19:59:10,340.15,aud,Subscription update
ch_0006144,Paid,2024-08-02 08:49:28,793.57,aud,Longevity panel
ch_0006145,Paid,2024-08-02 11:30:47,189.8,aud,Subscription update
ch_0006146,Paid,2024-08-02 17:00:56,341.38,aud,Subscription update
ch_0006147,Paid,2024-08-02 18:05:46,201.25,aud,Subscription update
ch_0006148,Paid,2024-08-02 19:19:35,601.65,aud,Subscription update
ch_0006149,Paid,2024-08-02 19:36:31,200.22,aud,Subscription creation
ch_0006150,Paid,2024-08-03 07:43:39,352.88,aud,Subscription update
ch_0006151,Paid,2024-08-03 09:26:06,194.67,aud,Subscription update
ch_0006152,Paid,2024-08-03 10:08:23,205.44,aud,Subscription update
ch_0006153,Paid,2024-08-03 12:12:07,201.32,aud,Subscription update
ch_0006154,Paid,2024-08-03 12:49:39,346.79,aud,Subscription creation
ch_0006155,Paid,2024-08-03 14:22:34,201.08,aud,Subscription update
ch_0006156,Paid,2024-08-03 14:39:32,359.78,aud,Subscription update
ch_0006157,Paid,2024-08-03 17:02:20,196.56,aud,Subscription update
ch_0006158,Paid,2024-08-04 09:05:34,206.91,aud,Subscription update
ch_0006159,Paid,2024-08-04 09:45:23,199.17,aud,Subscription creation
ch_0006160,Paid,2024-08-04 12:54:34,348.02,aud,Subscription update
ch_0006161,Paid,2024-08-04 13:35:59,200.66,aud,Subscription update
ch_0006162,Paid,2024-08-04 14:09:13,197.66,aud,Subscription update
ch_0006163,Paid,2024-08-04 16:12:16,590.62,aud,Subscription update
ch_0006164,Paid,2024-08-04 17:13:13,346.46,aud,Subscription update
ch_0006165,Paid,2024-08-04 17:35:17,196.3,aud,Subscription update
ch_0006166,Paid,2024-08-04 18:47:33,201.33,aud,Subscription creation
ch_0006167,Paid,2024-08-04 19:15:59,194.7,aud,Subscription creation
ch_0006168,Paid,2024-08-05 07:38:10,198.22,aud,Subscription update
ch_0006169,Paid,2024-08-05 11:07:33,603.96,aud,Subscription update
ch_0006170,Paid,2024-08-05 11:45:44,192.99,aud,Subscription update
ch_0006171,Paid,2024-08-05 12:31:41,607.71,aud,Subscription update
ch_0006172,Paid,2024-08-05 15:05:01,197.12,aud,Subscription update
ch_0006173,Paid,2024-08-05 18:44:15,196.81,aud,Subscription update
ch_0006174,Paid,2024-08-05 20:20:56,347.52,aud,Subscription update
ch_0006175,Paid,2024-08-06 08:03:58,352.51,aud,Subscription update
ch_0006176,Paid,2024-08-06 08:11:59,200.86,aud,Subscription update
ch_0006177,Paid,2024-08-06 13:07:03,204.02,aud,Subscription update
ch_0006178,Paid,2024-08-06 14:13:03,353.15,aud,Subscription update
ch_0006179,Paid,2024-08-06 14:22:29,208.31,aud,Subscription update
ch_0006180,Paid,2024-08-06 14:57:24,398.49,aud,Initial consultation
ch_0006181,Paid,2024-08-06 16:39:02,201.04,aud,Subscription creation
ch_0006182,Paid,2024-08-06 17:23:34,205.65,aud,Subscription creation
ch_0006183,Paid,2024-08-06 18:37:31,191.76,aud,Subscription update
ch_0006184,Paid,2024-08-06 19:35:21,199.04,aud,Subscription update
ch_0006185,Paid,2024-08-07 06:06:15,347.76,aud,Subscription update
ch_0006186,Paid,2024-08-07 07:49:48,205.61,aud,Subscription update
ch_0006187,Paid,2024-08-07 12:30:43,593.73,aud,Subscription update
ch_0006188,Paid,2024-08-07 15:35:08,195.84,aud,Subscription update
ch_0006189,Paid,2024-08-07 16:36:21,203.98,aud,Subscription update
ch_0006190,Paid,2024-08-07 17:22:01,348.01,aud,Subscription update
ch_0006191,Paid,2024-08-07 17:45:40,200.51,aud,Subscription creation
ch_0006192,Paid,2024-08-07 20:07:32,349.6,aud,Subscription update
ch_0006193,Paid,2024-08-08 10:01:38,200.44,aud,Subscription update
ch_0006194,Paid,2024-08-08 10:11:50,593.36,aud,Subscription update
ch_0006195,Paid,2024-08-08 12:19:55,343.65,aud,Subscription update
ch_0006196,Paid,2024-08-08 13:27:48,191.09,aud,Subscription update
ch_0006197,Paid,2024-08-08 18:09:25,615.46,aud,Subscription update
ch_0006198,Paid,2024-08-08 20:08:56,347.71,aud,Subscription update
ch_0006199,Paid,2024-08-09 11:11:23,201.65,aud,Subscription update
ch_0006200,Paid,2024-08-09 12:00:00,601.04,aud,Subscription update
ch_0006201,Paid,2024-08-09 12:37:48,197.05,aud,Subscription update
ch_0006202,Paid,2024-08-09 12:39:30,352.08,aud,Subscription update
ch_0006203,Paid,2024-08-09 13:11:12,196.31,aud,Subscription creation
ch_0006204,Paid,2024-08-09 15:19:45,348.03,aud,Subscription creation
ch_0006205,Paid,2024-08-09 18:07:36,340.62,aud,Subscription update
ch_0006206,Paid,2024-08-09 19:37:29,193.19,aud,Subscription update
ch_0006207,Paid,2024-08-10 07:20:00,937.09,aud,Invoice payment
ch_0006208,Paid,2024-08-10 09:08:48,245.02,aud,IV League - Booking
ch_0006209,Paid,2024-08-10 09:24:04,587.13,aud,Subscription update
ch_0006210,Paid,2024-08-10 10:24:55,199.37,aud,Subscription update
ch_0006211,Paid,2024-08-10 11:28:10,342.86,aud,Subscription update
ch_0006212,Paid,2024-08-10 13:24:58,345.7,aud,Subscription update
ch_0006213,Paid,2024-08-10 14:40:46,363.63,aud,Subscription update
ch_0006214,Paid,2024-08-10 14:59:45,353.14,aud,Subscription update
ch_0006215,Paid,2024-08-10 16:45:07,204.65,aud,Subscription update
ch_0006216,Paid,2024-08-10 17:41:33,340.02,aud,Subscription update
ch_0006217,Paid,2024-08-10 20:27:59,348.93,aud,Subscription update
ch_0006218,Paid,2024-08-11 08:06:21,606.35,aud,Subscription update
ch_0006219,Paid,2024-08-11 08:53:02,197.14,aud,Subscription update
ch_0006220,Paid,2024-08-11 19:12:06,581.49,aud,Subscription update
ch_0006221,Paid,2024-08-12 06:50:04,606.77,aud,Subscription update
ch_0006222,Paid,2024-08-12 08:51:10,201.39,aud,Subscription update
ch_0006223,Paid,2024-08-12 09:27:28,191.87,aud,Subscription creation
ch_0006224,Paid,2024-08-12 09:48:36,205.56,aud,Subscription update
ch_0006225,Paid,2024-08-12 11:39:04,599.45,aud,Subscription update
ch_0006226,Paid,2024-08-12 12:13:15,194.72,aud,Subscription update
ch_0006227,Paid,2024-08-12 15:29:33,196.84,aud,Subscription update
ch_0006228,Paid,2024-08-12 17:31:38,193.84,aud,Subscription update
ch_0006229,Paid,2024-08-12 18:48:15,343.47,aud,Subscription update
ch_0006230,Paid,2024-08-13 06:42:21,198.45,aud,IV League - Booking
ch_0006231,Paid,2024-08-13 12:54:16,180.15,aud,IV League - Booking
ch_0006232,Paid,2024-08-13 19:46:09,348.15,aud,Subscription update
ch_0006233,Paid,2024-08-14 06:39:05,343.19,aud,Subscription update
ch_0006234,Paid,2024-08-14 07:34:50,594.58,aud,Subscription update
ch_0006235,Paid,2024-08-14 08:16:50,340.29,aud,Subscription update
ch_0006236,Paid,2024-08-14 14:13:48,348.63,aud,Subscription update
ch_0006237,Paid,2024-08-14 16:39:55,354.69,aud,Subscription creation
ch_0006238,Paid,2024-08-14 18:39:37,354.46,aud,Subscription update
ch_0006239,Paid,2024-08-14 19:22:27,587.6,aud,Subscription update
ch_0006240,Paid,2024-08-14 19:53:52,201.85,aud,Subscription update
ch_0006241,Paid,2024-08-14 20:24:36,197.16,aud,Subscription creation
ch_0006242,Paid,2024-08-15 06:01:38,351.16,aud,Subscription update
ch_0006243,Paid,2024-08-15 11:08:32,199.03,aud,Subscription update
ch_0006244,Paid,2024-08-15 12:46:26,352.77,aud,Subscription update
ch_0006245,Paid,2024-08-15 14:45:59,200.18,aud,Subscription update
ch_0006246,Paid,2024-08-15 14:50:07,364.19,aud,Subscription update
ch_0006247,Paid,2024-08-15 17:39:22,202.29,aud,Subscription update
ch_0006248,Paid,2024-08-15 19:44:24,220.36,aud,Initial consultation
ch_0006249,Paid,2024-08-16 06:28:50,354.77,aud,Subscription update
ch_0006250,Paid,2024-08-16 08:48:26,341.17,aud,Subscription update
ch_0006251,Paid,2024-08-16 09:04:21,206.26,aud,Subscription update
ch_0006252,Paid,2024-08-16 12:06:06,341.74,aud,Subscription creation
ch_0006253,Paid,2024-08-16 13:31:02,203.79,aud,Subscription update
ch_0006254,Paid,2024-08-16 14:05:26,199.11,aud,Subscription update
ch_0006255,Paid,2024-08-16 20:10:54,196.89,aud,Subscription creation
ch_0006256,Paid,2024-08-17 09:46:31,196.83,aud,Subscription update
ch_0006257,Paid,2024-08-17 11:10:46,198.83,aud,Subscription update
ch_0006258,Paid,2024-08-17 12:14:56,205.16,aud,Subscription update
ch_0006259,Paid,2024-08-17 12:27:35,192.55,aud,Subscription update
ch_0006260,Paid,2024-08-17 14:48:04,196.94,aud,Subscription update
ch_0006261,Paid,2024-08-17 15:03:08,202.94,aud,Subscription update
ch_0006262,Paid,2024-08-17 16:25:49,184.15,aud,IV League - Booking
ch_0006263,Paid,2024-08-17 20:02:29,605.82,aud,Subscription creation
ch_0006264,Paid,2024-08-17 20:55:53,345.97,aud,Subscription update
ch_0006265,Paid,2024-08-18 06:34:34,196.71,aud,Subscription update
ch_0006266,Paid,2024-08-18 09:45:57,351.08,aud,Subscription update
ch_0006267,Paid,2024-08-18 10:46:55,201.21,aud,Subscription update
ch_0006268,Paid,2024-08-18 10:48:24,341.89,aud,Subscription update
ch_0006269,Paid,2024-08-18 16:01:52,196.79,aud,Subscription update
ch_0006270,Paid,2024-08-18 18:52:02,205.12,aud,Subscription update
ch_0006271,Paid,2024-08-19 08:39:12,209.29,aud,Subscription update
ch_0006272,Paid,2024-08-19 09:27:00,593.58,aud,Subscription update
ch_0006273,Paid,2024-08-19 11:10:35,265.68,aud,IV League - Booking
ch_0006274,Paid,2024-08-19 12:21:51,605.12,aud,Subscription update
ch_0006275,Paid,2024-08-19 13:21:57,597.3,aud,Subscription update
ch_0006276,Paid,2024-08-19 13:22:56,203.09,aud,Subscription update
ch_0006277,Paid,2024-08-19 13:28:43,348.04,aud,Subscription update
ch_0006278,Paid,2024-08-19 14:23:34,201.03,aud,Subscription update
ch_0006279,Paid,2024-08-19 14:23:37,340.51,aud,Subscription update
ch_0006280,Paid,2024-08-19 16:42:53,193.21,aud,Subscription update
ch_0006281,Paid,2024-08-19 18:09:01,608.22,aud,Subscription update
ch_0006282,Paid,2024-08-19 19:54:49,196.33,aud,Subscription update
ch_0006283,Paid,2024-08-19 19:55:38,597.63,aud,Subscription update
ch_0006284,Paid,2024-08-19 20:13:34,611.96,aud,Subscription update
ch_0006285,Paid,2024-08-20 06:07:35,356.08,aud,Subscription update
ch_0006286,Paid,2024-08-20 08:32:14,2392.43,aud,Package initiation
ch_0006287,Paid,2024-08-20 08:48:55,589.86,aud,Subscription update
ch_0006288,Paid,2024-08-20 10:39:50,351.57,aud,Subscription creation
ch_0006289,Paid,2024-08-20 12:29:18,190.57,aud,Subscription update
ch_0006290,Paid,2024-08-20 12:54:54,201.58,aud,Subscription update
ch_0006291,Paid,2024-08-20 12:58:41,193.75,aud,Subscription update
ch_0006292,Paid,2024-08-20 14:47:38,1630.0,aud,Invoice payment
ch_0006293,Paid,2024-08-20 15:00:34,191.12,aud,Subscription update
ch_0006294,Paid,2024-08-20 15:07:59,361.34,aud,Subscription update
ch_0006295,Paid,2024-08-20 15:24:27,195.24,aud,Subscription update
ch_0006296,Paid,2024-08-20 15:32:52,347.51,aud,Subscription creation
ch_0006297,Paid,2024-08-20 16:32:22,601.27,aud,Subscription update
ch_0006298,Paid,2024-08-20 17:11:35,344.1,aud,Subscription update
ch_0006299,Paid,2024-08-20 17:26:44,193.18,aud,Subscription creation
ch_0006300,Paid,2024-08-20 19:14:19,348.09,aud,Subscription update
ch_0006301,Paid,2024-08-20 20:30:28,197.37,aud,Subscription update
ch_0006302,Paid,2024-08-20 20:50:54,195.66,aud,Subscription update
ch_0006303,Paid,2024-08-21 07:14:01,192.74,aud,Subscription update
ch_0006304,Paid,2024-08-21 07:14:07,335.84,aud,Subscription update
ch_0006305,Paid,2024-08-21 08:36:48,200.21,aud,Subscription creation
ch_0006306,Paid,2024-08-21 12:00:03,201.11,aud,Subscription update
ch_0006307,Paid,2024-08-21 12:57:30,196.81,aud,Subscription update
ch_0006308,Paid,2024-08-21 16:47:00,200.51,aud,Subscription update
ch_0006309,Paid,2024-08-21 19:18:54,356.53,aud,Subscription update
ch_0006310,Paid,2024-08-22 09:11:20,208.34,aud,Subscription update
ch_0006311,Paid,2024-08-22 10:39:43,194.5,aud,Subscription update
ch_0006312,Paid,2024-08-22 12:44:15,203.8,aud,Subscription update
ch_0006313,Paid,2024-08-22 14:41:55,193.72,aud,Subscription update
ch_0006314,Paid,2024-08-22 16:08:12,202.85,aud,Subscription update
ch_0006315,Paid,2024-08-22 16:51:33,355.03,aud,Subscription update
ch_0006316,Paid,2024-08-22 17:14:06,239.21,aud,IV League - Booking
ch_0006317,Paid,2024-08-23 09:32:20,1381.16,aud,Package initiation
ch_0006318,Paid,2024-08-23 14:54:18,352.38,aud,Subscription update
ch_0006319,Paid,2024-08-23 15:21:27,594.17,aud,Subscription update
ch_0006320,Paid,2024-08-23 15:33:57,203.58,aud,Subscription creation
ch_0006321,Paid,2024-08-23 16:08:08,197.13,aud,Subscription update
ch_0006322,Paid,2024-08-23 17:37:17,346.92,aud,Subscription update
ch_0006323,Paid,2024-08-23 19:52:37,358.11,aud,Subscription creation
ch_0006324,Paid,2024-08-24 06:07:31,201.62,aud,Subscription update
ch_0006325,Paid,2024-08-24 07:13:50,204.97,aud,Subscription creation
ch_0006326,Paid,2024-08-24 07:25:22,195.42,aud,Subscription update
ch_0006327,Paid,2024-08-25 09:05:07,363.93,aud,Subscription update
ch_0006328,Paid,2024-08-25 11:17:25,351.04,aud,Subscription update
ch_0006329,Paid,2024-08-25 14:21:22,332.82,aud,IV League - Booking
ch_0006330,Paid,2024-08-25 17:23:52,343.3,aud,Subscription update
ch_0006331,Paid,2024-08-26 07:07:37,343.99,aud,Subscription update
ch_0006332,Paid,2024-08-26 07:20:18,355.95,aud,Subscription update
ch_0006333,Paid,2024-08-26 09:54:24,345.63,aud,Subscription update
ch_0006334,Paid,2024-08-26 09:58:13,195.69,aud,Subscription update
ch_0006335,Paid,2024-08-26 12:41:59,600.85,aud,Subscription update
ch_0006336,Paid,2024-08-26 17:38:58,197.47,aud,Subscription update
ch_0006337,Paid,2024-08-27 08:59:08,359.33,aud,Subscription update
ch_0006338,Paid,2024-08-27 10:00:50,188.97,aud,Subscription update
ch_0006339,Paid,2024-08-27 10:05:16,199.49,aud,Subscription update
ch_0006340,Paid,2024-08-27 10:49:39,601.3,aud,Subscription update
ch_0006341,Paid,2024-08-27 11:43:09,201.35,aud,Subscription update
ch_0006342,Paid,2024-08-27 13:45:54,193.65,aud,Subscription update
ch_0006343,Paid,2024-08-27 16:03:53,196.91,aud,Subscription update
ch_0006344,Paid,2024-08-27 16:07:21,196.71,aud,Subscription update
ch_0006345,Paid,2024-08-27 20:45:27,196.13,aud,Subscription creation
ch_0006346,Paid,2024-08-28 06:31:47,351.63,aud,Subscription update
ch_0006347,Paid,2024-08-28 07:10:35,589.47,aud,Subscription update
ch_0006348,Paid,2024-08-28 08:13:08,198.13,aud,Subscription update
ch_0006349,Paid,2024-08-28 08:52:48,196.91,aud,Subscription update
ch_0006350,Paid,2024-08-28 17:05:47,350.76,aud,Subscription update
ch_0006351,Paid,2024-08-29 06:42:22,202.33,aud,Subscription update
ch_0006352,Paid,2024-08-29 09:33:34,196.98,aud,Subscription update
ch_0006353,Paid,2024-08-29 10:32:38,185.69,aud,Subscription update
ch_0006354,Paid,2024-08-29 11:07:00,197.48,aud,Subscription update
ch_0006355,Paid,2024-08-29 13:52:36,345.27,aud,Subscription update
ch_0006356,Paid,2024-08-29 14:28:40,354.0,aud,Subscription update
ch_0006357,Paid,2024-08-29 20:23:07,203.79,aud,Subscription update
ch_0006358,Paid,2024-08-29 20:25:34,606.45,aud,Subscription update
ch_0006359,Paid,2024-08-30 11:01:32,342.43,aud,Subscription update
ch_0006360,Paid,2024-08-30 11:31:56,201.12,aud,Subscription update
ch_0006361,Paid,2024-08-30 12:06:49,195.06,aud,Subscription update
ch_0006362,Paid,2024-08-30 12:23:28,204.18,aud,Subscription creation
ch_0006363,Paid,2024-08-30 13:58:10,354.11,aud,Subscription update
ch_0006364,Paid,2024-08-30 16:54:25,343.59,aud,Subscription update
ch_0006365,Paid,2024-08-30 20:54:44,195.12,aud,Subscription update
ch_0006366,Paid,2024-08-31 09:31:28,206.69,aud,Subscription update
ch_0006367,Paid,2024-08-31 11:06:42,195.12,aud,Subscription update
ch_0006368,Paid,2024-08-31 12:58:06,196.93,aud,Subscription update
ch_0006369,Paid,2024-08-31 13:42:33,200.31,aud,Subscription update
ch_0006370,Paid,2024-08-31 16:03:53,190.81,aud,Subscription update
ch_0006371,Paid,2024-08-31 16:07:49,208.1,aud,Subscription update
ch_0006372,Paid,2024-09-01 07:21:52,348.39,aud,Subscription update
ch_0006373,Paid,2024-09-01 08:36:01,199.28,aud,Subscription update
ch_0006374,Paid,2024-09-01 10:52:04,355.4,aud,Subscription update
ch_0006375,Paid,2024-09-01 14:48:02,199.92,aud,Subscription update
ch_0006376,Paid,2024-09-01 18:39:48,345.45,aud,Subscription update
ch_0006377,Paid,2024-09-01 19:41:12,345.03,aud,Subscription update
ch_0006378,Paid,2024-09-01 19:44:12,201.26,aud,Subscription update
ch_0006379,Paid,2024-09-01 20:32:55,201.08,aud,Subscription update
ch_0006380,Paid,2024-09-02 07:27:25,202.66,aud,Subscription update
ch_0006381,Paid,2024-09-02 08:36:23,340.25,aud,Subscription update
ch_0006382,Paid,2024-09-02 09:29:53,605.84,aud,Subscription update
ch_0006383,Paid,2024-09-02 10:10:48,338.8,aud,Subscription update
ch_0006384,Paid,2024-09-02 12:16:00,190.89,aud,Subscription update
ch_0006385,Paid,2024-09-02 12:35:42,350.83,aud,Subscription update
ch_0006386,Paid,2024-09-02 13:10:07,348.46,aud,Subscription update
ch_0006387,Paid,2024-09-02 13:19:10,209.02,aud,Subscription update
ch_0006388,Paid,2024-09-02 14:43:29,202.14,aud,Subscription update
ch_0006389,Paid,2024-09-02 15:23:22,242.34,aud,IV League - Booking
ch_0006390,Paid,2024-09-02 16:48:11,344.51,aud,Subscription update
ch_0006391,Paid,2024-09-02 17:25:40,201.65,aud,Subscription update
ch_0006392,Paid,2024-09-02 18:43:57,202.33,aud,Subscription update
ch_0006393,Paid,2024-09-02 20:21:33,290.58,aud,Initial consultation
ch_0006394,Paid,2024-09-03 10:33:54,195.13,aud,Subscription update
ch_0006395,Paid,2024-09-03 10:44:47,203.01,aud,Subscription update
ch_0006396,Paid,2024-09-03 12:58:11,197.8,aud,Subscription update
ch_0006397,Paid,2024-09-03 14:05:52,343.73,aud,Subscription update
ch_0006398,Paid,2024-09-03 15:13:52,1027.51,aud,Longevity panel
ch_0006399,Paid,2024-09-03 16:52:57,196.41,aud,Subscription update
ch_0006400,Paid,2024-09-03 16:53:02,351.85,aud,Subscription update
ch_0006401,Paid,2024-09-03 17:40:00,583.55,aud,Subscription update
ch_0006402,Paid,2024-09-03 17:54:53,596.95,aud,Subscription update
ch_0006403,Paid,2024-09-03 18:00:44,199.11,aud,Subscription update
ch_0006404,Paid,2024-09-03 18:52:59,196.6,aud,Subscription creation
ch_0006405,Paid,2024-09-03 19:02:44,352.16,aud,Subscription update
ch_0006406,Paid,2024-09-03 19:46:38,191.99,aud,Subscription creation
ch_0006407,Paid,2024-09-04 06:30:16,348.23,aud,Subscription update
ch_0006408,Paid,2024-09-04 07:15:12,200.37,aud,Subscription update
ch_0006409,Paid,2024-09-04 08:04:27,201.14,aud,Subscription update
ch_0006410,Paid,2024-09-04 08:27:56,605.11,aud,Subscription update
ch_0006411,Paid,2024-09-04 09:09:19,201.72,aud,Subscription update
ch_0006412,Paid,2024-09-04 10:58:57,341.22,aud,Subscription update
ch_0006413,Paid,2024-09-04 18:04:13,202.23,aud,Subscription update
ch_0006414,Paid,2024-09-04 19:18:03,203.3,aud,Subscription update
ch_0006415,Paid,2024-09-05 08:36:13,615.47,aud,Subscription update
ch_0006416,Paid,2024-09-05 10:35:48,361.4,aud,Subscription update
ch_0006417,Paid,2024-09-05 10:42:36,614.7,aud,Subscription update
ch_0006418,Paid,2024-09-05 14:00:36,349.38,aud,Subscription update
ch_0006419,Paid,2024-09-05 16:16:05,347.42,aud,Subscription update
ch_0006420,Paid,2024-09-06 09:53:31,201.31,aud,Subscription update
ch_0006421,Paid,2024-09-06 13:17:47,197.05,aud,Subscription creation
ch_0006422,Paid,2024-09-06 17:10:48,339.66,aud,Subscription update
ch_0006423,Paid,2024-09-06 17:39:50,201.41,aud,Subscription update
ch_0006424,Paid,2024-09-06 18:26:11,202.24,aud,Subscription update
ch_0006425,Paid,2024-09-06 19:13:42,200.82,aud,Subscription update
ch_0006426,Paid,2024-09-07 07:57:54,351.94,aud,Subscription update
ch_0006427,Paid,2024-09-07 15:47:51,199.67,aud,Subscription update
ch_0006428,Paid,2024-09-07 16:11:14,354.35,aud,Subscription update
ch_0006429,Paid,2024-09-07 17:22:19,204.05,aud,Subscription update
ch_0006430,Paid,2024-09-07 18:05:24,202.62,aud,Subscription update
ch_0006431,Paid,2024-09-07 19:42:25,343.71,aud,Subscription update
ch_0006432,Paid,2024-09-08 08:21:50,194.26,aud,Subscription update
ch_0006433,Paid,2024-09-08 08:21:53,605.25,aud,Subscription creation
ch_0006434,Paid,2024-09-08 10:30:23,206.12,aud,Subscription update
ch_0006435,Paid,2024-09-08 13:02:16,345.88,aud,Subscription update
ch_0006436,Paid,2024-09-08 13:12:04,203.83,aud,Subscription update
ch_0006437,Paid,2024-09-08 15:17:28,197.89,aud,Subscription creation
ch_0006438,Paid,2024-09-08 20:59:13,340.72,aud,Subscription update
ch_0006439,Paid,2024-09-09 06:54:15,1098.08,aud,Longevity panel
ch_0006440,Paid,2024-09-09 06:56:23,198.98,aud,Subscription update
ch_0006441,Paid,2024-09-09 09:37:04,205.33,aud,Subscription update
ch_0006442,Paid,2024-09-09 10:16:21,197.86,aud,Subscription creation
ch_0006443,Paid,2024-09-09 10:30:46,341.26,aud,Subscription update
ch_0006444,Paid,2024-09-09 14:12:06,191.15,aud,Subscription update
ch_0006445,Paid,2024-09-09 17:39:22,357.37,aud,Subscription update
ch_0006446,Paid,2024-09-09 18:29:55,198.08,aud,Subscription update
ch_0006447,Paid,2024-09-09 18:37:02,353.25,aud,Subscription update
ch_0006448,Paid,2024-09-09 19:12:00,194.56,aud,Subscription update
ch_0006449,Paid,2024-09-09 20:01:25,358.0,aud,Initial consultation
ch_0006450,Paid,2024-09-09 20:34:38,341.0,aud,Subscription update
ch_0006451,Paid,2024-09-10 06:20:51,229.37,aud,IV League - Booking
ch_0006452,Paid,2024-09-10 06:32:09,200.19,aud,Subscription update
ch_0006453,Paid,2024-09-10 06:41:21,202.95,aud,Subscription update
ch_0006454,Paid,2024-09-10 07:04:11,352.34,aud,Subscription update
ch_0006455,Paid,2024-09-10 08:19:29,336.94,aud,Subscription update
ch_0006456,Paid,2024-09-10 12:17:37,202.99,aud,Subscription creation
ch_0006457,Paid,2024-09-10 16:56:39,349.83,aud,Subscription update
ch_0006458,Paid,2024-09-10 18:34:43,196.73,aud,Subscription update
ch_0006459,Paid,2024-09-10 20:21:15,349.76,aud,Subscription update
ch_0006460,Paid,2024-09-11 06:07:20,592.31,aud,Subscription update
ch_0006461,Paid,2024-09-11 07:26:59,349.81,aud,Subscription update
ch_0006462,Paid,2024-09-11 07:40:11,204.2,aud,Subscription update
ch_0006463,Paid,2024-09-11 07:53:30,591.08,aud,Subscription update
ch_0006464,Paid,2024-09-11 11:13:42,204.14,aud,Subscription creation
ch_0006465,Paid,2024-09-11 14:03:23,199.99,aud,Subscription update
ch_0006466,Paid,2024-09-11 14:22:10,592.34,aud,Subscription creation
ch_0006467,Paid,2024-09-11 15:15:32,333.66,aud,Subscription update
ch_0006468,Paid,2024-09-11 15:28:14,337.28,aud,Subscription update
ch_0006469,Paid,2024-09-11 16:08:44,199.95,aud,Subscription update
ch_0006470,Paid,2024-09-11 17:17:37,204.67,aud,Subscription update
ch_0006471,Paid,2024-09-11 18:46:23,352.63,aud,Subscription update
ch_0006472,Paid,2024-09-11 20:36:43,350.97,aud,Subscription update
ch_0006473,Paid,2024-09-12 09:27:07,359.69,aud,Subscription update
ch_0006474,Paid,2024-09-12 18:41:27,192.14,aud,Subscription update
ch_0006475,Paid,2024-09-12 19:16:45,200.05,aud,Subscription update
ch_0006476,Paid,2024-09-12 19:49:39,204.12,aud,Subscription update
ch_0006477,Paid,2024-09-12 20:16:56,193.91,aud,Subscription update
ch_0006478,Paid,2024-09-13 09:52:25,230.14,aud,IV League - Booking
ch_0006479,Paid,2024-09-13 11:50:57,357.15,aud,Subscription update
ch_0006480,Paid,2024-09-13 15:28:39,350.54,aud,Subscription update
ch_0006481,Paid,2024-09-13 16:18:57,193.97,aud,Subscription creation
ch_0006482,Paid,2024-09-13 16:19:23,336.86,aud,Subscription creation
ch_0006483,Paid,2024-09-13 16:33:16,202.61,aud,Subscription update
ch_0006484,Paid,2024-09-14 09:41:31,612.67,aud,Subscription update
ch_0006485,Paid,2024-09-14 10:27:04,199.96,aud,Subscription update
ch_0006486,Paid,2024-09-14 10:29:29,592.37,aud,Subscription update
ch_0006487,Paid,2024-09-14 12:25:33,201.15,aud,Subscription update
ch_0006488,Paid,2024-09-14 12:40:31,341.67,aud,Subscription update
ch_0006489,Paid,2024-09-14 18:29:17,204.43,aud,Subscription update
ch_0006490,Paid,2024-09-14 20:01:14,200.69,aud,Subscription update
ch_0006491,Paid,2024-09-15 08:06:54,197.29,aud,Subscription update
ch_0006492,Paid,2024-09-15 08:56:06,194.83,aud,Subscription update
ch_0006493,Paid,2024-09-15 10:46:47,249.92,aud,IV League - Booking
ch_0006494,Paid,2024-09-15 10:50:01,599.43,aud,Subscription update
ch_0006495,Paid,2024-09-15 11:26:58,817.32,aud,Longevity panel
ch_0006496,Paid,2024-09-15 11:33:31,200.9,aud,Subscription update
ch_0006497,Paid,2024-09-15 11:38:09,196.97,aud,Subscription update
ch_0006498,Paid,2024-09-15 13:54:18,358.77,aud,Subscription update
ch_0006499,Paid,2024-09-15 14:00:00,202.07,aud,Subscription update
ch_0006500,Paid,2024-09-15 16:19:04,300.55,aud,IV League - Booking
ch_0006501,Paid,2024-09-16 09:09:25,356.35,aud,Subscription update
ch_0006502,Paid,2024-09-16 10:19:09,194.29,aud,Subscription creation
ch_0006503,Paid,2024-09-16 11:00:33,593.79,aud,Subscription update
ch_0006504,Paid,2024-09-16 12:04:09,353.48,aud,Subscription update
ch_0006505,Paid,2024-09-16 13:21:56,2588.07,aud,Package initiation
ch_0006506,Paid,2024-09-16 14:02:21,262.75,aud,IV League - Booking
ch_0006507,Paid,2024-09-16 14:08:29,200.82,aud,Subscription update
ch_0006508,Paid,2024-09-16 15:43:33,203.65,aud,Subscription update
ch_0006509,Paid,2024-09-17 06:36:00,204.29,aud,Subscription update
ch_0006510,Paid,2024-09-17 07:43:33,201.56,aud,Subscription update
ch_0006511,Paid,2024-09-17 11:23:05,196.02,aud,Subscription update
ch_0006512,Paid,2024-09-17 12:37:25,344.43,aud,Subscription update
ch_0006513,Paid,2024-09-17 12:42:41,345.7,aud,Subscription update
ch_0006514,Paid,2024-09-17 13:55:03,590.18,aud,Subscription update
ch_0006515,Paid,2024-09-17 14:30:17,349.67,aud,Subscription update
ch_0006516,Paid,2024-09-17 14:50:17,197.21,aud,Subscription update
ch_0006517,Paid,2024-09-17 17:23:33,194.34,aud,Subscription update
ch_0006518,Paid,2024-09-17 17:54:52,621.2,aud,Subscription update
ch_0006519,Paid,2024-09-18 06:14:02,203.84,aud,Subscription creation
ch_0006520,Paid,2024-09-18 08:37:05,196.86,aud,Subscription update
ch_0006521,Paid,2024-09-18 08:53:41,319.81,aud,IV League - Booking
ch_0006522,Paid,2024-09-18 11:24:59,350.99,aud,Subscription update
ch_0006523,Paid,2024-09-18 13:01:17,348.39,aud,Subscription update
ch_0006524,Paid,2024-09-18 16:21:53,349.1,aud,Subscription update
ch_0006525,Paid,2024-09-18 17:37:51,195.63,aud,Subscription update
ch_0006526,Paid,2024-09-18 17:43:43,201.15,aud,Subscription update
ch_0006527,Paid,2024-09-18 19:14:41,346.19,aud,Subscription update
ch_0006528,Paid,2024-09-19 06:18:52,352.76,aud,Subscription update
ch_0006529,Paid,2024-09-19 06:37:22,346.04,aud,Subscription update
ch_0006530,Paid,2024-09-19 09:53:02,196.0,aud,Subscription update
ch_0006531,Paid,2024-09-19 12:56:55,200.62,aud,Subscription update
ch_0006532,Paid,2024-09-19 13:23:23,340.05,aud,Subscription update
ch_0006533,Paid,2024-09-19 14:25:29,331.04,aud,IV League - Booking
ch_0006534,Paid,2024-09-19 14:47:35,320.24,aud,IV League - Booking
ch_0006535,Paid,2024-09-19 15:30:24,598.88,aud,Subscription update
ch_0006536,Paid,2024-09-19 16:13:57,356.49,aud,Subscription creation
ch_0006537,Paid,2024-09-19 17:20:29,596.15,aud,Subscription update
ch_0006538,Paid,2024-09-19 19:48:55,202.44,aud,Subscription creation
ch_0006539,Paid,2024-09-20 06:49:47,201.23,aud,Subscription update
ch_0006540,Paid,2024-09-20 08:02:16,603.04,aud,Subscription update
ch_0006541,Paid,2024-09-20 08:38:41,364.68,aud,Subscription update
ch_0006542,Paid,2024-09-20 11:13:22,203.22,aud,Subscription creation
ch_0006543,Paid,2024-09-20 12:10:45,191.55,aud,Subscription update
ch_0006544,Paid,2024-09-20 13:25:53,605.26,aud,Subscription creation
ch_0006545,Paid,2024-09-20 18:31:54,205.7,aud,Subscription update
ch_0006546,Paid,2024-09-20 20:03:52,579.2,aud,Subscription update
ch_0006547,Paid,2024-09-21 07:19:57,191.34,aud,Subscription update
ch_0006548,Paid,2024-09-21 12:13:40,192.1,aud,Subscription update
ch_0006549,Paid,2024-09-21 18:55:56,350.53,aud,Subscription update
ch_0006550,Paid,2024-09-21 20:11:52,342.43,aud,Subscription update
ch_0006551,Paid,2024-09-22 10:01:57,195.28,aud,Subscription update
ch_0006552,Paid,2024-09-22 11:33:46,616.7,aud,Subscription update
ch_0006553,Paid,2024-09-22 12:14:25,192.59,aud,Subscription update
ch_0006554,Paid,2024-09-22 14:14:07,608.79,aud,Subscription update
ch_0006555,Paid,2024-09-22 14:56:22,196.39,aud,Subscription update
ch_0006556,Paid,2024-09-22 15:42:07,201.77,aud,Subscription update
ch_0006557,Paid,2024-09-22 19:03:04,355.83,aud,Subscription update
ch_0006558,Paid,2024-09-23 07:27:12,591.5,aud,Subscription creation
ch_0006559,Paid,2024-09-23 11:25:42,199.11,aud,Subscription update
ch_0006560,Paid,2024-09-23 11:39:43,356.67,aud,Subscription update
ch_0006561,Paid,2024-09-23 11:40:31,347.32,aud,Subscription creation
ch_0006562,Paid,2024-09-23 11:57:03,194.54,aud,Subscription update
ch_0006563,Paid,2024-09-23 15:47:59,196.59,aud,Subscription update
ch_0006564,Paid,2024-09-24 06:52:23,200.41,aud,Subscription update
ch_0006565,Paid,2024-09-24 08:58:44,622.0,aud,Subscription update
ch_0006566,Paid,2024-09-24 09:43:30,198.31,aud,Subscription update
ch_0006567,Paid,2024-09-24 10:39:17,195.23,aud,Subscription update
ch_0006568,Paid,2024-09-24 12:46:23,196.08,aud,Subscription update
ch_0006569,Paid,2024-09-24 13:31:54,200.43,aud,Subscription update
ch_0006570,Paid,2024-09-24 17:10:11,599.43,aud,Subscription update
ch_0006571,Paid,2024-09-24 19:55:01,197.77,aud,Subscription creation
ch_0006572,Paid,2024-09-25 06:21:59,354.87,aud,Subscription update
ch_0006573,Paid,2024-09-25 11:22:48,585.11,aud,Subscription update
ch_0006574,Paid,2024-09-25 11:47:56,198.25,aud,Subscription update
ch_0006575,Paid,2024-09-25 12:45:00,198.23,aud,Subscription update
ch_0006576,Paid,2024-09-25 13:08:13,597.71,aud,Subscription update
ch_0006577,Paid,2024-09-25 13:29:10,203.33,aud,Subscription update
ch_0006578,Paid,2024-09-25 13:46:31,605.17,aud,Subscription update
ch_0006579,Paid,2024-09-25 14:08:55,348.15,aud,Subscription update
ch_0006580,Paid,2024-09-25 16:19:30,195.85,aud,Subscription update
ch_0006581,Paid,2024-09-25 17:03:22,188.68,aud,Subscription update
ch_0006582,Paid,2024-09-26 06:09:05,194.74,aud,Subscription update
ch_0006583,Paid,2024-09-26 07:23:54,194.18,aud,Subscription update
ch_0006584,Paid,2024-09-26 11:51:54,346.81,aud,Subscription update
ch_0006585,Paid,2024-09-26 13:53:40,200.03,aud,Subscription creation
ch_0006586,Paid,2024-09-26 14:24:47,194.73,aud,Subscription update
ch_0006587,Paid,2024-09-27 06:04:28,620.25,aud,Subscription update
ch_0006588,Paid,2024-09-27 06:52:51,191.57,aud,Subscription update
ch_0006589,Paid,2024-09-27 08:56:02,353.16,aud,Subscription creation
ch_0006590,Paid,2024-09-27 09:31:24,203.62,aud,Subscription update
ch_0006591,Paid,2024-09-27 09:37:52,194.11,aud,Subscription update
ch_0006592,Paid,2024-09-27 09:41:19,359.76,aud,Subscription update
ch_0006593,Paid,2024-09-27 10:35:21,202.0,aud,Subscription update
ch_0006594,Paid,2024-09-27 10:47:06,190.09,aud,Subscription update
ch_0006595,Paid,2024-09-27 13:05:20,202.63,aud,Subscription update
ch_0006596,Paid,2024-09-27 13:06:35,344.21,aud,Subscription update
ch_0006597,Paid,2024-09-27 15:24:51,195.98,aud,Subscription update
ch_0006598,Paid,2024-09-27 16:17:58,341.53,aud,Subscription update
ch_0006599,Paid,2024-09-27 20:17:22,195.6,aud,Subscription update
ch_0006600,Paid,2024-09-27 20:25:15,346.77,aud,Subscription update
ch_0006601,Paid,2024-09-28 09:50:13,203.22,aud,Subscription update
ch_0006602,Paid,2024-09-28 11:13:40,255.42,aud,IV League - Booking
ch_0006603,Paid,2024-09-28 12:21:01,194.79,aud,Subscription update
ch_0006604,Paid,2024-09-28 14:15:52,602.6,aud,Subscription creation
ch_0006605,Paid,2024-09-28 16:31:08,359.29,aud,Subscription update
ch_0006606,Paid,2024-09-29 07:12:29,200.93,aud,Subscription update
ch_0006607,Paid,2024-09-29 08:44:01,197.79,aud,Subscription update
ch_0006608,Paid,2024-09-29 13:42:45,175.58,aud,IV League - Booking
ch_0006609,Paid,2024-09-29 19:16:16,198.75,aud,Subscription update
ch_0006610,Paid,2024-09-30 06:16:36,201.1,aud,Subscription creation
ch_0006611,Paid,2024-09-30 06:50:25,207.32,aud,Subscription update
ch_0006612,Paid,2024-09-30 07:34:05,343.79,aud,Subscription update
ch_0006613,Paid,2024-09-30 08:22:26,200.88,aud,Subscription update
ch_0006614,Paid,2024-09-30 08:33:12,201.24,aud,Subscription update
ch_0006615,Paid,2024-09-30 08:44:39,363.87,aud,Subscription update
ch_0006616,Paid,2024-09-30 13:18:20,354.88,aud,Subscription update
ch_0006617,Paid,2024-09-30 13:18:40,344.47,aud,Subscription update
ch_0006618,Paid,2024-09-30 13:35:19,199.37,aud,Subscription update
ch_0006619,Paid,2024-10-01 08:52:07,187.87,aud,Subscription update
ch_0006620,Paid,2024-10-01 09:47:53,198.62,aud,Subscription update
ch_0006621,Paid,2024-10-01 12:44:19,198.3,aud,Subscription update
ch_0006622,Paid,2024-10-01 13:37:57,207.94,aud,Subscription update
ch_0006623,Paid,2024-10-01 13:49:14,203.49,aud,Subscription update
ch_0006624,Paid,2024-10-01 15:01:37,356.5,aud,Subscription update
ch_0006625,Paid,2024-10-01 15:59:54,208.03,aud,Subscription update
ch_0006626,Paid,2024-10-01 17:51:42,591.21,aud,Subscription creation
ch_0006627,Paid,2024-10-01 19:46:26,196.07,aud,Subscription update
ch_0006628,Paid,2024-10-02 08:03:26,190.38,aud,Subscription update
ch_0006629,Paid,2024-10-02 11:12:54,198.97,aud,Subscription update
ch_0006630,Paid,2024-10-02 11:13:09,202.46,aud,Subscription update
ch_0006631,Paid,2024-10-02 11:49:07,197.29,aud,Subscription update
ch_0006632,Paid,2024-10-02 15:16:21,202.4,aud,Subscription creation
ch_0006633,Paid,2024-10-02 20:21:55,355.47,aud,Subscription creation
ch_0006634,Paid,2024-10-02 20:41:03,202.86,aud,Subscription update
ch_0006635,Paid,2024-10-03 06:42:38,196.69,aud,Subscription update
ch_0006636,Paid,2024-10-03 07:10:43,198.58,aud,Subscription update
ch_0006637,Paid,2024-10-03 07:47:07,352.1,aud,Subscription update
ch_0006638,Paid,2024-10-03 10:07:41,202.25,aud,Subscription update
ch_0006639,Paid,2024-10-03 13:29:57,261.89,aud,IV League - Booking
ch_0006640,Paid,2024-10-03 17:10:31,199.45,aud,Subscription update
ch_0006641,Paid,2024-10-03 17:20:19,198.99,aud,Subscription creation
ch_0006642,Paid,2024-10-03 18:15:59,194.47,aud,Subscription update
ch_0006643,Paid,2024-10-04 07:39:31,353.03,aud,Subscription update
ch_0006644,Paid,2024-10-04 09:54:04,192.57,aud,Subscription creation
ch_0006645,Paid,2024-10-04 15:02:09,356.16,aud,Subscription update
ch_0006646,Paid,2024-10-04 16:29:54,349.25,aud,Subscription update
ch_0006647,Paid,2024-10-04 16:59:34,196.97,aud,Subscription update
ch_0006648,Paid,2024-10-05 07:44:19,194.38,aud,Subscription update
ch_0006649,Paid,2024-10-05 09:36:45,353.78,aud,Subscription update
ch_0006650,Paid,2024-10-05 10:06:32,200.61,aud,Subscription update
ch_0006651,Paid,2024-10-05 15:10:36,347.38,aud,Subscription update
ch_0006652,Paid,2024-10-05 15:50:30,200.66,aud,Subscription update
ch_0006653,Paid,2024-10-05 18:07:58,194.22,aud,Subscription update
ch_0006654,Paid,2024-10-06 06:35:56,609.46,aud,Subscription update
ch_0006655,Paid,2024-10-06 09:02:59,189.51,aud,Subscription update
ch_0006656,Paid,2024-10-06 11:55:13,351.67,aud,Subscription update
ch_0006657,Paid,2024-10-06 13:51:55,340.47,aud,Subscription update
ch_0006658,Paid,2024-10-06 14:52:13,206.79,aud,Subscription update
ch_0006659,Paid,2024-10-06 15:38:15,353.59,aud,Subscription update
ch_0006660,Paid,2024-10-06 18:24:33,351.68,aud,Subscription update
ch_0006661,Paid,2024-10-06 18:36:23,352.38,aud,Subscription update
ch_0006662,Paid,2024-10-06 19:27:42,198.83,aud,Subscription update
ch_0006663,Paid,2024-10-06 20:59:53,585.1,aud,Subscription update
ch_0006664,Paid,2024-10-07 06:40:21,590.12,aud,Subscription update
ch_0006665,Paid,2024-10-07 07:31:14,352.99,aud,Subscription creation
ch_0006666,Paid,2024-10-07 13:10:12,347.59,aud,Subscription creation
ch_0006667,Paid,2024-10-07 17:23:10,198.1,aud,Subscription update
ch_0006668,Paid,2024-10-07 19:12:39,183.11,aud,IV League - Booking
ch_0006669,Paid,2024-10-07 19:26:46,201.28,aud,Subscription creation
ch_0006670,Paid,2024-10-08 07:41:36,364.11,aud,Subscription update
ch_0006671,Paid,2024-10-08 09:07:38,1874.08,aud,Package initiation
ch_0006672,Paid,2024-10-08 09:58:11,342.46,aud,Subscription creation
ch_0006673,Paid,2024-10-08 13:06:10,357.97,aud,Subscription creation
ch_0006674,Paid,2024-10-08 19:17:28,198.09,aud,Subscription update
ch_0006675,Paid,2024-10-08 20:10:07,196.16,aud,Subscription update
ch_0006676,Paid,2024-10-09 07:39:36,194.55,aud,Subscription update
ch_0006677,Paid,2024-10-09 07:41:55,1945.48,aud,Package initiation
ch_0006678,Paid,2024-10-09 09:25:07,200.6,aud,Subscription update
ch_0006679,Paid,2024-10-09 10:30:26,348.26,aud,Subscription update
ch_0006680,Paid,2024-10-09 12:16:27,603.91,aud,Subscription update
ch_0006681,Paid,2024-10-09 14:53:53,193.76,aud,Subscription update
ch_0006682,Paid,2024-10-09 16:13:31,349.02,aud,Subscription update
ch_0006683,Paid,2024-10-09 18:46:01,578.81,aud,Subscription update
ch_0006684,Paid,2024-10-10 06:39:26,355.21,aud,Subscription update
ch_0006685,Paid,2024-10-10 09:27:05,602.03,aud,Subscription creation
ch_0006686,Paid,2024-10-10 10:06:24,347.61,aud,Subscription update
ch_0006687,Paid,2024-10-10 11:12:28,589.44,aud,Subscription update
ch_0006688,Paid,2024-10-10 13:08:53,609.31,aud,Subscription creation
ch_0006689,Paid,2024-10-10 14:51:36,203.58,aud,Subscription update
ch_0006690,Paid,2024-10-10 16:05:23,350.89,aud,Subscription creation
ch_0006691,Paid,2024-10-10 18:52:07,203.06,aud,Subscription update
ch_0006692,Paid,2024-10-10 19:06:18,194.99,aud,Subscription update
ch_0006693,Paid,2024-10-10 19:08:35,197.24,aud,Subscription update
ch_0006694,Paid,2024-10-10 20:09:31,199.14,aud,Subscription update
ch_0006695,Paid,2024-10-11 06:49:15,189.35,aud,Subscription update
ch_0006696,Paid,2024-10-11 08:35:42,352.64,aud,Subscription creation
ch_0006697,Paid,2024-10-11 10:52:46,302.13,aud,IV League - Booking
ch_0006698,Paid,2024-10-11 11:55:45,197.87,aud,Subscription update
ch_0006699,Paid,2024-10-11 12:08:35,357.46,aud,Subscription creation
ch_0006700,Paid,2024-10-11 12:15:38,196.94,aud,Subscription update
ch_0006701,Paid,2024-10-11 12:38:27,349.59,aud,Subscription update
ch_0006702,Paid,2024-10-11 12:39:58,197.4,aud,Subscription update
ch_0006703,Paid,2024-10-11 14:53:02,348.12,aud,Subscription creation
ch_0006704,Paid,2024-10-11 15:52:10,612.13,aud,Subscription update
ch_0006705,Paid,2024-10-11 16:42:49,200.74,aud,Subscription update
ch_0006706,Paid,2024-10-11 16:56:01,595.2,aud,Subscription update
ch_0006707,Paid,2024-10-12 06:17:13,198.8,aud,Subscription update
ch_0006708,Paid,2024-10-12 06:19:45,358.01,aud,Subscription update
ch_0006709,Paid,2024-10-12 06:36:50,201.07,aud,Subscription update
ch_0006710,Paid,2024-10-12 06:49:36,204.58,aud,Subscription update
ch_0006711,Paid,2024-10-12 09:18:53,594.62,aud,Subscription update
ch_0006712,Paid,2024-10-12 09:41:05,196.39,aud,Subscription update
ch_0006713,Paid,2024-10-12 10:14:17,359.09,aud,Subscription update
ch_0006714,Paid,2024-10-12 12:14:54,597.83,aud,Subscription update
ch_0006715,Paid,2024-10-12 15:15:32,339.09,aud,Subscription update
ch_0006716,Paid,2024-10-12 15:33:51,353.6,aud,Subscription update
ch_0006717,Paid,2024-10-12 15:57:42,342.17,aud,Subscription update
ch_0006718,Paid,2024-10-12 16:54:23,588.44,aud,Subscription update
ch_0006719,Paid,2024-10-12 17:47:47,580.49,aud,Subscription update
ch_0006720,Paid,2024-10-12 19:38:02,201.1,aud,Subscription update
ch_0006721,Paid,2024-10-13 08:41:20,196.64,aud,Subscription update
ch_0006722,Paid,2024-10-13 14:59:15,201.21,aud,Subscription update
ch_0006723,Paid,2024-10-13 17:01:45,583.69,aud,Subscription update
ch_0006724,Paid,2024-10-13 20:08:19,346.67,aud,Subscription update
ch_0006725,Paid,2024-10-14 10:30:04,351.03,aud,Subscription update
ch_0006726,Paid,2024-10-14 14:40:14,209.59,aud,Subscription update
ch_0006727,Paid,2024-10-14 15:03:52,200.45,aud,Subscription update
ch_0006728,Paid,2024-10-14 15:30:52,348.78,aud,Subscription creation
ch_0006729,Paid,2024-10-14 17:59:53,193.21,aud,Subscription update
ch_0006730,Paid,2024-10-14 19:18:42,345.43,aud,Subscription update
ch_0006731,Paid,2024-10-14 19:24:05,204.5,aud,Subscription update
ch_0006732,Paid,2024-10-15 06:10:28,356.78,aud,Subscription update
ch_0006733,Paid,2024-10-15 06:54:23,370.12,aud,Initial consultation
ch_0006734,Paid,2024-10-15 06:57:45,338.93,aud,Subscription update
ch_0006735,Paid,2024-10-15 08:10:56,199.92,aud,Subscription update
ch_0006736,Paid,2024-10-15 10:02:43,194.36,aud,Subscription update
ch_0006737,Paid,2024-10-15 13:40:27,200.73,aud,Subscription update
ch_0006738,Paid,2024-10-15 14:00:05,601.85,aud,Subscription creation
ch_0006739,Paid,2024-10-15 15:51:35,198.21,aud,Subscription creation
ch_0006740,Paid,2024-10-15 17:27:56,348.57,aud,Subscription update
ch_0006741,Paid,2024-10-15 18:52:31,342.64,aud,Subscription update
ch_0006742,Paid,2024-10-15 20:02:12,196.8,aud,Subscription update
ch_0006743,Paid,2024-10-16 08:00:18,196.33,aud,Subscription update
ch_0006744,Paid,2024-10-16 09:14:11,354.67,aud,Subscription creation
ch_0006745,Paid,2024-10-16 12:33:19,202.11,aud,Subscription update
ch_0006746,Paid,2024-10-16 16:14:41,11538.77,aud,Corporate wellness - Keyman
ch_0006747,Paid,2024-10-16 16:42:41,606.57,aud,Subscription update
ch_0006748,Paid,2024-10-16 20:06:27,327.75,aud,Subscription update
ch_0006749,Paid,2024-10-16 20:15:01,198.22,aud,Subscription update
ch_0006750,Paid,2024-10-17 08:47:50,198.71,aud,Subscription creation
ch_0006751,Paid,2024-10-17 08:55:12,194.48,aud,Subscription creation
ch_0006752,Paid,2024-10-17 08:57:05,197.66,aud,Subscription update
ch_0006753,Paid,2024-10-17 10:14:12,194.4,aud,Subscription update
ch_0006754,Paid,2024-10-17 11:33:17,261.24,aud,IV League - Booking
ch_0006755,Paid,2024-10-17 11:44:29,194.82,aud,Subscription update
ch_0006756,Paid,2024-10-17 12:33:21,603.02,aud,Subscription update
ch_0006757,Paid,2024-10-17 15:09:14,199.6,aud,Subscription update
ch_0006758,Paid,2024-10-17 17:08:49,202.51,aud,Subscription update
ch_0006759,Paid,2024-10-17 18:34:48,331.49,aud,IV League - Booking
ch_0006760,Paid,2024-10-17 19:37:07,198.33,aud,Subscription creation
ch_0006761,Paid,2024-10-17 19:38:13,198.11,aud,Subscription update
ch_0006762,Paid,2024-10-17 20:06:43,345.21,aud,Subscription update
ch_0006763,Paid,2024-10-17 20:54:37,195.18,aud,Subscription update
ch_0006764,Paid,2024-10-18 06:48:45,242.78,aud,IV League - Booking
ch_0006765,Paid,2024-10-18 06:56:04,196.64,aud,Subscription update
ch_0006766,Paid,2024-10-18 09:06:38,355.49,aud,Subscription update
ch_0006767,Paid,2024-10-18 09:22:28,351.55,aud,Subscription update
ch_0006768,Paid,2024-10-18 09:31:50,207.94,aud,Subscription update
ch_0006769,Paid,2024-10-18 10:34:37,344.28,aud,Subscription update
ch_0006770,Paid,2024-10-18 11:52:40,203.98,aud,Subscription update
ch_0006771,Paid,2024-10-18 14:18:43,194.73,aud,Subscription update
ch_0006772,Paid,2024-10-18 17:27:56,199.53,aud,Subscription update
ch_0006773,Paid,2024-10-18 18:47:18,337.17,aud,Subscription creation
ch_0006774,Paid,2024-10-18 19:59:31,299.63,aud,Initial consultation
ch_0006775,Paid,2024-10-18 20:14:52,198.59,aud,Subscription update
ch_0006776,Paid,2024-10-19 07:13:46,203.19,aud,Subscription update
ch_0006777,Paid,2024-10-19 10:01:28,2731.14,aud,Package initiation
ch_0006778,Paid,2024-10-19 11:16:05,340.46,aud,Subscription update
ch_0006779,Paid,2024-10-19 13:02:14,198.47,aud,Subscription update
ch_0006780,Paid,2024-10-19 13:08:34,338.79,aud,Subscription creation
ch_0006781,Paid,2024-10-19 13:32:06,199.44,aud,Subscription update
ch_0006782,Paid,2024-10-19 13:59:46,195.02,aud,Subscription update
ch_0006783,Paid,2024-10-19 14:39:49,864.19,aud,Invoice payment
ch_0006784,Paid,2024-10-19 16:18:08,199.88,aud,Subscription update
ch_0006785,Paid,2024-10-19 20:27:50,193.91,aud,Subscription creation
ch_0006786,Paid,2024-10-20 06:38:49,341.5,aud,Subscription creation
ch_0006787,Paid,2024-10-20 08:38:27,199.91,aud,Subscription update
ch_0006788,Paid,2024-10-20 11:28:26,355.4,aud,Subscription update
ch_0006789,Paid,2024-10-20 15:12:13,354.87,aud,Subscription update
ch_0006790,Paid,2024-10-20 17:41:05,340.8,aud,Subscription update
ch_0006791,Paid,2024-10-21 08:04:48,351.6,aud,Subscription update
ch_0006792,Paid,2024-10-21 15:11:40,347.15,aud,Subscription update
ch_0006793,Paid,2024-10-21 16:59:03,204.98,aud,Subscription update
ch_0006794,Paid,2024-10-21 18:05:12,196.19,aud,Subscription update
ch_0006795,Paid,2024-10-21 18:40:42,198.3,aud,Subscription update
ch_0006796,Paid,2024-10-22 08:00:59,202.73,aud,Subscription update
ch_0006797,Paid,2024-10-22 08:19:22,337.5,aud,Subscription update
ch_0006798,Paid,2024-10-22 09:30:44,208.48,aud,Subscription update
ch_0006799,Paid,2024-10-22 10:02:55,584.67,aud,Subscription update
ch_0006800,Paid,2024-10-22 11:52:05,200.13,aud,Subscription update
ch_0006801,Paid,2024-10-22 12:32:42,204.6,aud,Subscription update
ch_0006802,Paid,2024-10-22 13:10:25,198.79,aud,Subscription update
ch_0006803,Paid,2024-10-22 17:20:36,598.43,aud,Subscription update
ch_0006804,Paid,2024-10-22 17:45:34,588.04,aud,Subscription update
ch_0006805,Paid,2024-10-22 19:38:40,346.63,aud,Subscription update
ch_0006806,Paid,2024-10-23 06:11:29,200.66,aud,Subscription update
ch_0006807,Paid,2024-10-23 07:03:25,206.23,aud,Subscription update
ch_0006808,Paid,2024-10-23 10:08:01,342.33,aud,Subscription update
ch_0006809,Paid,2024-10-23 10:15:09,196.06,aud,Subscription creation
ch_0006810,Paid,2024-10-23 10:27:15,583.22,aud,Subscription update
ch_0006811,Paid,2024-10-23 10:41:47,191.92,aud,Subscription update
ch_0006812,Paid,2024-10-23 11:14:13,351.74,aud,Subscription update
ch_0006813,Paid,2024-10-23 16:23:15,202.98,aud,Subscription update
ch_0006814,Paid,2024-10-23 16:34:14,338.04,aud,Subscription update
ch_0006815,Paid,2024-10-23 20:48:25,197.08,aud,Subscription update
ch_0006816,Paid,2024-10-24 07:16:50,201.32,aud,Subscription update
ch_0006817,Paid,2024-10-24 07:58:06,347.91,aud,Subscription update
ch_0006818,Paid,2024-10-24 09:02:01,204.02,aud,Subscription update
ch_0006819,Paid,2024-10-24 10:24:21,613.91,aud,Subscription update
ch_0006820,Paid,2024-10-24 10:42:53,605.19,aud,Subscription update
ch_0006821,Paid,2024-10-24 11:02:30,201.51,aud,Subscription update
ch_0006822,Paid,2024-10-24 13:05:49,197.3,aud,Subscription creation
ch_0006823,Paid,2024-10-24 13:52:08,344.88,aud,Subscription update
ch_0006824,Paid,2024-10-24 14:11:15,577.27,aud,Subscription update
ch_0006825,Paid,2024-10-24 16:26:52,206.48,aud,Subscription update
ch_0006826,Paid,2024-10-24 18:20:10,198.07,aud,Subscription update
ch_0006827,Paid,2024-10-24 19:16:55,196.98,aud,Subscription update
ch_0006828,Paid,2024-10-24 19:24:05,605.92,aud,Subscription creation
ch_0006829,Paid,2024-10-25 10:01:08,199.43,aud,Subscription update
ch_0006830,Paid,2024-10-25 11:08:57,591.44,aud,Subscription update
ch_0006831,Paid,2024-10-25 11:25:47,594.33,aud,Subscription creation
ch_0006832,Paid,2024-10-25 13:20:37,355.9,aud,Subscription update
ch_0006833,Paid,2024-10-25 14:11:38,198.39,aud,Subscription update
ch_0006834,Paid,2024-10-25 20:54:38,341.49,aud,Subscription update
ch_0006835,Paid,2024-10-26 06:45:40,350.74,aud,Subscription update
ch_0006836,Paid,2024-10-26 09:39:31,199.73,aud,Subscription update
ch_0006837,Paid,2024-10-26 11:09:18,198.11,aud,Subscription update
ch_0006838,Paid,2024-10-26 11:18:21,169.13,aud,IV League - Booking
ch_0006839,Paid,2024-10-26 12:31:22,194.22,aud,Subscription update
ch_0006840,Paid,2024-10-26 14:17:25,355.75,aud,Subscription update
ch_0006841,Paid,2024-10-26 16:47:03,182.88,aud,IV League - Booking
ch_0006842,Paid,2024-10-27 06:10:13,340.54,aud,Subscription update
ch_0006843,Refunded,2024-10-27 08:20:19,349.0,aud,Subscription update
ch_0006844,Paid,2024-10-27 11:13:12,202.79,aud,Subscription update
ch_0006845,Paid,2024-10-27 11:55:57,198.01,aud,Subscription creation
ch_0006846,Paid,2024-10-27 13:31:29,345.04,aud,Subscription creation
ch_0006847,Paid,2024-10-27 20:08:38,345.86,aud,Subscription update
ch_0006848,Paid,2024-10-28 06:37:25,195.9,aud,Subscription creation
ch_0006849,Paid,2024-10-28 06:50:25,1318.84,aud,Package initiation
ch_0006850,Paid,2024-10-28 12:58:39,579.52,aud,Subscription update
ch_0006851,Paid,2024-10-28 16:52:49,197.81,aud,Subscription creation
ch_0006852,Paid,2024-10-28 20:00:47,347.13,aud,Subscription update
ch_0006853,Paid,2024-10-28 20:27:59,193.23,aud,IV League - Booking
ch_0006854,Paid,2024-10-29 08:13:52,197.24,aud,Subscription update
ch_0006855,Paid,2024-10-29 10:39:51,579.54,aud,Subscription update
ch_0006856,Paid,2024-10-29 11:06:39,594.48,aud,Subscription update
ch_0006857,Paid,2024-10-29 12:52:57,204.62,aud,Subscription update
ch_0006858,Paid,2024-10-29 14:09:44,354.27,aud,Subscription update
ch_0006859,Paid,2024-10-29 14:54:42,242.44,aud,IV League - Booking
ch_0006860,Paid,2024-10-29 18:19:36,355.62,aud,Subscription update
ch_0006861,Paid,2024-10-29 18:56:50,204.27,aud,Subscription creation
ch_0006862,Paid,2024-10-30 06:32:15,335.69,aud,Subscription update
ch_0006863,Paid,2024-10-30 07:35:52,198.2,aud,Subscription update
ch_0006864,Paid,2024-10-30 08:45:12,356.38,aud,Subscription update
ch_0006865,Paid,2024-10-30 09:32:32,198.65,aud,Subscription update
ch_0006866,Paid,2024-10-30 11:02:12,194.38,aud,Subscription update
ch_0006867,Paid,2024-10-30 11:22:03,194.99,aud,Subscription creation
ch_0006868,Paid,2024-10-30 16:53:32,200.61,aud,Subscription creation
ch_0006869,Paid,2024-10-30 16:59:21,326.72,aud,Subscription update
ch_0006870,Paid,2024-10-30 17:12:01,200.17,aud,Subscription update
ch_0006871,Paid,2024-10-30 17:20:38,203.82,aud,Subscription update
ch_0006872,Paid,2024-10-30 17:38:17,346.4,aud,Subscription update
ch_0006873,Paid,2024-10-31 07:28:51,194.52,aud,Subscription update
ch_0006874,Paid,2024-10-31 09:29:14,201.33,aud,Subscription update
ch_0006875,Paid,2024-10-31 11:34:11,608.0,aud,Subscription creation
ch_0006876,Paid,2024-10-31 14:41:55,594.17,aud,Subscription update
ch_0006877,Paid,2024-10-31 15:18:03,199.97,aud,Subscription update
ch_0006878,Paid,2024-10-31 16:28:04,358.14,aud,Subscription update
ch_0006879,Paid,2024-11-01 16:15:36,1863.3,aud,Invoice payment
ch_0006880,Paid,2024-11-01 16:23:32,356.1,aud,Subscription update
ch_0006881,Paid,2024-11-01 17:08:02,199.52,aud,Subscription update
ch_0006882,Paid,2024-11-01 17:16:59,630.48,aud,Subscription update
ch_0006883,Paid,2024-11-01 19:05:45,589.49,aud,Subscription update
ch_0006884,Paid,2024-11-01 20:53:23,419.9,aud,Initial consultation
ch_0006885,Paid,2024-11-01 20:55:55,200.24,aud,Subscription creation
ch_0006886,Paid,2024-11-02 06:24:39,201.04,aud,Subscription update
ch_0006887,Paid,2024-11-02 07:12:02,206.84,aud,Subscription update
ch_0006888,Paid,2024-11-02 07:23:17,192.3,aud,Subscription update
ch_0006889,Paid,2024-11-02 09:12:10,193.37,aud,Subscription update
ch_0006890,Paid,2024-11-02 10:13:03,198.87,aud,Subscription update
ch_0006891,Paid,2024-11-02 11:13:44,418.85,aud,IV League - Booking
ch_0006892,Paid,2024-11-02 12:04:22,205.54,aud,Subscription creation
ch_0006893,Paid,2024-11-02 14:06:40,609.71,aud,Subscription update
ch_0006894,Paid,2024-11-02 14:50:08,201.55,aud,Subscription update
ch_0006895,Paid,2024-11-02 16:38:21,355.75,aud,Subscription update
ch_0006896,Paid,2024-11-02 17:36:07,195.7,aud,Subscription update
ch_0006897,Paid,2024-11-02 17:49:17,352.0,aud,Subscription update
ch_0006898,Paid,2024-11-02 18:23:19,349.25,aud,Subscription update
ch_0006899,Paid,2024-11-02 20:50:13,201.46,aud,Subscription update
ch_0006900,Paid,2024-11-03 07:03:18,599.86,aud,Subscription update
ch_0006901,Paid,2024-11-03 08:31:17,344.65,aud,Subscription update
ch_0006902,Paid,2024-11-03 09:02:56,199.69,aud,Subscription update
ch_0006903,Paid,2024-11-03 10:48:01,354.4,aud,Subscription update
ch_0006904,Paid,2024-11-03 11:21:18,346.45,aud,Subscription update
ch_0006905,Paid,2024-11-03 14:30:54,203.39,aud,Subscription update
ch_0006906,Paid,2024-11-03 14:54:52,199.06,aud,Subscription update
ch_0006907,Paid,2024-11-03 15:06:53,357.36,aud,Subscription update
ch_0006908,Paid,2024-11-03 18:49:32,341.35,aud,Subscription update
ch_0006909,Paid,2024-11-03 20:30:52,204.08,aud,Subscription update
ch_0006910,Failed,2024-11-04 06:01:46,349.0,aud,Subscription update
ch_0006911,Paid,2024-11-04 06:14:44,2401.25,aud,Package initiation
ch_0006912,Paid,2024-11-04 09:53:31,349.8,aud,Subscription update
ch_0006913,Paid,2024-11-04 10:20:13,2034.2,aud,Invoice payment
ch_0006914,Paid,2024-11-04 10:56:50,357.15,aud,Subscription update
ch_0006915,Paid,2024-11-04 11:01:00,351.84,aud,Subscription creation
ch_0006916,Paid,2024-11-04 12:05:42,197.78,aud,Subscription creation
ch_0006917,Paid,2024-11-04 16:27:26,197.84,aud,Subscription creation
ch_0006918,Paid,2024-11-04 18:21:44,599.66,aud,Subscription update
ch_0006919,Paid,2024-11-04 19:25:49,603.25,aud,Subscription creation
ch_0006920,Paid,2024-11-05 06:51:08,584.09,aud,Subscription update
ch_0006921,Paid,2024-11-05 07:31:43,351.8,aud,Subscription update
ch_0006922,Paid,2024-11-05 07:59:49,198.45,aud,Subscription update
ch_0006923,Paid,2024-11-05 08:55:34,200.37,aud,Subscription update
ch_0006924,Paid,2024-11-05 09:49:21,351.79,aud,Subscription update
ch_0006925,Paid,2024-11-05 10:49:14,194.58,aud,Subscription update
ch_0006926,Paid,2024-11-05 13:08:56,199.88,aud,Subscription update
ch_0006927,Paid,2024-11-05 14:07:47,200.77,aud,Subscription update
ch_0006928,Paid,2024-11-05 18:27:50,2375.97,aud,Package initiation
ch_0006929,Paid,2024-11-05 19:52:41,345.31,aud,Subscription update
ch_0006930,Paid,2024-11-05 20:05:24,200.92,aud,Subscription update
ch_0006931,Paid,2024-11-06 10:25:08,344.16,aud,Subscription update
ch_0006932,Paid,2024-11-06 10:37:20,203.21,aud,Subscription update
ch_0006933,Paid,2024-11-06 10:53:02,347.17,aud,Subscription update
ch_0006934,Paid,2024-11-06 14:40:49,192.27,aud,Subscription update
ch_0006935,Paid,2024-11-06 17:12:24,345.1,aud,Subscription update
ch_0006936,Paid,2024-11-06 17:34:31,195.16,aud,Subscription update
ch_0006937,Paid,2024-11-07 07:25:17,369.99,aud,Subscription update
ch_0006938,Paid,2024-11-07 09:45:24,607.15,aud,Subscription update
ch_0006939,Paid,2024-11-07 10:42:04,208.4,aud,Subscription update
ch_0006940,Paid,2024-11-07 11:15:10,334.34,aud,Subscription update
ch_0006941,Paid,2024-11-07 13:16:37,599.13,aud,Subscription update
ch_0006942,Paid,2024-11-07 14:51:03,203.34,aud,Subscription update
ch_0006943,Paid,2024-11-07 16:16:40,200.65,aud,Subscription update
ch_0006944,Paid,2024-11-07 17:48:08,591.63,aud,Subscription update
ch_0006945,Paid,2024-11-07 18:21:50,201.85,aud,Subscription update
ch_0006946,Paid,2024-11-07 19:26:48,193.21,aud,Subscription update
ch_0006947,Paid,2024-11-07 20:27:06,198.54,aud,Subscription update
ch_0006948,Paid,2024-11-08 06:45:15,197.86,aud,Subscription update
ch_0006949,Paid,2024-11-08 07:25:21,354.82,aud,Subscription update
ch_0006950,Paid,2024-11-08 08:00:56,341.67,aud,Subscription update
ch_0006951,Paid,2024-11-08 08:19:56,202.83,aud,Subscription update
ch_0006952,Paid,2024-11-08 09:01:37,202.03,aud,Subscription update
ch_0006953,Paid,2024-11-08 12:35:25,343.06,aud,Subscription update
ch_0006954,Paid,2024-11-08 15:57:48,204.0,aud,Subscription update
ch_0006955,Paid,2024-11-08 16:19:50,346.8,aud,Subscription update
ch_0006956,Paid,2024-11-08 18:27:17,201.11,aud,Subscription update
ch_0006957,Paid,2024-11-08 18:53:05,200.02,aud,Subscription update
ch_0006958,Paid,2024-11-08 19:26:30,199.14,aud,Subscription update
ch_0006959,Paid,2024-11-08 19:47:27,198.87,aud,Subscription creation
ch_0006960,Paid,2024-11-08 20:34:19,589.82,aud,Subscription update
ch_0006961,Paid,2024-11-09 08:08:24,595.8,aud,Subscription update
ch_0006962,Paid,2024-11-09 10:10:10,199.97,aud,Subscription update
ch_0006963,Paid,2024-11-09 17:48:42,195.86,aud,Subscription update
ch_0006964,Paid,2024-11-09 18:34:14,590.15,aud,Subscription update
ch_0006965,Paid,2024-11-10 07:51:34,206.2,aud,Subscription creation
ch_0006966,Paid,2024-11-10 08:39:02,359.69,aud,Subscription update
ch_0006967,Paid,2024-11-10 13:57:33,595.93,aud,Subscription update
ch_0006968,Paid,2024-11-10 18:39:40,195.09,aud,Subscription creation
ch_0006969,Paid,2024-11-10 19:16:01,599.53,aud,Subscription creation
ch_0006970,Paid,2024-11-10 19:28:31,206.6,aud,Subscription update
ch_0006971,Paid,2024-11-10 20:14:15,200.04,aud,Subscription update
ch_0006972,Paid,2024-11-11 06:26:19,606.77,aud,Subscription creation
ch_0006973,Paid,2024-11-11 10:31:26,343.05,aud,Subscription update
ch_0006974,Paid,2024-11-11 13:06:06,201.7,aud,Subscription update
ch_0006975,Paid,2024-11-11 13:58:09,199.57,aud,Subscription update
ch_0006976,Paid,2024-11-11 16:07:01,354.04,aud,Subscription creation
ch_0006977,Paid,2024-11-11 16:46:55,195.28,aud,Subscription update
ch_0006978,Paid,2024-11-11 19:57:45,199.84,aud,Subscription update
ch_0006979,Paid,2024-11-11 20:37:21,327.68,aud,Subscription update
ch_0006980,Paid,2024-11-12 07:52:55,366.11,aud,Subscription update
ch_0006981,Paid,2024-11-12 10:04:58,345.85,aud,Subscription update
ch_0006982,Paid,2024-11-12 10:28:35,191.64,aud,Subscription update
ch_0006983,Paid,2024-11-12 17:00:53,205.15,aud,Subscription update
ch_0006984,Paid,2024-11-12 17:02:32,195.4,aud,Subscription update
ch_0006985,Paid,2024-11-12 17:28:16,606.19,aud,Subscription update
ch_0006986,Paid,2024-11-12 18:11:22,341.86,aud,Subscription update
ch_0006987,Paid,2024-11-12 18:11:58,199.59,aud,Subscription creation
ch_0006988,Paid,2024-11-12 19:03:18,199.13,aud,Subscription update
ch_0006989,Paid,2024-11-13 06:56:55,202.39,aud,Subscription update
ch_0006990,Paid,2024-11-13 06:57:21,354.87,aud,Subscription update
ch_0006991,Paid,2024-11-13 07:06:34,596.14,aud,Subscription creation
ch_0006992,Paid,2024-11-13 08:01:45,606.73,aud,Subscription update
ch_0006993,Paid,2024-11-13 09:59:41,594.12,aud,Subscription update
ch_0006994,Paid,2024-11-13 11:28:11,196.45,aud,Subscription update
ch_0006995,Paid,2024-11-13 12:18:57,200.87,aud,Subscription update
ch_0006996,Paid,2024-11-13 13:04:39,206.35,aud,Subscription update
ch_0006997,Paid,2024-11-13 13:46:18,350.6,aud,Subscription update
ch_0006998,Paid,2024-11-13 16:54:01,594.82,aud,Subscription update
ch_0006999,Paid,2024-11-14 08:29:35,204.98,aud,Subscription creation
ch_0007000,Paid,2024-11-14 08:37:44,203.43,aud,Subscription update
ch_0007001,Paid,2024-11-14 10:56:12,349.88,aud,Subscription update
ch_0007002,Paid,2024-11-14 11:51:06,333.03,aud,Subscription update
ch_0007003,Paid,2024-11-14 12:54:11,199.34,aud,Subscription update
ch_0007004,Paid,2024-11-14 14:29:50,348.96,aud,Subscription update
ch_0007005,Paid,2024-11-14 14:46:07,348.33,aud,Subscription update
ch_0007006,Paid,2024-11-14 17:26:09,190.84,aud,Subscription update
ch_0007007,Paid,2024-11-14 17:36:34,352.62,aud,Subscription update
ch_0007008,Paid,2024-11-14 19:20:13,596.98,aud,Subscription update
ch_0007009,Paid,2024-11-15 06:35:37,357.87,aud,Subscription update
ch_0007010,Paid,2024-11-15 07:35:09,200.8,aud,Subscription update
ch_0007011,Paid,2024-11-15 07:48:34,197.73,aud,Subscription update
ch_0007012,Paid,2024-11-15 08:26:41,199.0,aud,Subscription update
ch_0007013,Paid,2024-11-15 09:12:32,199.42,aud,Subscription update
ch_0007014,Paid,2024-11-15 10:58:50,195.09,aud,Subscription update
ch_0007015,Paid,2024-11-15 11:08:49,585.3,aud,Subscription update
ch_0007016,Paid,2024-11-15 13:23:09,199.32,aud,Subscription update
ch_0007017,Paid,2024-11-15 16:45:06,578.14,aud,Subscription update
ch_0007018,Paid,2024-11-15 16:48:57,341.06,aud,Subscription update
ch_0007019,Paid,2024-11-15 19:33:12,580.2,aud,Subscription update
ch_0007020,Paid,2024-11-16 08:58:52,602.46,aud,Subscription update
ch_0007021,Paid,2024-11-16 12:33:04,356.07,aud,Subscription update
ch_0007022,Paid,2024-11-17 06:06:16,350.86,aud,Subscription update
ch_0007023,Paid,2024-11-17 09:36:52,201.92,aud,Subscription update
ch_0007024,Paid,2024-11-17 09:52:10,606.68,aud,Subscription update
ch_0007025,Paid,2024-11-17 09:58:49,597.46,aud,Subscription update
ch_0007026,Paid,2024-11-17 11:59:33,347.11,aud,Subscription update
ch_0007027,Paid,2024-11-17 15:29:31,206.17,aud,Subscription update
ch_0007028,Paid,2024-11-17 15:34:39,200.58,aud,Subscription update
ch_0007029,Paid,2024-11-17 16:55:41,595.55,aud,Subscription update
ch_0007030,Paid,2024-11-17 17:39:02,207.01,aud,Subscription update
ch_0007031,Paid,2024-11-17 17:39:49,590.21,aud,Subscription update
ch_0007032,Paid,2024-11-17 18:55:47,201.45,aud,Subscription update
ch_0007033,Paid,2024-11-17 19:46:04,197.55,aud,Subscription creation
ch_0007034,Paid,2024-11-18 06:37:07,201.23,aud,Subscription update
ch_0007035,Paid,2024-11-18 07:41:57,592.62,aud,Subscription update
ch_0007036,Paid,2024-11-18 08:09:42,197.92,aud,Subscription update
ch_0007037,Paid,2024-11-18 08:55:48,203.97,aud,Subscription creation
ch_0007038,Paid,2024-11-18 11:07:13,1914.66,aud,Package initiation
ch_0007039,Paid,2024-11-18 11:32:59,194.91,aud,Subscription update
ch_0007040,Paid,2024-11-18 12:26:33,1367.81,aud,Invoice payment
ch_0007041,Paid,2024-11-18 13:16:18,600.81,aud,Subscription update
ch_0007042,Paid,2024-11-18 14:58:18,343.62,aud,Subscription update
ch_0007043,Paid,2024-11-18 15:14:30,626.42,aud,Subscription update
ch_0007044,Paid,2024-11-18 17:20:39,9189.29,aud,Corporate wellness - Keyman
ch_0007045,Paid,2024-11-18 18:08:46,198.44,aud,Subscription update
ch_0007046,Paid,2024-11-18 18:37:20,196.95,aud,Subscription update
ch_0007047,Paid,2024-11-18 18:47:39,201.63,aud,Subscription update
ch_0007048,Paid,2024-11-18 19:39:13,204.16,aud,Subscription update
ch_0007049,Paid,2024-11-18 19:53:08,593.06,aud,Subscription update
ch_0007050,Paid,2024-11-19 06:11:01,361.9,aud,IV League - Booking
ch_0007051,Paid,2024-11-19 07:02:25,350.35,aud,Subscription update
ch_0007052,Paid,2024-11-19 08:02:24,192.58,aud,Subscription creation
ch_0007053,Paid,2024-11-19 10:36:47,200.87,aud,Subscription update
ch_0007054,Paid,2024-11-19 11:43:56,354.11,aud,Subscription update
ch_0007055,Paid,2024-11-19 16:33:13,193.84,aud,Subscription update
ch_0007056,Paid,2024-11-19 17:53:51,194.97,aud,Subscription update
ch_0007057,Paid,2024-11-19 20:31:54,347.71,aud,Subscription update
ch_0007058,Paid,2024-11-20 07:54:34,197.46,aud,Subscription update
ch_0007059,Paid,2024-11-20 08:37:45,353.44,aud,Subscription update
ch_0007060,Paid,2024-11-20 08:53:29,347.24,aud,Subscription update
ch_0007061,Paid,2024-11-20 09:23:15,192.57,aud,Subscription update
ch_0007062,Failed,2024-11-20 10:52:22,349.0,aud,Subscription update
ch_0007063,Paid,2024-11-20 11:53:40,204.86,aud,Subscription update
ch_0007064,Paid,2024-11-20 12:21:46,199.41,aud,Subscription update
ch_0007065,Paid,2024-11-20 12:28:07,200.56,aud,Subscription update
ch_0007066,Paid,2024-11-20 15:11:23,358.48,aud,Subscription update
ch_0007067,Paid,2024-11-20 15:49:26,204.25,aud,Subscription update
ch_0007068,Paid,2024-11-20 18:12:22,197.6,aud,Subscription update
ch_0007069,Paid,2024-11-20 18:49:43,204.64,aud,Subscription creation
ch_0007070,Paid,2024-11-21 06:46:16,346.27,aud,Subscription update
ch_0007071,Paid,2024-11-21 07:49:23,349.95,aud,Subscription update
ch_0007072,Paid,2024-11-21 07:50:53,188.96,aud,Subscription update
ch_0007073,Paid,2024-11-21 11:33:11,197.94,aud,Subscription update
ch_0007074,Paid,2024-11-21 12:07:33,208.27,aud,Subscription update
ch_0007075,Paid,2024-11-21 13:40:13,197.99,aud,Subscription update
ch_0007076,Paid,2024-11-21 14:33:21,1738.5,aud,Package initiation
ch_0007077,Paid,2024-11-21 15:43:56,350.67,aud,Subscription update
ch_0007078,Paid,2024-11-21 18:33:44,604.63,aud,Subscription update
ch_0007079,Paid,2024-11-22 07:01:47,194.5,aud,Subscription update
ch_0007080,Paid,2024-11-22 11:30:01,346.9,aud,Subscription update
ch_0007081,Paid,2024-11-22 14:20:07,202.82,aud,Subscription update
ch_0007082,Paid,2024-11-22 16:09:58,350.74,aud,Subscription update
ch_0007083,Paid,2024-11-22 17:54:25,200.69,aud,Subscription update
ch_0007084,Paid,2024-11-22 20:18:37,195.52,aud,Subscription update
ch_0007085,Paid,2024-11-23 06:05:41,581.86,aud,Subscription update
ch_0007086,Paid,2024-11-23 06:45:04,349.22,aud,Subscription update
ch_0007087,Paid,2024-11-23 07:59:44,195.69,aud,Subscription creation
ch_0007088,Paid,2024-11-23 08:56:25,309.03,aud,IV League - Booking
ch_0007089,Paid,2024-11-23 09:13:45,201.69,aud,Subscription update
ch_0007090,Paid,2024-11-23 10:00:35,350.59,aud,Subscription update
ch_0007091,Paid,2024-11-23 12:57:21,199.9,aud,Subscription update
ch_0007092,Paid,2024-11-23 16:03:24,344.41,aud,Subscription update
ch_0007093,Paid,2024-11-23 18:06:08,205.67,aud,Subscription update
ch_0007094,Paid,2024-11-23 19:40:54,350.96,aud,Subscription update
ch_0007095,Paid,2024-11-24 06:34:26,200.51,aud,Subscription update
ch_0007096,Paid,2024-11-24 12:06:59,345.4,aud,Subscription creation
ch_0007097,Paid,2024-11-24 15:33:40,342.18,aud,Subscription update
ch_0007098,Paid,2024-11-24 20:40:46,342.32,aud,Subscription update
ch_0007099,Paid,2024-11-25 08:42:06,353.82,aud,Subscription update
ch_0007100,Paid,2024-11-25 11:06:50,348.31,aud,Subscription creation
ch_0007101,Paid,2024-11-25 16:10:32,190.8,aud,Subscription update
ch_0007102,Paid,2024-11-25 17:29:54,590.41,aud,Subscription update
ch_0007103,Paid,2024-11-25 19:29:39,355.65,aud,Subscription creation
ch_0007104,Paid,2024-11-25 20:49:30,200.17,aud,Subscription update
ch_0007105,Paid,2024-11-26 06:26:39,202.2,aud,Subscription update
ch_0007106,Paid,2024-11-26 11:37:23,609.08,aud,Subscription update
ch_0007107,Paid,2024-11-26 13:07:31,597.67,aud,Subscription update
ch_0007108,Paid,2024-11-26 13:49:27,350.13,aud,Subscription update
ch_0007109,Paid,2024-11-26 18:11:53,215.52,aud,Subscription update
ch_0007110,Paid,2024-11-27 08:51:51,200.06,aud,Subscription update
ch_0007111,Paid,2024-11-27 09:18:27,349.66,aud,Subscription update
ch_0007112,Paid,2024-11-27 11:02:05,192.12,aud,Subscription update
ch_0007113,Paid,2024-11-27 12:13:31,355.82,aud,Subscription update
ch_0007114,Paid,2024-11-27 12:56:21,200.57,aud,Subscription update
ch_0007115,Paid,2024-11-27 14:21:15,201.39,aud,Subscription update
ch_0007116,Paid,2024-11-27 16:17:57,197.0,aud,Subscription update
ch_0007117,Paid,2024-11-27 19:56:53,208.43,aud,Subscription update
ch_0007118,Paid,2024-11-27 20:23:56,342.36,aud,Subscription update
ch_0007119,Paid,2024-11-28 06:12:12,2258.18,aud,Package initiation
ch_0007120,Paid,2024-11-28 07:54:42,613.44,aud,Subscription creation
ch_0007121,Paid,2024-11-28 08:04:40,361.85,aud,Subscription update
ch_0007122,Paid,2024-11-28 09:27:43,194.6,aud,Subscription update
ch_0007123,Paid,2024-11-28 09:40:06,201.28,aud,Subscription update
ch_0007124,Paid,2024-11-28 10:05:11,202.86,aud,Subscription update
ch_0007125,Paid,2024-11-28 10:57:03,358.68,aud,Subscription update
ch_0007126,Paid,2024-11-28 12:28:45,200.57,aud,Subscription update
ch_0007127,Paid,2024-11-28 18:18:38,200.92,aud,Subscription update
ch_0007128,Paid,2024-11-29 08:45:00,347.06,aud,Subscription update
ch_0007129,Paid,2024-11-29 19:16:33,197.77,aud,Subscription update
ch_0007130,Paid,2024-11-29 20:15:31,196.16,aud,Subscription update
ch_0007131,Paid,2024-11-30 08:27:08,362.43,aud,Subscription update
ch_0007132,Paid,2024-11-30 09:23:56,196.18,aud,Subscription update
ch_0007133,Paid,2024-11-30 15:08:07,203.47,aud,Subscription update
ch_0007134,Paid,2024-11-30 15:10:13,193.01,aud,Subscription update
ch_0007135,Paid,2024-11-30 15:18:27,207.26,aud,Subscription update
ch_0007136,Paid,2024-11-30 16:17:06,203.1,aud,Subscription update
ch_0007137,Paid,2024-11-30 16:30:35,195.25,aud,Subscription update
ch_0007138,Paid,2024-11-30 16:45:20,196.35,aud,Subscription update
ch_0007139,Paid,2024-11-30 17:03:37,1795.51,aud,Invoice payment
ch_0007140,Paid,2024-11-30 20:09:03,201.44,aud,Subscription update
ch_0007141,Paid,2024-11-30 20:18:37,197.63,aud,Subscription update
ch_0007142,Paid,2024-12-01 08:58:56,195.62,aud,Subscription update
ch_0007143,Paid,2024-12-01 10:35:52,203.61,aud,Subscription update
ch_0007144,Paid,2024-12-01 12:22:18,354.1,aud,Subscription update
ch_0007145,Paid,2024-12-01 13:07:28,203.17,aud,Subscription update
ch_0007146,Paid,2024-12-01 14:20:43,571.01,aud,Subscription update
ch_0007147,Paid,2024-12-01 14:35:34,623.48,aud,Subscription update
ch_0007148,Paid,2024-12-01 14:40:35,205.31,aud,Subscription creation
ch_0007149,Paid,2024-12-01 16:47:40,206.71,aud,Subscription update
ch_0007150,Paid,2024-12-01 17:09:47,202.27,aud,Subscription update
ch_0007151,Paid,2024-12-01 17:15:20,353.84,aud,Subscription update
ch_0007152,Paid,2024-12-01 17:42:26,199.57,aud,Subscription update
ch_0007153,Paid,2024-12-01 18:03:16,353.5,aud,Subscription update
ch_0007154,Paid,2024-12-01 19:10:19,201.83,aud,Subscription update
ch_0007155,Paid,2024-12-01 20:18:12,202.62,aud,Subscription update
ch_0007156,Paid,2024-12-01 20:35:41,344.02,aud,Subscription creation
ch_0007157,Paid,2024-12-02 08:52:13,198.04,aud,Subscription update
ch_0007158,Paid,2024-12-02 10:12:16,198.85,aud,Subscription update
ch_0007159,Paid,2024-12-02 12:28:27,345.44,aud,Subscription update
ch_0007160,Paid,2024-12-02 15:33:01,198.98,aud,Subscription creation
ch_0007161,Paid,2024-12-02 17:45:20,341.89,aud,Subscription update
ch_0007162,Paid,2024-12-02 18:18:10,193.72,aud,Subscription update
ch_0007163,Paid,2024-12-02 20:00:03,355.86,aud,Subscription update
ch_0007164,Paid,2024-12-03 06:43:38,601.1,aud,Subscription update
ch_0007165,Paid,2024-12-03 10:26:29,610.56,aud,Subscription update
ch_0007166,Paid,2024-12-03 10:37:03,199.33,aud,Subscription creation
ch_0007167,Paid,2024-12-03 13:33:12,199.72,aud,Subscription update
ch_0007168,Paid,2024-12-03 13:38:52,194.2,aud,Subscription update
ch_0007169,Paid,2024-12-04 06:12:43,202.27,aud,Subscription creation
ch_0007170,Paid,2024-12-04 11:43:38,202.73,aud,Subscription update
ch_0007171,Paid,2024-12-04 11:53:08,195.21,aud,Subscription update
ch_0007172,Paid,2024-12-04 13:21:53,352.61,aud,Subscription creation
ch_0007173,Paid,2024-12-04 13:38:05,198.81,aud,Subscription update
ch_0007174,Paid,2024-12-04 14:30:32,195.26,aud,Subscription update
ch_0007175,Paid,2024-12-04 17:27:11,348.68,aud,Subscription update
ch_0007176,Paid,2024-12-04 18:12:18,198.12,aud,Subscription update
ch_0007177,Paid,2024-12-04 18:37:07,200.41,aud,Subscription update
ch_0007178,Refunded,2024-12-05 07:22:44,349.0,aud,Subscription update
ch_0007179,Paid,2024-12-05 08:17:29,204.39,aud,Subscription update
ch_0007180,Paid,2024-12-05 10:25:38,202.2,aud,Subscription update
ch_0007181,Paid,2024-12-05 13:31:30,340.74,aud,Subscription update
ch_0007182,Paid,2024-12-05 15:13:25,340.78,aud,Subscription update
ch_0007183,Paid,2024-12-05 15:17:59,201.34,aud,Subscription creation
ch_0007184,Paid,2024-12-05 16:11:51,1988.69,aud,Package initiation
ch_0007185,Paid,2024-12-05 19:29:03,200.26,aud,Subscription update
ch_0007186,Paid,2024-12-06 08:40:49,205.39,aud,Subscription update
ch_0007187,Paid,2024-12-06 10:08:35,595.63,aud,Subscription update
ch_0007188,Paid,2024-12-06 10:56:07,224.96,aud,IV League - Booking
ch_0007189,Paid,2024-12-06 11:13:07,2233.02,aud,Package initiation
ch_0007190,Paid,2024-12-06 13:57:14,327.83,aud,Subscription update
ch_0007191,Paid,2024-12-06 15:01:03,200.26,aud,Subscription update
ch_0007192,Paid,2024-12-06 16:40:50,586.92,aud,Subscription creation
ch_0007193,Paid,2024-12-07 06:26:19,598.55,aud,Subscription update
ch_0007194,Paid,2024-12-07 08:49:04,333.89,aud,Subscription update
ch_0007195,Paid,2024-12-07 10:00:36,2832.35,aud,Package initiation
ch_0007196,Paid,2024-12-07 10:15:38,202.34,aud,Subscription update
ch_0007197,Paid,2024-12-07 19:08:18,358.97,aud,Subscription update
ch_0007198,Paid,2024-12-08 06:21:40,196.67,aud,Subscription update
ch_0007199,Paid,2024-12-08 08:15:05,203.06,aud,Subscription update
ch_0007200,Paid,2024-12-08 10:49:23,607.6,aud,Subscription update
ch_0007201,Paid,2024-12-08 13:23:17,353.08,aud,Subscription update
ch_0007202,Paid,2024-12-08 17:44:40,197.86,aud,Subscription update
ch_0007203,Paid,2024-12-08 19:19:18,193.38,aud,Subscription update
ch_0007204,Paid,2024-12-09 06:42:37,600.02,aud,Subscription update
ch_0007205,Paid,2024-12-09 07:51:29,313.75,aud,IV League - Booking
ch_0007206,Paid,2024-12-09 12:01:32,596.47,aud,Subscription update
ch_0007207,Paid,2024-12-09 15:16:03,202.37,aud,Subscription update
ch_0007208,Paid,2024-12-09 15:44:26,349.42,aud,Subscription update
ch_0007209,Paid,2024-12-09 17:26:42,197.17,aud,Subscription update
ch_0007210,Paid,2024-12-09 18:03:13,204.16,aud,Subscription update
ch_0007211,Paid,2024-12-09 18:31:47,342.12,aud,Subscription update
ch_0007212,Paid,2024-12-09 20:29:50,196.22,aud,Subscription creation
ch_0007213,Paid,2024-12-10 07:58:42,347.63,aud,Subscription update
ch_0007214,Paid,2024-12-10 09:10:24,607.27,aud,Subscription update
ch_0007215,Paid,2024-12-10 11:43:01,348.84,aud,Subscription update
ch_0007216,Paid,2024-12-10 13:05:47,199.89,aud,Subscription update
ch_0007217,Paid,2024-12-10 17:29:31,244.98,aud,Initial consultation
ch_0007218,Paid,2024-12-10 19:53:23,195.45,aud,Subscription update
ch_0007219,Paid,2024-12-11 07:27:14,193.94,aud,Subscription update
ch_0007220,Paid,2024-12-11 10:27:03,341.89,aud,Subscription update
ch_0007221,Paid,2024-12-11 19:01:15,200.84,aud,Subscription creation
ch_0007222,Paid,2024-12-11 19:22:43,353.22,aud,Subscription update
ch_0007223,Paid,2024-12-11 19:54:06,335.4,aud,Subscription update
ch_0007224,Paid,2024-12-11 20:32:59,195.41,aud,Subscription update
ch_0007225,Paid,2024-12-12 08:09:38,193.65,aud,Subscription update
ch_0007226,Paid,2024-12-12 11:02:47,201.14,aud,Subscription update
ch_0007227,Paid,2024-12-12 17:09:31,429.43,aud,IV League - Booking
ch_0007228,Paid,2024-12-12 18:20:11,195.04,aud,Subscription update
ch_0007229,Paid,2024-12-13 08:53:21,198.54,aud,Subscription update
ch_0007230,Paid,2024-12-13 12:04:19,204.52,aud,Subscription update
ch_0007231,Paid,2024-12-13 12:38:54,199.48,aud,Subscription update
ch_0007232,Paid,2024-12-13 15:10:47,353.95,aud,Subscription update
ch_0007233,Paid,2024-12-13 16:40:19,341.16,aud,Subscription creation
ch_0007234,Paid,2024-12-13 17:12:05,612.29,aud,Subscription creation
ch_0007235,Paid,2024-12-13 17:39:20,198.5,aud,Subscription update
ch_0007236,Paid,2024-12-13 17:45:33,356.06,aud,Subscription update
ch_0007237,Paid,2024-12-13 20:25:32,354.7,aud,Subscription creation
ch_0007238,Paid,2024-12-14 06:50:42,614.01,aud,Subscription update
ch_0007239,Paid,2024-12-14 10:02:35,202.55,aud,Subscription update
ch_0007240,Paid,2024-12-14 12:49:53,615.45,aud,Subscription update
ch_0007241,Paid,2024-12-14 13:36:42,202.41,aud,Subscription update
ch_0007242,Paid,2024-12-14 17:40:59,199.4,aud,Subscription update
ch_0007243,Paid,2024-12-14 17:45:18,343.39,aud,Subscription update
ch_0007244,Paid,2024-12-14 19:25:46,199.9,aud,Subscription update
ch_0007245,Paid,2024-12-14 19:37:09,601.15,aud,Subscription update
ch_0007246,Paid,2024-12-15 08:03:45,617.05,aud,Subscription update
ch_0007247,Paid,2024-12-15 12:21:43,1973.58,aud,Package initiation
ch_0007248,Paid,2024-12-15 15:38:48,619.44,aud,Subscription creation
ch_0007249,Paid,2024-12-15 15:59:53,352.85,aud,Subscription update
ch_0007250,Paid,2024-12-15 16:06:50,193.25,aud,Subscription update
ch_0007251,Paid,2024-12-15 20:35:06,350.0,aud,Subscription update
ch_0007252,Paid,2024-12-16 07:14:48,195.05,aud,Subscription update
ch_0007253,Paid,2024-12-16 07:53:39,202.46,aud,Subscription update
ch_0007254,Paid,2024-12-16 08:21:56,201.53,aud,Subscription update
ch_0007255,Paid,2024-12-16 08:33:10,350.37,aud,Subscription update
ch_0007256,Paid,2024-12-16 08:57:58,354.89,aud,Subscription update
ch_0007257,Paid,2024-12-16 10:47:18,344.16,aud,Subscription update
ch_0007258,Paid,2024-12-16 14:33:03,199.34,aud,Subscription update
ch_0007259,Paid,2024-12-16 14:47:11,199.37,aud,Subscription update
ch_0007260,Paid,2024-12-16 15:40:10,204.46,aud,Subscription update
ch_0007261,Paid,2024-12-16 17:41:14,620.44,aud,Subscription update
ch_0007262,Paid,2024-12-16 20:26:57,199.26,aud,Subscription creation
ch_0007263,Paid,2024-12-16 20:36:20,588.22,aud,Subscription update
ch_0007264,Paid,2024-12-17 06:40:36,2001.61,aud,Package initiation
ch_0007265,Paid,2024-12-17 07:29:33,601.65,aud,Subscription update
ch_0007266,Paid,2024-12-17 10:20:58,340.34,aud,Subscription update
ch_0007267,Paid,2024-12-17 16:18:25,335.73,aud,Subscription update
ch_0007268,Paid,2024-12-17 17:12:14,197.47,aud,Subscription update
ch_0007269,Paid,2024-12-17 17:57:02,202.99,aud,Subscription update
ch_0007270,Paid,2024-12-17 19:26:14,352.73,aud,Subscription creation
ch_0007271,Paid,2024-12-18 09:16:50,180.65,aud,IV League - Booking
ch_0007272,Paid,2024-12-18 09:20:58,198.32,aud,Subscription update
ch_0007273,Paid,2024-12-18 09:42:06,473.8,aud,IV League - Booking
ch_0007274,Paid,2024-12-18 09:59:07,341.93,aud,Subscription update
ch_0007275,Paid,2024-12-18 11:24:54,346.91,aud,Subscription update
ch_0007276,Paid,2024-12-18 11:25:29,2614.38,aud,Package initiation
ch_0007277,Paid,2024-12-18 11:35:55,197.21,aud,Subscription update
ch_0007278,Paid,2024-12-18 11:38:40,349.15,aud,Subscription update
ch_0007279,Paid,2024-12-18 13:27:51,204.7,aud,Subscription update
ch_0007280,Paid,2024-12-18 13:46:59,194.81,aud,Subscription update
ch_0007281,Paid,2024-12-18 14:33:05,196.79,aud,Subscription update
ch_0007282,Paid,2024-12-18 15:57:40,578.73,aud,Subscription update
ch_0007283,Paid,2024-12-18 16:34:50,201.56,aud,Subscription update
ch_0007284,Paid,2024-12-19 06:22:42,347.69,aud,Subscription update
ch_0007285,Paid,2024-12-19 07:31:01,190.82,aud,Subscription update
ch_0007286,Paid,2024-12-19 09:04:10,360.83,aud,Subscription update
ch_0007287,Paid,2024-12-19 09:06:19,618.35,aud,Subscription update
ch_0007288,Paid,2024-12-19 12:08:51,198.95,aud,Subscription update
ch_0007289,Paid,2024-12-19 12:51:41,351.08,aud,Subscription update
ch_0007290,Paid,2024-12-19 19:10:02,203.54,aud,Subscription creation
ch_0007291,Paid,2024-12-19 20:39:47,2265.36,aud,Package initiation
ch_0007292,Paid,2024-12-20 07:33:17,602.09,aud,Subscription update
ch_0007293,Failed,2024-12-20 08:07:18,349.0,aud,Subscription update
ch_0007294,Paid,2024-12-20 10:42:06,204.48,aud,Subscription update
ch_0007295,Paid,2024-12-20 11:57:43,601.54,aud,Subscription update
ch_0007296,Paid,2024-12-20 13:37:54,344.56,aud,Subscription update
ch_0007297,Paid,2024-12-20 16:07:11,204.73,aud,Subscription update
ch_0007298,Paid,2024-12-20 17:54:44,200.99,aud,Subscription update
ch_0007299,Paid,2024-12-20 18:12:27,204.53,aud,Subscription creation
ch_0007300,Paid,2024-12-20 18:54:22,355.33,aud,Subscription update
ch_0007301,Paid,2024-12-21 07:21:35,203.12,aud,Subscription update
ch_0007302,Paid,2024-12-21 07:25:38,622.99,aud,Subscription update
ch_0007303,Paid,2024-12-21 08:12:56,197.42,aud,Subscription update
ch_0007304,Paid,2024-12-21 10:43:14,199.7,aud,Subscription update
ch_0007305,Paid,2024-12-21 12:29:01,201.17,aud,Subscription update
ch_0007306,Paid,2024-12-21 12:46:56,205.97,aud,Subscription update
ch_0007307,Paid,2024-12-21 13:28:14,197.64,aud,Subscription update
ch_0007308,Paid,2024-12-21 13:42:59,606.69,aud,Subscription update
ch_0007309,Paid,2024-12-21 16:17:52,343.17,aud,Subscription creation
ch_0007310,Paid,2024-12-21 17:33:22,205.54,aud,Subscription update
ch_0007311,Paid,2024-12-22 07:16:23,196.72,aud,Subscription update
ch_0007312,Paid,2024-12-22 08:16:54,361.26,aud,Subscription creation
ch_0007313,Paid,2024-12-22 11:16:45,344.45,aud,Subscription update
ch_0007314,Paid,2024-12-22 12:18:38,195.96,aud,Subscription update
ch_0007315,Paid,2024-12-22 13:42:46,416.0,aud,Initial consultation
ch_0007316,Paid,2024-12-22 15:44:00,605.29,aud,Subscription update
ch_0007317,Paid,2024-12-22 15:48:22,347.41,aud,Subscription creation
ch_0007318,Paid,2024-12-22 17:26:40,350.59,aud,Subscription update
ch_0007319,Paid,2024-12-22 19:17:20,348.42,aud,Subscription update
ch_0007320,Paid,2024-12-22 19:44:29,609.12,aud,Subscription creation
ch_0007321,Paid,2024-12-23 06:40:11,199.94,aud,Subscription update
ch_0007322,Paid,2024-12-23 07:21:58,201.04,aud,Subscription update
ch_0007323,Paid,2024-12-23 07:36:42,347.98,aud,Subscription update
ch_0007324,Paid,2024-12-23 08:26:58,200.77,aud,Subscription update
ch_0007325,Paid,2024-12-23 08:54:23,196.76,aud,Subscription update
ch_0007326,Paid,2024-12-23 10:29:56,363.48,aud,Subscription update
ch_0007327,Paid,2024-12-23 13:52:49,206.21,aud,Subscription update
ch_0007328,Paid,2024-12-23 15:26:23,608.75,aud,Subscription update
ch_0007329,Paid,2024-12-23 15:42:23,352.65,aud,Subscription update
ch_0007330,Paid,2024-12-23 16:47:04,589.46,aud,Subscription update
ch_0007331,Paid,2024-12-23 17:01:03,596.54,aud,Subscription update
ch_0007332,Paid,2024-12-23 18:05:06,185.22,aud,Subscription update
ch_0007333,Paid,2024-12-23 18:52:36,591.09,aud,Subscription update
ch_0007334,Paid,2024-12-23 20:50:50,194.07,aud,Subscription update
ch_0007335,Paid,2024-12-24 06:31:43,349.07,aud,Subscription update
ch_0007336,Paid,2024-12-24 07:21:22,206.74,aud,Subscription update
ch_0007337,Paid,2024-12-24 09:11:02,203.36,aud,Subscription update
ch_0007338,Paid,2024-12-24 10:14:11,594.81,aud,Subscription update
ch_0007339,Paid,2024-12-24 11:38:06,198.09,aud,Subscription update
ch_0007340,Paid,2024-12-24 12:08:12,198.79,aud,Subscription creation
ch_0007341,Paid,2024-12-24 13:33:31,197.72,aud,Subscription update
ch_0007342,Paid,2024-12-24 14:05:11,199.15,aud,Subscription creation
ch_0007343,Paid,2024-12-24 14:31:19,201.78,aud,Subscription update
ch_0007344,Paid,2024-12-24 16:05:32,199.36,aud,Subscription creation
ch_0007345,Paid,2024-12-24 16:51:32,203.93,aud,Subscription update
ch_0007346,Paid,2024-12-24 16:51:33,338.07,aud,Subscription update
ch_0007347,Paid,2024-12-25 08:50:04,337.33,aud,Subscription update
ch_0007348,Paid,2024-12-25 09:19:52,600.2,aud,Subscription update
ch_0007349,Paid,2024-12-25 10:31:31,200.8,aud,Subscription update
ch_0007350,Paid,2024-12-25 12:43:28,191.41,aud,Subscription update
ch_0007351,Paid,2024-12-25 16:48:16,200.56,aud,Subscription update
ch_0007352,Paid,2024-12-25 20:20:42,201.71,aud,Subscription update
ch_0007353,Paid,2024-12-25 20:22:53,193.52,aud,Subscription update
ch_0007354,Paid,2024-12-26 11:40:26,194.26,aud,Subscription creation
ch_0007355,Paid,2024-12-26 11:54:44,601.37,aud,Subscription update
ch_0007356,Paid,2024-12-26 11:54:58,195.73,aud,Subscription update
ch_0007357,Paid,2024-12-26 18:03:31,618.58,aud,Subscription creation
ch_0007358,Paid,2024-12-26 19:31:19,196.29,aud,Subscription update
ch_0007359,Paid,2024-12-27 06:24:09,199.54,aud,Subscription update
ch_0007360,Paid,2024-12-27 06:54:53,195.95,aud,Subscription update
ch_0007361,Paid,2024-12-27 09:17:05,202.83,aud,Subscription update
ch_0007362,Paid,2024-12-27 12:35:40,195.74,aud,Subscription update
ch_0007363,Paid,2024-12-27 19:05:33,345.86,aud,Subscription update
ch_0007364,Paid,2024-12-28 06:38:15,194.23,aud,Subscription creation
ch_0007365,Paid,2024-12-28 10:35:27,198.51,aud,Subscription update
ch_0007366,Paid,2024-12-28 11:41:04,580.3,aud,Subscription update
ch_0007367,Paid,2024-12-28 14:03:20,196.77,aud,Subscription update
ch_0007368,Paid,2024-12-28 14:34:54,344.88,aud,Subscription update
ch_0007369,Paid,2024-12-28 15:06:42,191.95,aud,Subscription update
ch_0007370,Paid,2024-12-28 17:33:03,608.41,aud,Subscription update
ch_0007371,Paid,2024-12-28 18:56:01,203.24,aud,Subscription update
ch_0007372,Paid,2024-12-28 19:46:15,197.33,aud,Subscription update
ch_0007373,Paid,2024-12-28 20:27:23,189.93,aud,Subscription update
ch_0007374,Paid,2024-12-29 07:09:02,196.77,aud,Subscription update
ch_0007375,Paid,2024-12-29 09:45:54,193.83,aud,Subscription update
ch_0007376,Paid,2024-12-29 10:47:20,194.0,aud,Subscription update
ch_0007377,Paid,2024-12-29 12:21:10,342.93,aud,Subscription update
ch_0007378,Paid,2024-12-29 14:52:47,203.35,aud,Subscription update
ch_0007379,Paid,2024-12-29 15:26:28,177.53,aud,IV League - Booking
ch_0007380,Paid,2024-12-29 15:55:33,350.86,aud,Subscription update
ch_0007381,Paid,2024-12-29 16:33:01,198.37,aud,Subscription creation
ch_0007382,Paid,2024-12-29 16:59:22,191.58,aud,Subscription update
ch_0007383,Paid,2024-12-29 17:17:31,196.11,aud,Subscription update
ch_0007384,Paid,2024-12-29 20:24:40,199.55,aud,Subscription update
ch_0007385,Paid,2024-12-29 20:47:05,187.15,aud,IV League - Booking
ch_0007386,Paid,2024-12-30 08:08:50,198.05,aud,Subscription update
ch_0007387,Paid,2024-12-30 08:18:58,192.11,aud,Subscription update
ch_0007388,Paid,2024-12-30 08:50:10,348.48,aud,Subscription update
ch_0007389,Paid,2024-12-30 09:02:23,193.86,aud,Subscription update
ch_0007390,Paid,2024-12-30 10:15:44,193.17,aud,Subscription update
ch_0007391,Paid,2024-12-30 12:00:15,198.05,aud,Subscription update
ch_0007392,Paid,2024-12-30 12:27:03,355.67,aud,Subscription update
ch_0007393,Paid,2024-12-30 13:07:09,204.4,aud,Subscription update
ch_0007394,Paid,2024-12-30 14:35:17,200.42,aud,Subscription update
ch_0007395,Paid,2024-12-30 14:37:30,195.53,aud,Subscription update
ch_0007396,Failed,2024-12-30 16:03:15,349.0,aud,Subscription update
ch_0007397,Paid,2024-12-30 20:28:23,203.12,aud,Subscription creation
ch_0007398,Paid,2024-12-30 20:49:30,199.03,aud,Subscription creation
ch_0007399,Paid,2024-12-31 06:10:38,202.69,aud,Subscription update
ch_0007400,Paid,2024-12-31 09:14:19,202.75,aud,Subscription update
ch_0007401,Paid,2024-12-31 11:24:30,201.43,aud,Subscription update
ch_0007402,Paid,2024-12-31 13:45:42,195.08,aud,Subscription update
ch_0007403,Paid,2024-12-31 13:54:08,200.94,aud,Subscription update
ch_0007404,Paid,2024-12-31 15:13:37,197.08,aud,Subscription update
ch_0007405,Paid,2024-12-31 16:02:46,592.24,aud,Subscription update
ch_0007406,Paid,2024-12-31 16:03:46,191.66,aud,Subscription creation
ch_0007407,Paid,2024-12-31 16:15:31,201.65,aud,Subscription update
ch_0007408,Paid,2024-12-31 17:02:38,198.15,aud,Subscription update
ch_0007409,Paid,2024-12-31 17:38:56,354.97,aud,Subscription update
ch_0007410,Paid,2025-01-01 07:12:19,723.9,aud,Longevity panel
ch_0007411,Paid,2025-01-01 08:34:59,194.48,aud,Subscription update
ch_0007412,Paid,2025-01-01 11:54:40,598.81,aud,Subscription creation
ch_0007413,Paid,2025-01-01 12:58:49,613.62,aud,Subscription update
ch_0007414,Paid,2025-01-01 19:18:14,357.81,aud,Subscription update
ch_0007415,Paid,2025-01-01 20:11:30,349.88,aud,Subscription update
ch_0007416,Paid,2025-01-02 08:38:58,194.0,aud,Subscription creation
ch_0007417,Paid,2025-01-02 08:39:27,198.97,aud,Subscription update
ch_0007418,Paid,2025-01-02 08:53:52,206.24,aud,Subscription update
ch_0007419,Paid,2025-01-02 09:06:27,201.37,aud,Subscription update
ch_0007420,Paid,2025-01-02 12:33:48,352.29,aud,Subscription update
ch_0007421,Paid,2025-01-02 12:43:27,191.76,aud,Subscription update
ch_0007422,Paid,2025-01-02 18:05:30,349.93,aud,Subscription update
ch_0007423,Paid,2025-01-02 18:08:28,202.03,aud,Subscription update
ch_0007424,Paid,2025-01-02 18:08:31,346.13,aud,Subscription creation
ch_0007425,Paid,2025-01-02 18:24:03,191.99,aud,Subscription update
ch_0007426,Paid,2025-01-03 07:02:21,195.35,aud,Subscription update
ch_0007427,Paid,2025-01-03 08:48:33,349.69,aud,Subscription update
ch_0007428,Paid,2025-01-03 12:09:06,339.91,aud,Subscription update
ch_0007429,Paid,2025-01-03 17:32:32,199.14,aud,Subscription update
ch_0007430,Paid,2025-01-03 18:39:01,203.84,aud,Subscription update
ch_0007431,Paid,2025-01-04 09:52:41,198.82,aud,Subscription update
ch_0007432,Paid,2025-01-04 13:14:32,203.97,aud,Subscription update
ch_0007433,Paid,2025-01-04 13:55:48,344.84,aud,Subscription update
ch_0007434,Paid,2025-01-04 14:02:16,193.05,aud,Subscription update
ch_0007435,Paid,2025-01-04 17:53:35,356.53,aud,Subscription update
ch_0007436,Paid,2025-01-04 18:33:54,191.38,aud,Subscription creation
ch_0007437,Paid,2025-01-04 19:52:46,573.69,aud,Subscription update
ch_0007438,Paid,2025-01-05 06:00:37,600.08,aud,Subscription update
ch_0007439,Paid,2025-01-05 06:22:37,347.48,aud,Subscription update
ch_0007440,Paid,2025-01-05 10:44:51,351.78,aud,Subscription update
ch_0007441,Paid,2025-01-05 11:00:14,354.54,aud,Subscription creation
ch_0007442,Paid,2025-01-05 12:12:26,201.69,aud,Subscription update
ch_0007443,Paid,2025-01-05 12:35:12,197.2,aud,Subscription update
ch_0007444,Paid,2025-01-05 14:42:05,198.19,aud,Subscription update
ch_0007445,Paid,2025-01-05 17:12:03,193.93,aud,Subscription creation
ch_0007446,Paid,2025-01-05 17:33:10,193.61,aud,Subscription update
ch_0007447,Paid,2025-01-05 17:40:49,343.39,aud,Subscription update
ch_0007448,Paid,2025-01-05 19:18:44,188.49,aud,Subscription update
ch_0007449,Paid,2025-01-05 20:07:30,349.18,aud,Subscription update
ch_0007450,Paid,2025-01-05 20:20:38,356.07,aud,Subscription update
ch_0007451,Paid,2025-01-06 11:28:54,203.87,aud,Subscription update
ch_0007452,Paid,2025-01-06 13:02:14,352.51,aud,Subscription update
ch_0007453,Paid,2025-01-06 13:47:56,367.15,aud,Subscription creation
ch_0007454,Paid,2025-01-06 13:57:53,202.01,aud,Subscription update
ch_0007455,Paid,2025-01-06 14:19:02,582.22,aud,Subscription update
ch_0007456,Paid,2025-01-06 14:30:42,600.12,aud,Subscription creation
ch_0007457,Paid,2025-01-06 17:24:40,604.76,aud,Subscription update
ch_0007458,Paid,2025-01-06 18:03:45,591.68,aud,Subscription update
ch_0007459,Paid,2025-01-07 06:08:26,200.26,aud,Subscription update
ch_0007460,Paid,2025-01-07 06:56:10,202.35,aud,Subscription update
ch_0007461,Paid,2025-01-07 07:46:04,597.11,aud,Subscription update
ch_0007462,Paid,2025-01-07 13:06:55,193.29,aud,Subscription update
ch_0007463,Paid,2025-01-07 15:06:03,195.68,aud,Subscription update
ch_0007464,Paid,2025-01-07 18:06:33,193.38,aud,Subscription update
ch_0007465,Paid,2025-01-08 06:13:29,351.93,aud,Subscription creation
ch_0007466,Paid,2025-01-08 06:13:49,199.09,aud,Subscription update
ch_0007467,Paid,2025-01-08 06:39:51,352.97,aud,Subscription creation
ch_0007468,Paid,2025-01-08 06:44:35,602.38,aud,Subscription update
ch_0007469,Paid,2025-01-08 10:09:34,350.7,aud,Subscription update
ch_0007470,Paid,2025-01-08 12:50:50,349.58,aud,Subscription update
ch_0007471,Paid,2025-01-08 17:24:24,206.82,aud,Subscription update
ch_0007472,Paid,2025-01-08 18:19:43,341.57,aud,Subscription creation
ch_0007473,Paid,2025-01-09 06:59:08,603.24,aud,Subscription update
ch_0007474,Paid,2025-01-09 07:13:32,351.61,aud,Subscription update
ch_0007475,Paid,2025-01-09 07:38:17,203.46,aud,Subscription update
ch_0007476,Paid,2025-01-09 07:49:58,355.71,aud,Subscription update
ch_0007477,Paid,2025-01-09 09:48:08,351.25,aud,Subscription update
ch_0007478,Paid,2025-01-09 10:11:13,197.88,aud,Subscription creation
ch_0007479,Paid,2025-01-09 10:16:18,204.33,aud,Subscription update
ch_0007480,Paid,2025-01-09 12:22:45,588.55,aud,Subscription update
ch_0007481,Paid,2025-01-09 12:57:56,191.88,aud,Subscription update
ch_0007482,Paid,2025-01-09 12:58:53,614.35,aud,Subscription update
ch_0007483,Paid,2025-01-09 14:45:29,203.9,aud,Subscription update
ch_0007484,Paid,2025-01-09 17:38:20,200.78,aud,Subscription creation
ch_0007485,Paid,2025-01-09 17:54:11,1691.24,aud,Invoice payment
ch_0007486,Paid,2025-01-09 19:38:30,201.9,aud,Subscription update
ch_0007487,Paid,2025-01-10 07:07:47,194.28,aud,Subscription creation
ch_0007488,Paid,2025-01-10 08:04:01,197.38,aud,Subscription update
ch_0007489,Paid,2025-01-10 08:50:51,197.8,aud,Subscription update
ch_0007490,Paid,2025-01-10 09:07:59,203.72,aud,Subscription creation
ch_0007491,Paid,2025-01-10 12:53:57,347.93,aud,Subscription update
ch_0007492,Paid,2025-01-10 14:20:53,354.09,aud,Subscription update
ch_0007493,Paid,2025-01-10 17:07:59,194.81,aud,Subscription update
ch_0007494,Paid,2025-01-10 17:13:36,205.11,aud,Subscription update
ch_0007495,Paid,2025-01-10 17:44:55,196.77,aud,Subscription update
ch_0007496,Paid,2025-01-11 06:15:12,195.9,aud,Subscription update
ch_0007497,Paid,2025-01-11 06:17:53,209.64,aud,Subscription update
ch_0007498,Paid,2025-01-11 06:19:12,356.25,aud,Subscription update
ch_0007499,Paid,2025-01-11 07:56:53,203.23,aud,Subscription update
ch_0007500,Paid,2025-01-11 10:06:31,871.9,aud,Invoice payment
ch_0007501,Paid,2025-01-11 12:21:26,194.14,aud,Subscription update
ch_0007502,Paid,2025-01-11 13:53:40,195.34,aud,Subscription update
ch_0007503,Paid,2025-01-11 15:24:07,197.71,aud,Subscription update
ch_0007504,Paid,2025-01-11 17:43:09,201.84,aud,Subscription update
ch_0007505,Paid,2025-01-11 19:34:56,349.58,aud,Subscription update
ch_0007506,Paid,2025-01-11 20:19:51,201.31,aud,Subscription update
ch_0007507,Paid,2025-01-12 07:54:42,2446.66,aud,Package initiation
ch_0007508,Paid,2025-01-12 08:33:05,193.45,aud,IV League - Booking
ch_0007509,Paid,2025-01-12 12:40:43,342.4,aud,Subscription update
ch_0007510,Paid,2025-01-12 14:06:05,193.95,aud,Subscription update
ch_0007511,Paid,2025-01-12 15:43:16,347.2,aud,Subscription creation
ch_0007512,Paid,2025-01-12 17:05:48,338.47,aud,Subscription update
ch_0007513,Paid,2025-01-12 17:20:24,200.4,aud,Subscription update
ch_0007514,Paid,2025-01-12 19:42:08,353.31,aud,Subscription update
ch_0007515,Paid,2025-01-12 20:36:06,349.36,aud,Subscription update
ch_0007516,Paid,2025-01-13 09:37:55,197.66,aud,Subscription update
ch_0007517,Paid,2025-01-13 10:31:17,574.36,aud,Subscription update
ch_0007518,Paid,2025-01-13 11:23:32,599.17,aud,Subscription update
ch_0007519,Failed,2025-01-13 11:33:34,349.0,aud,Subscription update
ch_0007520,Paid,2025-01-13 11:46:05,604.96,aud,Subscription update
ch_0007521,Paid,2025-01-13 13:23:04,276.71,aud,IV League - Booking
ch_0007522,Paid,2025-01-13 13:37:08,201.35,aud,Subscription update
ch_0007523,Paid,2025-01-13 13:51:49,344.5,aud,Subscription update
ch_0007524,Paid,2025-01-13 14:09:24,198.94,aud,Subscription update
ch_0007525,Paid,2025-01-13 14:30:05,354.52,aud,Subscription update
ch_0007526,Paid,2025-01-13 15:36:13,603.67,aud,Subscription update
ch_0007527,Paid,2025-01-13 16:46:08,189.82,aud,Subscription update
ch_0007528,Paid,2025-01-13 17:11:40,200.8,aud,Subscription update
ch_0007529,Paid,2025-01-13 20:45:35,202.64,aud,Subscription update
ch_0007530,Paid,2025-01-14 07:14:33,611.06,aud,Subscription update
ch_0007531,Paid,2025-01-14 07:26:07,626.82,aud,Subscription update
ch_0007532,Paid,2025-01-14 11:58:48,198.29,aud,Subscription update
ch_0007533,Paid,2025-01-14 16:04:57,585.11,aud,Subscription update
ch_0007534,Paid,2025-01-14 16:24:15,199.53,aud,Subscription update
ch_0007535,Paid,2025-01-14 18:16:00,190.14,aud,Subscription update
ch_0007536,Paid,2025-01-14 19:45:17,193.37,aud,Subscription update
ch_0007537,Paid,2025-01-14 20:24:41,197.72,aud,Subscription update
ch_0007538,Paid,2025-01-14 20:50:18,200.27,aud,Subscription update
ch_0007539,Paid,2025-01-15 06:07:22,197.84,aud,Subscription update
ch_0007540,Paid,2025-01-15 06:51:36,587.7,aud,Subscription update
ch_0007541,Paid,2025-01-15 09:04:54,202.41,aud,Subscription update
ch_0007542,Paid,2025-01-15 11:42:41,197.76,aud,Subscription update
ch_0007543,Paid,2025-01-15 12:19:56,602.22,aud,Subscription update
ch_0007544,Paid,2025-01-15 14:38:48,350.5,aud,Subscription update
ch_0007545,Paid,2025-01-15 15:16:38,349.47,aud,Subscription update
ch_0007546,Paid,2025-01-15 17:23:56,193.63,aud,Subscription update
ch_0007547,Paid,2025-01-16 07:16:58,341.87,aud,Subscription update
ch_0007548,Paid,2025-01-16 07:42:25,349.42,aud,Subscription update
ch_0007549,Paid,2025-01-16 08:28:25,361.62,aud,Subscription update
ch_0007550,Paid,2025-01-17 09:10:30,596.17,aud,Subscription update
ch_0007551,Paid,2025-01-17 10:49:41,594.29,aud,Subscription update
ch_0007552,Paid,2025-01-17 16:50:14,352.38,aud,Subscription update
ch_0007553,Paid,2025-01-17 18:45:40,349.39,aud,Subscription update
ch_0007554,Paid,2025-01-17 19:20:09,348.53,aud,Subscription update
ch_0007555,Paid,2025-01-18 08:58:02,204.85,aud,Subscription update
ch_0007556,Paid,2025-01-18 10:07:06,197.92,aud,Subscription update
ch_0007557,Paid,2025-01-18 14:13:47,348.45,aud,Subscription update
ch_0007558,Paid,2025-01-18 15:06:17,338.99,aud,Subscription update
ch_0007559,Paid,2025-01-18 17:21:29,201.64,aud,Subscription creation
ch_0007560,Paid,2025-01-19 06:14:47,349.31,aud,Subscription update
ch_0007561,Paid,2025-01-19 07:00:38,360.23,aud,Subscription creation
ch_0007562,Paid,2025-01-19 07:44:02,203.37,aud,Subscription update
ch_0007563,Paid,2025-01-19 07:47:31,203.74,aud,Subscription update
ch_0007564,Paid,2025-01-19 08:36:59,589.64,aud,Subscription creation
ch_0007565,Paid,2025-01-19 09:07:17,601.1,aud,Subscription creation
ch_0007566,Paid,2025-01-19 09:44:55,197.92,aud,Subscription update
ch_0007567,Paid,2025-01-19 10:27:26,196.8,aud,Subscription update
ch_0007568,Paid,2025-01-19 10:31:27,194.64,aud,Subscription update
ch_0007569,Paid,2025-01-19 10:39:48,196.77,aud,Subscription update
ch_0007570,Paid,2025-01-19 14:46:00,197.55,aud,Subscription update
ch_0007571,Paid,2025-01-19 15:30:02,196.28,aud,Subscription update
ch_0007572,Paid,2025-01-19 16:21:36,198.49,aud,Subscription update
ch_0007573,Paid,2025-01-19 16:31:31,203.31,aud,Subscription update
ch_0007574,Paid,2025-01-19 19:56:31,605.5,aud,Subscription update
ch_0007575,Paid,2025-01-20 09:21:05,595.09,aud,Subscription update
ch_0007576,Paid,2025-01-20 12:11:18,352.87,aud,Subscription creation
ch_0007577,Paid,2025-01-20 12:40:58,209.77,aud,Subscription update
ch_0007578,Paid,2025-01-20 14:25:14,197.05,aud,Subscription creation
ch_0007579,Paid,2025-01-20 14:26:29,203.09,aud,Subscription update
ch_0007580,Paid,2025-01-20 16:21:13,356.34,aud,Subscription update
ch_0007581,Paid,2025-01-20 19:01:51,346.04,aud,Subscription update
ch_0007582,Paid,2025-01-21 13:14:40,345.86,aud,Subscription update
ch_0007583,Paid,2025-01-21 13:30:27,204.86,aud,Subscription update
ch_0007584,Paid,2025-01-21 20:35:55,346.59,aud,Subscription update
ch_0007585,Paid,2025-01-21 20:55:44,204.68,aud,Subscription creation
ch_0007586,Paid,2025-01-21 20:58:30,197.83,aud,Subscription update
ch_0007587,Paid,2025-01-22 06:26:35,201.21,aud,Subscription update
ch_0007588,Paid,2025-01-22 08:19:45,197.21,aud,Subscription update
ch_0007589,Paid,2025-01-22 09:34:56,204.6,aud,Subscription update
ch_0007590,Paid,2025-01-22 09:53:41,601.33,aud,Subscription update
ch_0007591,Paid,2025-01-22 10:56:14,346.53,aud,Subscription creation
ch_0007592,Paid,2025-01-22 11:48:51,195.18,aud,Subscription update
ch_0007593,Paid,2025-01-22 14:13:45,197.53,aud,Subscription update
ch_0007594,Paid,2025-01-22 15:32:06,361.73,aud,Subscription update
ch_0007595,Paid,2025-01-22 17:27:52,352.84,aud,Subscription update
ch_0007596,Paid,2025-01-22 18:28:49,349.36,aud,Subscription update
ch_0007597,Paid,2025-01-22 20:49:42,342.37,aud,Subscription update
ch_0007598,Paid,2025-01-23 06:53:09,603.38,aud,Subscription creation
ch_0007599,Paid,2025-01-23 09:55:35,196.31,aud,Subscription update
ch_0007600,Paid,2025-01-23 14:59:49,585.89,aud,Subscription update
ch_0007601,Paid,2025-01-23 15:06:47,604.44,aud,Subscription creation
ch_0007602,Paid,2025-01-23 19:58:30,202.11,aud,Subscription update
ch_0007603,Paid,2025-01-23 20:22:03,195.86,aud,Subscription creation
ch_0007604,Paid,2025-01-24 06:22:07,197.6,aud,Subscription update
ch_0007605,Paid,2025-01-24 06:28:08,201.21,aud,Subscription update
ch_0007606,Paid,2025-01-24 09:00:02,351.44,aud,Subscription update
ch_0007607,Paid,2025-01-24 09:15:46,200.55,aud,Subscription update
ch_0007608,Paid,2025-01-24 09:46:17,172.1,aud,IV League - Booking
ch_0007609,Paid,2025-01-24 11:20:10,199.41,aud,Subscription creation
ch_0007610,Paid,2025-01-24 16:51:15,200.49,aud,Subscription update
ch_0007611,Paid,2025-01-25 06:36:41,192.58,aud,Subscription update
ch_0007612,Paid,2025-01-25 10:10:33,202.08,aud,Subscription update
ch_0007613,Paid,2025-01-25 10:55:56,196.67,aud,Subscription update
ch_0007614,Paid,2025-01-25 10:59:48,607.63,aud,Subscription update
ch_0007615,Paid,2025-01-25 13:14:27,206.01,aud,Subscription update
ch_0007616,Paid,2025-01-25 14:49:11,592.14,aud,Subscription update
ch_0007617,Paid,2025-01-25 14:53:24,198.66,aud,Subscription update
ch_0007618,Paid,2025-01-25 20:38:59,200.0,aud,Subscription update
ch_0007619,Paid,2025-01-26 06:45:01,194.52,aud,Subscription update
ch_0007620,Paid,2025-01-26 07:20:40,207.08,aud,Subscription update
ch_0007621,Paid,2025-01-26 10:17:53,203.77,aud,Subscription update
ch_0007622,Paid,2025-01-26 11:16:04,202.45,aud,Subscription update
ch_0007623,Paid,2025-01-26 14:11:28,345.19,aud,Subscription update
ch_0007624,Paid,2025-01-26 16:40:53,204.97,aud,Subscription update
ch_0007625,Paid,2025-01-26 18:32:13,344.04,aud,Subscription update
ch_0007626,Paid,2025-01-26 20:22:07,348.19,aud,Subscription update
ch_0007627,Paid,2025-01-27 08:36:45,192.55,aud,Subscription update
ch_0007628,Paid,2025-01-27 10:12:15,195.3,aud,Subscription update
ch_0007629,Paid,2025-01-27 10:59:07,602.59,aud,Subscription update
ch_0007630,Paid,2025-01-27 12:04:23,346.77,aud,Subscription update
ch_0007631,Paid,2025-01-27 12:58:28,193.28,aud,Subscription update
ch_0007632,Paid,2025-01-27 15:03:49,362.81,aud,Subscription creation
ch_0007633,Paid,2025-01-27 18:57:53,323.21,aud,IV League - Booking
ch_0007634,Paid,2025-01-28 08:00:39,620.44,aud,Subscription update
ch_0007635,Paid,2025-01-28 08:45:56,200.32,aud,Subscription update
ch_0007636,Paid,2025-01-28 11:41:39,191.59,aud,Subscription update
ch_0007637,Paid,2025-01-28 12:01:04,580.03,aud,Subscription update
ch_0007638,Paid,2025-01-28 12:21:08,201.84,aud,Subscription update
ch_0007639,Paid,2025-01-28 13:32:36,204.62,aud,Subscription update
ch_0007640,Paid,2025-01-28 15:09:19,191.51,aud,Subscription update
ch_0007641,Paid,2025-01-28 17:28:41,199.25,aud,Subscription update
ch_0007642,Paid,2025-01-28 17:29:43,200.5,aud,Subscription update
ch_0007643,Paid,2025-01-28 18:24:29,346.54,aud,Subscription update
ch_0007644,Paid,2025-01-28 19:36:07,201.61,aud,Subscription update
ch_0007645,Paid,2025-01-29 08:06:15,360.39,aud,Subscription update
ch_0007646,Paid,2025-01-29 08:21:39,601.09,aud,Subscription update
ch_0007647,Paid,2025-01-29 12:18:14,349.07,aud,Subscription update
ch_0007648,Paid,2025-01-29 12:22:13,203.18,aud,Subscription update
ch_0007649,Paid,2025-01-29 12:52:19,349.51,aud,Subscription update
ch_0007650,Paid,2025-01-29 14:15:30,200.48,aud,Subscription update
ch_0007651,Paid,2025-01-29 14:32:37,193.45,aud,Subscription update
ch_0007652,Paid,2025-01-29 20:09:17,193.93,aud,Subscription update
ch_0007653,Paid,2025-01-30 06:21:22,348.11,aud,Subscription creation
ch_0007654,Paid,2025-01-30 08:44:35,198.84,aud,Subscription update
ch_0007655,Paid,2025-01-30 13:02:50,199.42,aud,Subscription update
ch_0007656,Paid,2025-01-30 13:30:57,200.82,aud,Subscription update
ch_0007657,Paid,2025-01-30 14:26:14,198.98,aud,Subscription update
ch_0007658,Paid,2025-01-30 17:45:29,198.15,aud,Subscription update
ch_0007659,Paid,2025-01-31 06:47:38,203.53,aud,Subscription update
ch_0007660,Paid,2025-01-31 13:41:46,350.82,aud,Subscription update
ch_0007661,Paid,2025-01-31 15:27:44,195.79,aud,Subscription update
ch_0007662,Paid,2025-01-31 16:40:47,615.8,aud,Subscription update
ch_0007663,Paid,2025-01-31 20:21:43,264.95,aud,IV League - Booking
ch_0007664,Paid,2025-01-31 20:26:59,195.99,aud,Subscription update
ch_0007665,Paid,2025-01-31 20:29:53,201.67,aud,Subscription update
ch_0007666,Paid,2025-02-01 06:20:45,205.28,aud,Subscription update
ch_0007667,Paid,2025-02-01 06:52:31,605.09,aud,Invoice payment
ch_0007668,Paid,2025-02-01 09:31:36,332.29,aud,Subscription update
ch_0007669,Paid,2025-02-01 09:56:33,197.15,aud,Subscription update
ch_0007670,Paid,2025-02-01 11:50:46,196.37,aud,Subscription update
ch_0007671,Paid,2025-02-01 14:22:35,345.42,aud,Subscription update
ch_0007672,Paid,2025-02-01 16:00:43,348.38,aud,Subscription update
ch_0007673,Paid,2025-02-01 17:19:21,199.72,aud,Subscription update
ch_0007674,Paid,2025-02-01 17:36:48,196.25,aud,Subscription update
ch_0007675,Paid,2025-02-01 18:21:42,194.99,aud,Subscription update
ch_0007676,Paid,2025-02-02 06:01:40,341.49,aud,Subscription update
ch_0007677,Paid,2025-02-02 08:19:55,197.5,aud,Subscription update
ch_0007678,Paid,2025-02-02 09:36:42,199.8,aud,Subscription update
ch_0007679,Paid,2025-02-02 10:25:59,203.37,aud,Subscription update
ch_0007680,Paid,2025-02-02 10:45:11,329.56,aud,Subscription update
ch_0007681,Paid,2025-02-02 14:01:50,360.08,aud,Subscription creation
ch_0007682,Paid,2025-02-02 15:31:09,613.72,aud,Subscription update
ch_0007683,Paid,2025-02-02 15:39:32,351.59,aud,Subscription update
ch_0007684,Paid,2025-02-02 17:12:01,199.96,aud,Subscription update
ch_0007685,Paid,2025-02-02 17:40:14,346.12,aud,Subscription update
ch_0007686,Paid,2025-02-03 08:16:43,203.21,aud,Subscription update
ch_0007687,Paid,2025-02-03 08:55:15,188.79,aud,Subscription update
ch_0007688,Paid,2025-02-03 10:29:09,344.82,aud,Subscription update
ch_0007689,Paid,2025-02-03 11:58:32,363.18,aud,Subscription update
ch_0007690,Paid,2025-02-03 15:44:44,628.61,aud,Subscription update
ch_0007691,Paid,2025-02-03 16:19:19,202.84,aud,Subscription update
ch_0007692,Paid,2025-02-03 16:55:43,198.19,aud,Subscription creation
ch_0007693,Paid,2025-02-03 18:36:21,203.1,aud,Subscription update
ch_0007694,Paid,2025-02-03 18:43:25,346.14,aud,Subscription update
ch_0007695,Paid,2025-02-03 18:58:12,586.08,aud,Subscription update
ch_0007696,Paid,2025-02-03 19:38:58,613.84,aud,Subscription update
ch_0007697,Paid,2025-02-04 07:49:46,195.58,aud,Subscription update
ch_0007698,Paid,2025-02-04 08:34:23,200.5,aud,Subscription update
ch_0007699,Paid,2025-02-04 13:05:44,344.62,aud,Subscription update
ch_0007700,Paid,2025-02-04 16:08:23,198.21,aud,Subscription update
ch_0007701,Paid,2025-02-04 19:50:57,202.94,aud,Subscription update
ch_0007702,Paid,2025-02-05 13:37:33,339.58,aud,Subscription update
ch_0007703,Paid,2025-02-05 16:33:04,198.48,aud,Subscription update
ch_0007704,Paid,2025-02-05 18:58:34,187.96,aud,Subscription update
ch_0007705,Paid,2025-02-05 20:00:51,347.86,aud,Subscription update
ch_0007706,Paid,2025-02-05 20:39:28,355.75,aud,Subscription update
ch_0007707,Paid,2025-02-06 06:04:24,339.52,aud,Subscription creation
ch_0007708,Paid,2025-02-06 07:51:31,590.64,aud,Subscription update
ch_0007709,Paid,2025-02-06 09:29:31,615.89,aud,Subscription update
ch_0007710,Paid,2025-02-06 10:38:28,586.69,aud,Subscription update
ch_0007711,Paid,2025-02-06 11:14:11,197.59,aud,Subscription update
ch_0007712,Paid,2025-02-06 14:11:44,587.46,aud,Subscription creation
ch_0007713,Paid,2025-02-06 16:48:16,193.4,aud,Subscription update
ch_0007714,Paid,2025-02-06 18:04:47,602.5,aud,Subscription update
ch_0007715,Paid,2025-02-06 19:07:49,198.59,aud,Subscription update
ch_0007716,Paid,2025-02-07 06:04:30,206.53,aud,Subscription update
ch_0007717,Paid,2025-02-07 08:43:44,350.59,aud,Subscription update
ch_0007718,Paid,2025-02-07 11:07:25,360.99,aud,Subscription update
ch_0007719,Paid,2025-02-07 12:14:08,609.37,aud,Subscription update
ch_0007720,Paid,2025-02-07 13:17:10,346.47,aud,Subscription update
ch_0007721,Paid,2025-02-07 15:47:00,199.0,aud,Subscription update
ch_0007722,Paid,2025-02-07 16:37:01,193.14,aud,Subscription update
ch_0007723,Paid,2025-02-07 18:43:10,351.9,aud,Subscription update
ch_0007724,Paid,2025-02-07 19:56:53,344.31,aud,Subscription creation
ch_0007725,Paid,2025-02-08 13:29:16,197.56,aud,Subscription update
ch_0007726,Paid,2025-02-08 14:57:25,199.9,aud,Subscription update
ch_0007727,Paid,2025-02-08 16:29:49,193.54,aud,Subscription creation
ch_0007728,Paid,2025-02-08 17:03:02,197.94,aud,Subscription update
ch_0007729,Paid,2025-02-08 18:23:39,207.44,aud,Subscription update
ch_0007730,Paid,2025-02-08 19:36:34,203.98,aud,Subscription update
ch_0007731,Paid,2025-02-08 20:27:23,207.74,aud,Subscription update
ch_0007732,Paid,2025-02-09 06:23:40,597.32,aud,Subscription update
ch_0007733,Paid,2025-02-09 13:43:12,195.07,aud,Subscription update
ch_0007734,Paid,2025-02-09 13:46:32,352.85,aud,Subscription update
ch_0007735,Paid,2025-02-09 15:55:49,192.5,aud,Subscription update
ch_0007736,Paid,2025-02-09 16:52:34,200.21,aud,Subscription update
ch_0007737,Paid,2025-02-09 17:31:20,341.69,aud,Subscription update
ch_0007738,Paid,2025-02-09 18:11:28,332.8,aud,Subscription update
ch_0007739,Paid,2025-02-09 18:23:44,339.59,aud,Subscription update
ch_0007740,Paid,2025-02-09 18:44:05,354.84,aud,Subscription update
ch_0007741,Paid,2025-02-10 06:47:03,194.61,aud,Subscription update
ch_0007742,Paid,2025-02-10 07:00:36,588.44,aud,Subscription update
ch_0007743,Paid,2025-02-10 09:10:12,201.42,aud,Subscription update
ch_0007744,Paid,2025-02-10 10:22:07,195.32,aud,Subscription update
ch_0007745,Paid,2025-02-10 12:38:14,348.51,aud,Subscription update
ch_0007746,Paid,2025-02-10 13:56:37,200.61,aud,Subscription creation
ch_0007747,Paid,2025-02-10 20:44:20,615.53,aud,Subscription update
ch_0007748,Paid,2025-02-11 07:51:18,353.58,aud,Subscription update
ch_0007749,Paid,2025-02-11 08:32:50,344.54,aud,Subscription update
ch_0007750,Paid,2025-02-11 08:57:35,204.19,aud,Subscription update
ch_0007751,Paid,2025-02-11 09:00:16,346.15,aud,Subscription update
ch_0007752,Paid,2025-02-11 09:16:32,190.95,aud,Subscription update
ch_0007753,Paid,2025-02-11 10:14:04,348.3,aud,Subscription update
ch_0007754,Paid,2025-02-11 12:26:07,604.77,aud,Subscription update
ch_0007755,Paid,2025-02-11 13:40:22,202.32,aud,Subscription update
ch_0007756,Paid,2025-02-11 17:40:37,194.81,aud,Subscription update
ch_0007757,Paid,2025-02-11 19:05:56,357.77,aud,Subscription update
ch_0007758,Paid,2025-02-11 20:55:57,345.92,aud,Subscription update
ch_0007759,Paid,2025-02-12 06:47:04,591.91,aud,Subscription update
ch_0007760,Paid,2025-02-12 08:58:14,205.88,aud,Subscription update
ch_0007761,Paid,2025-02-12 09:15:53,348.2,aud,Subscription update
ch_0007762,Paid,2025-02-12 14:42:43,348.79,aud,Subscription update
ch_0007763,Paid,2025-02-12 15:33:55,199.75,aud,Subscription update
ch_0007764,Paid,2025-02-12 16:55:20,340.0,aud,Subscription update
ch_0007765,Paid,2025-02-12 18:00:49,3664.54,aud,Package initiation
ch_0007766,Paid,2025-02-12 19:02:07,350.54,aud,Subscription update
ch_0007767,Paid,2025-02-12 20:07:09,201.43,aud,Subscription update
ch_0007768,Paid,2025-02-12 20:18:46,197.96,aud,Subscription update
ch_0007769,Paid,2025-02-13 07:36:53,199.56,aud,Subscription update
ch_0007770,Paid,2025-02-13 10:25:44,613.05,aud,Subscription update
ch_0007771,Paid,2025-02-13 10:37:22,201.8,aud,Subscription update
ch_0007772,Paid,2025-02-13 11:14:39,584.5,aud,Subscription update
ch_0007773,Paid,2025-02-14 07:49:21,199.45,aud,Subscription update
ch_0007774,Paid,2025-02-14 08:51:01,198.72,aud,Subscription creation
ch_0007775,Paid,2025-02-14 09:14:05,356.39,aud,Subscription update
ch_0007776,Paid,2025-02-14 11:33:00,575.04,aud,Subscription update
ch_0007777,Paid,2025-02-14 12:54:35,347.04,aud,Subscription creation
ch_0007778,Paid,2025-02-14 19:29:54,344.1,aud,Subscription update
ch_0007779,Paid,2025-02-15 07:41:54,353.2,aud,Subscription update
ch_0007780,Paid,2025-02-15 07:52:50,191.92,aud,Subscription update
ch_0007781,Paid,2025-02-15 09:16:32,352.07,aud,Subscription update
ch_0007782,Paid,2025-02-15 13:26:54,356.62,aud,Subscription update
ch_0007783,Paid,2025-02-15 14:00:47,198.04,aud,Subscription creation
ch_0007784,Paid,2025-02-15 14:38:52,202.39,aud,Subscription update
ch_0007785,Paid,2025-02-15 16:52:33,346.12,aud,Subscription update
ch_0007786,Paid,2025-02-15 17:09:58,338.74,aud,Subscription update
ch_0007787,Paid,2025-02-15 17:54:52,348.66,aud,Subscription update
ch_0007788,Paid,2025-02-15 20:18:54,206.1,aud,Subscription creation
ch_0007789,Paid,2025-02-16 07:49:41,203.47,aud,Subscription update
ch_0007790,Paid,2025-02-16 13:31:04,591.82,aud,Subscription update
ch_0007791,Paid,2025-02-16 15:39:54,344.21,aud,Subscription update
ch_0007792,Paid,2025-02-16 16:47:24,594.12,aud,Subscription update
ch_0007793,Paid,2025-02-16 18:00:25,194.91,aud,Subscription update
ch_0007794,Paid,2025-02-16 20:41:35,356.62,aud,Subscription update
ch_0007795,Paid,2025-02-16 20:55:54,194.76,aud,Subscription update
ch_0007796,Paid,2025-02-17 06:09:47,206.64,aud,Subscription creation
ch_0007797,Paid,2025-02-17 08:13:47,200.28,aud,Subscription creation
ch_0007798,Paid,2025-02-17 08:42:13,367.73,aud,Subscription update
ch_0007799,Paid,2025-02-17 09:22:15,341.18,aud,Subscription update
ch_0007800,Paid,2025-02-17 09:24:31,2237.23,aud,Package initiation
ch_0007801,Paid,2025-02-17 10:56:30,351.36,aud,Subscription update
ch_0007802,Paid,2025-02-17 12:21:12,198.74,aud,Subscription update
ch_0007803,Paid,2025-02-17 13:32:43,201.24,aud,Subscription creation
ch_0007804,Paid,2025-02-17 13:49:36,198.14,aud,Subscription update
ch_0007805,Paid,2025-02-17 15:05:19,200.56,aud,Subscription update
ch_0007806,Paid,2025-02-17 15:22:31,202.97,aud,Subscription update
ch_0007807,Paid,2025-02-17 17:11:16,353.98,aud,Subscription creation
ch_0007808,Paid,2025-02-17 19:57:55,194.97,aud,Subscription update
ch_0007809,Paid,2025-02-17 20:38:34,592.45,aud,Subscription update
ch_0007810,Paid,2025-02-18 06:51:35,203.97,aud,Subscription update
ch_0007811,Paid,2025-02-18 08:09:54,198.36,aud,Subscription update
ch_0007812,Paid,2025-02-18 09:06:30,593.92,aud,Subscription update
ch_0007813,Paid,2025-02-18 09:07:21,352.47,aud,Subscription update
ch_0007814,Paid,2025-02-18 10:09:41,192.62,aud,Subscription update
ch_0007815,Paid,2025-02-18 13:11:12,197.28,aud,Subscription update
ch_0007816,Paid,2025-02-18 17:30:39,195.0,aud,Subscription update
ch_0007817,Paid,2025-02-18 18:51:49,200.26,aud,Subscription update
ch_0007818,Paid,2025-02-18 19:36:45,353.31,aud,Subscription update
ch_0007819,Paid,2025-02-19 06:53:14,349.48,aud,Subscription update
ch_0007820,Paid,2025-02-19 09:01:16,197.72,aud,Subscription update
ch_0007821,Paid,2025-02-19 09:04:18,200.56,aud,Subscription update
ch_0007822,Paid,2025-02-19 13:59:30,197.25,aud,Subscription update
ch_0007823,Paid,2025-02-19 17:14:50,197.96,aud,Subscription update
ch_0007824,Paid,2025-02-19 17:36:09,594.66,aud,Subscription update
ch_0007825,Paid,2025-02-19 19:20:23,198.76,aud,Subscription update
ch_0007826,Paid,2025-02-19 19:33:49,198.07,aud,Subscription creation
ch_0007827,Paid,2025-02-20 07:43:48,611.83,aud,Subscription update
ch_0007828,Paid,2025-02-20 10:34:25,347.76,aud,Subscription update
ch_0007829,Paid,2025-02-20 12:51:20,342.94,aud,Subscription update
ch_0007830,Paid,2025-02-20 20:35:23,202.59,aud,Subscription update
ch_0007831,Paid,2025-02-21 08:24:05,201.23,aud,Subscription creation
ch_0007832,Paid,2025-02-21 10:56:43,354.35,aud,Subscription update
ch_0007833,Paid,2025-02-21 11:30:00,343.29,aud,Subscription update
ch_0007834,Paid,2025-02-21 12:34:37,590.32,aud,Subscription update
ch_0007835,Paid,2025-02-21 12:51:49,609.62,aud,Subscription update
ch_0007836,Paid,2025-02-21 14:38:29,335.25,aud,Subscription update
ch_0007837,Paid,2025-02-21 14:43:53,191.94,aud,Subscription update
ch_0007838,Paid,2025-02-21 17:51:19,193.39,aud,Subscription update
ch_0007839,Paid,2025-02-21 20:23:19,356.89,aud,Subscription update
ch_0007840,Paid,2025-02-22 06:55:50,197.75,aud,Subscription update
ch_0007841,Paid,2025-02-22 08:25:47,583.33,aud,Subscription creation
ch_0007842,Paid,2025-02-22 09:43:19,339.16,aud,Subscription creation
ch_0007843,Paid,2025-02-22 10:10:10,197.28,aud,Subscription update
ch_0007844,Paid,2025-02-22 10:23:53,585.43,aud,Subscription update
ch_0007845,Paid,2025-02-22 11:08:31,358.49,aud,Subscription update
ch_0007846,Paid,2025-02-22 11:11:52,341.03,aud,Subscription update
ch_0007847,Paid,2025-02-22 14:19:27,200.73,aud,Subscription update
ch_0007848,Paid,2025-02-22 14:49:40,196.5,aud,Subscription update
ch_0007849,Paid,2025-02-22 14:51:19,606.86,aud,Subscription update
ch_0007850,Paid,2025-02-22 19:22:41,196.97,aud,Subscription creation
ch_0007851,Paid,2025-02-22 19:47:36,593.33,aud,Subscription update
ch_0007852,Paid,2025-02-23 07:05:20,201.77,aud,Subscription update
ch_0007853,Paid,2025-02-23 07:26:47,199.51,aud,Subscription update
ch_0007854,Paid,2025-02-23 10:54:16,187.62,aud,Subscription update
ch_0007855,Paid,2025-02-23 11:20:21,200.88,aud,Subscription update
ch_0007856,Paid,2025-02-23 11:53:29,341.95,aud,Subscription update
ch_0007857,Paid,2025-02-23 12:29:25,348.61,aud,Subscription creation
ch_0007858,Paid,2025-02-23 13:07:38,203.1,aud,Subscription update
ch_0007859,Paid,2025-02-23 16:39:29,355.71,aud,Subscription update
ch_0007860,Paid,2025-02-23 17:14:59,358.22,aud,Subscription update
ch_0007861,Paid,2025-02-23 17:37:26,343.94,aud,Subscription update
ch_0007862,Paid,2025-02-23 17:43:35,203.22,aud,Subscription update
ch_0007863,Paid,2025-02-23 19:37:23,351.3,aud,Subscription update
ch_0007864,Paid,2025-02-23 20:30:39,358.84,aud,Subscription update
ch_0007865,Paid,2025-02-24 07:14:53,347.43,aud,Subscription update
ch_0007866,Paid,2025-02-24 09:23:42,203.96,aud,Subscription update
ch_0007867,Paid,2025-02-24 09:37:24,358.13,aud,Subscription update
ch_0007868,Paid,2025-02-24 10:18:41,608.29,aud,Subscription update
ch_0007869,Paid,2025-02-24 12:26:11,202.27,aud,Subscription update
ch_0007870,Paid,2025-02-24 13:13:59,598.17,aud,Subscription update
ch_0007871,Paid,2025-02-24 14:03:40,191.9,aud,Subscription update
ch_0007872,Paid,2025-02-24 14:44:17,194.98,aud,Subscription update
ch_0007873,Paid,2025-02-24 16:47:11,620.32,aud,Subscription update
ch_0007874,Paid,2025-02-24 17:35:52,206.93,aud,Subscription update
ch_0007875,Paid,2025-02-24 18:14:29,339.71,aud,Subscription update
ch_0007876,Paid,2025-02-24 19:34:25,194.68,aud,Subscription creation
ch_0007877,Paid,2025-02-25 06:37:08,594.46,aud,Subscription update
ch_0007878,Paid,2025-02-25 08:14:48,353.28,aud,Subscription update
ch_0007879,Paid,2025-02-25 10:15:16,197.48,aud,Subscription update
ch_0007880,Paid,2025-02-25 13:56:03,555.32,aud,Subscription update
ch_0007881,Paid,2025-02-25 14:59:01,195.27,aud,Subscription update
ch_0007882,Paid,2025-02-25 16:04:56,197.44,aud,Subscription update
ch_0007883,Paid,2025-02-25 17:17:59,188.02,aud,Subscription update
ch_0007884,Paid,2025-02-25 19:52:45,201.89,aud,Subscription update
ch_0007885,Paid,2025-02-26 10:51:09,202.53,aud,Subscription update
ch_0007886,Paid,2025-02-26 10:53:36,194.31,aud,Subscription creation
ch_0007887,Paid,2025-02-26 12:21:23,587.72,aud,Subscription update
ch_0007888,Paid,2025-02-26 15:27:48,343.28,aud,Subscription update
ch_0007889,Paid,2025-02-26 15:42:30,348.32,aud,Subscription update
ch_0007890,Paid,2025-02-26 16:19:42,196.74,aud,Subscription update
ch_0007891,Paid,2025-02-27 10:33:51,584.22,aud,Subscription update
ch_0007892,Paid,2025-02-27 11:45:44,599.54,aud,Subscription update
ch_0007893,Paid,2025-02-27 13:54:00,590.05,aud,Subscription update
ch_0007894,Paid,2025-02-27 18:00:26,195.42,aud,Subscription update
ch_0007895,Paid,2025-02-27 18:33:16,203.27,aud,Subscription update
ch_0007896,Paid,2025-02-27 19:08:34,198.9,aud,Subscription update
ch_0007897,Paid,2025-02-27 19:33:38,596.86,aud,Subscription update
ch_0007898,Paid,2025-02-27 19:59:43,197.57,aud,Subscription update
ch_0007899,Paid,2025-02-27 20:28:16,199.76,aud,Subscription update
ch_0007900,Paid,2025-02-27 20:33:44,597.48,aud,Subscription update
ch_0007901,Paid,2025-02-28 07:28:34,199.09,aud,Subscription update
ch_0007902,Paid,2025-02-28 08:59:42,197.35,aud,Subscription update
ch_0007903,Paid,2025-02-28 10:16:07,202.46,aud,Subscription update
ch_0007904,Paid,2025-02-28 10:29:16,194.56,aud,Subscription update
ch_0007905,Paid,2025-02-28 10:38:29,202.31,aud,Subscription update
ch_0007906,Paid,2025-02-28 14:12:44,198.59,aud,Subscription update
ch_0007907,Paid,2025-02-28 14:23:09,201.6,aud,Subscription update
ch_0007908,Paid,2025-02-28 18:22:12,362.63,aud,Subscription update
ch_0007909,Paid,2025-03-01 09:40:02,342.76,aud,Subscription update
ch_0007910,Paid,2025-03-01 09:56:08,199.14,aud,Subscription update
ch_0007911,Paid,2025-03-01 11:26:49,199.16,aud,Subscription update
ch_0007912,Paid,2025-03-01 12:03:37,194.64,aud,Subscription update
ch_0007913,Paid,2025-03-01 13:21:24,360.21,aud,Subscription update
ch_0007914,Paid,2025-03-01 14:05:56,352.8,aud,Subscription update
ch_0007915,Paid,2025-03-01 14:47:46,206.79,aud,Subscription update
ch_0007916,Paid,2025-03-01 15:52:15,199.36,aud,Subscription update
ch_0007917,Paid,2025-03-01 20:23:29,592.73,aud,Subscription update
ch_0007918,Paid,2025-03-01 20:48:56,204.55,aud,Subscription update
ch_0007919,Paid,2025-03-02 13:38:47,194.08,aud,Subscription creation
ch_0007920,Paid,2025-03-02 13:50:47,610.31,aud,Subscription update
ch_0007921,Paid,2025-03-02 14:26:48,202.75,aud,Subscription creation
ch_0007922,Paid,2025-03-02 17:05:10,358.78,aud,Subscription update
ch_0007923,Paid,2025-03-02 18:29:31,595.51,aud,Subscription update
ch_0007924,Paid,2025-03-02 20:27:51,192.31,aud,Subscription update
ch_0007925,Paid,2025-03-03 12:51:21,195.63,aud,Subscription update
ch_0007926,Paid,2025-03-03 13:39:48,348.39,aud,Subscription update
ch_0007927,Paid,2025-03-03 14:06:27,185.57,aud,Subscription creation
ch_0007928,Paid,2025-03-04 06:29:54,199.04,aud,Subscription update
ch_0007929,Paid,2025-03-04 08:17:00,588.51,aud,Subscription creation
ch_0007930,Paid,2025-03-04 10:55:29,195.47,aud,Subscription update
ch_0007931,Paid,2025-03-04 12:23:10,609.46,aud,Subscription update
ch_0007932,Paid,2025-03-04 14:12:44,354.05,aud,Subscription update
ch_0007933,Paid,2025-03-04 18:37:21,198.75,aud,Subscription update
ch_0007934,Paid,2025-03-04 20:49:56,345.77,aud,Subscription creation
ch_0007935,Paid,2025-03-05 08:16:04,205.34,aud,Subscription update
ch_0007936,Paid,2025-03-05 08:25:00,359.34,aud,Subscription update
ch_0007937,Paid,2025-03-05 14:55:01,603.05,aud,Subscription update
ch_0007938,Paid,2025-03-05 17:14:23,199.78,aud,Subscription update
ch_0007939,Paid,2025-03-05 17:32:49,348.96,aud,Subscription update
ch_0007940,Paid,2025-03-05 17:37:57,193.87,aud,Subscription update
ch_0007941,Paid,2025-03-05 17:43:46,201.89,aud,Subscription update
ch_0007942,Paid,2025-03-05 20:18:55,202.18,aud,Subscription update
ch_0007943,Paid,2025-03-05 20:55:10,203.1,aud,Subscription update
ch_0007944,Paid,2025-03-06 08:38:10,354.66,aud,Subscription creation
ch_0007945,Paid,2025-03-06 10:13:14,196.44,aud,Subscription update
ch_0007946,Paid,2025-03-06 10:45:26,362.09,aud,Subscription update
ch_0007947,Paid,2025-03-06 14:03:10,203.78,aud,Subscription update
ch_0007948,Paid,2025-03-06 17:14:33,590.57,aud,Subscription update
ch_0007949,Paid,2025-03-06 18:38:34,211.1,aud,Subscription update
ch_0007950,Paid,2025-03-06 19:12:36,195.97,aud,Subscription update
ch_0007951,Paid,2025-03-07 08:39:11,202.88,aud,Subscription update
ch_0007952,Paid,2025-03-07 08:46:06,197.11,aud,Subscription update
ch_0007953,Paid,2025-03-07 09:40:59,193.64,aud,Subscription update
ch_0007954,Paid,2025-03-07 13:55:27,353.74,aud,Subscription update
ch_0007955,Paid,2025-03-07 15:38:14,342.95,aud,Subscription update
ch_0007956,Paid,2025-03-07 16:52:25,204.16,aud,Subscription creation
ch_0007957,Paid,2025-03-07 17:04:22,199.69,aud,Subscription update
ch_0007958,Paid,2025-03-08 09:08:29,193.18,aud,Subscription update
ch_0007959,Paid,2025-03-08 11:47:36,287.8,aud,Initial consultation
ch_0007960,Paid,2025-03-08 13:51:51,195.19,aud,Subscription creation
ch_0007961,Paid,2025-03-08 14:21:56,343.66,aud,Subscription update
ch_0007962,Paid,2025-03-08 17:10:25,338.22,aud,IV League - Booking
ch_0007963,Paid,2025-03-08 19:47:50,202.92,aud,Subscription update
ch_0007964,Paid,2025-03-08 20:59:34,201.89,aud,Subscription update
ch_0007965,Paid,2025-03-09 06:03:34,191.81,aud,Subscription update
ch_0007966,Paid,2025-03-09 09:19:24,341.54,aud,Subscription update
ch_0007967,Paid,2025-03-09 10:05:18,348.26,aud,Subscription creation
ch_0007968,Paid,2025-03-09 12:56:29,359.58,aud,Subscription update
ch_0007969,Paid,2025-03-09 15:30:20,202.1,aud,Subscription update
ch_0007970,Paid,2025-03-09 16:34:03,592.26,aud,Subscription update
ch_0007971,Paid,2025-03-09 18:01:14,339.31,aud,Subscription update
ch_0007972,Paid,2025-03-09 18:09:15,195.27,aud,Subscription update
ch_0007973,Paid,2025-03-10 08:26:19,345.44,aud,Subscription update
ch_0007974,Paid,2025-03-10 09:47:35,194.62,aud,Subscription update
ch_0007975,Paid,2025-03-10 10:47:20,202.42,aud,Subscription update
ch_0007976,Paid,2025-03-10 12:22:28,345.45,aud,Subscription update
ch_0007977,Paid,2025-03-10 13:13:46,194.06,aud,Subscription update
ch_0007978,Paid,2025-03-10 13:31:13,202.94,aud,Subscription update
ch_0007979,Paid,2025-03-10 16:18:18,205.16,aud,Subscription update
ch_0007980,Paid,2025-03-10 16:34:13,194.77,aud,Subscription update
ch_0007981,Paid,2025-03-11 07:25:25,349.82,aud,Subscription update
ch_0007982,Paid,2025-03-11 07:34:28,196.28,aud,Subscription update
ch_0007983,Paid,2025-03-11 13:47:04,616.06,aud,Subscription update
ch_0007984,Paid,2025-03-11 15:14:37,197.73,aud,Subscription update
ch_0007985,Paid,2025-03-11 15:49:56,203.45,aud,Subscription update
ch_0007986,Paid,2025-03-11 16:19:56,355.31,aud,Subscription update
ch_0007987,Paid,2025-03-11 17:14:13,202.83,aud,Subscription update
ch_0007988,Paid,2025-03-11 18:06:25,587.36,aud,Subscription update
ch_0007989,Paid,2025-03-12 10:18:44,349.13,aud,Subscription update
ch_0007990,Paid,2025-03-12 10:40:48,196.79,aud,Subscription update
ch_0007991,Paid,2025-03-12 10:46:56,343.29,aud,Subscription update
ch_0007992,Paid,2025-03-12 11:31:39,197.93,aud,Subscription update
ch_0007993,Paid,2025-03-12 17:29:56,201.68,aud,Subscription update
ch_0007994,Paid,2025-03-12 19:37:21,198.97,aud,Subscription creation
ch_0007995,Paid,2025-03-12 20:42:40,191.74,aud,Subscription update
ch_0007996,Paid,2025-03-12 20:57:42,197.29,aud,Subscription update
ch_0007997,Paid,2025-03-13 07:33:33,202.8,aud,Subscription update
ch_0007998,Paid,2025-03-13 09:58:11,195.1,aud,Subscription update
ch_0007999,Paid,2025-03-13 11:36:42,197.13,aud,Subscription update
ch_0008000,Paid,2025-03-13 12:27:41,359.81,aud,Subscription update
ch_0008001,Paid,2025-03-13 14:12:46,352.4,aud,Subscription update
ch_0008002,Paid,2025-03-13 17:59:58,198.09,aud,Subscription update
ch_0008003,Paid,2025-03-13 20:27:10,350.81,aud,Subscription update
ch_0008004,Paid,2025-03-14 07:43:22,188.36,aud,Subscription update
ch_0008005,Paid,2025-03-14 09:11:10,198.57,aud,Subscription update
ch_0008006,Paid,2025-03-14 11:28:27,606.91,aud,Subscription update
ch_0008007,Paid,2025-03-14 12:31:44,204.32,aud,Subscription update
ch_0008008,Paid,2025-03-14 13:59:22,207.19,aud,Subscription update
ch_0008009,Paid,2025-03-14 15:48:51,341.09,aud,Subscription creation
ch_0008010,Paid,2025-03-14 16:12:19,592.19,aud,Subscription update
ch_0008011,Paid,2025-03-14 17:53:33,357.26,aud,Subscription creation
ch_0008012,Paid,2025-03-14 18:12:00,196.65,aud,Subscription update
ch_0008013,Paid,2025-03-14 19:45:30,598.53,aud,Subscription update
ch_0008014,Paid,2025-03-15 08:41:46,194.71,aud,Subscription update
ch_0008015,Paid,2025-03-15 10:06:33,206.25,aud,Subscription update
ch_0008016,Paid,2025-03-15 12:11:10,578.14,aud,Subscription update
ch_0008017,Paid,2025-03-15 12:37:24,200.35,aud,Subscription update
ch_0008018,Paid,2025-03-15 13:41:39,199.97,aud,Subscription update
ch_0008019,Paid,2025-03-15 15:19:22,196.64,aud,Subscription creation
ch_0008020,Paid,2025-03-15 16:19:22,348.3,aud,Subscription creation
ch_0008021,Paid,2025-03-16 06:41:32,199.25,aud,Subscription update
ch_0008022,Paid,2025-03-16 14:19:08,471.53,aud,IV League - Booking
ch_0008023,Paid,2025-03-16 14:41:37,204.2,aud,Subscription update
ch_0008024,Paid,2025-03-16 14:43:47,607.02,aud,Subscription update
ch_0008025,Paid,2025-03-16 18:41:34,345.64,aud,Subscription update
ch_0008026,Paid,2025-03-16 19:04:06,606.71,aud,Subscription update
ch_0008027,Paid,2025-03-16 19:06:40,354.75,aud,Subscription update
ch_0008028,Paid,2025-03-17 08:26:09,204.02,aud,Subscription update
ch_0008029,Paid,2025-03-17 09:15:37,345.61,aud,Subscription update
ch_0008030,Paid,2025-03-17 10:40:12,347.26,aud,Subscription update
ch_0008031,Paid,2025-03-17 15:30:03,346.61,aud,Subscription creation
ch_0008032,Paid,2025-03-17 15:51:57,619.95,aud,Subscription update
ch_0008033,Paid,2025-03-17 16:21:00,206.55,aud,Subscription creation
ch_0008034,Paid,2025-03-17 19:53:20,346.92,aud,Subscription update
ch_0008035,Paid,2025-03-18 06:48:07,356.63,aud,Subscription update
ch_0008036,Paid,2025-03-18 07:44:53,606.1,aud,Subscription update
ch_0008037,Paid,2025-03-18 09:37:13,359.78,aud,Subscription update
ch_0008038,Paid,2025-03-18 12:54:36,355.96,aud,Subscription creation
ch_0008039,Paid,2025-03-18 13:29:51,197.03,aud,Subscription update
ch_0008040,Paid,2025-03-18 13:46:33,342.52,aud,Subscription update
ch_0008041,Paid,2025-03-18 15:37:49,204.75,aud,Subscription update
ch_0008042,Paid,2025-03-18 16:23:34,197.7,aud,Subscription update
ch_0008043,Paid,2025-03-19 06:52:19,210.68,aud,Subscription update
ch_0008044,Paid,2025-03-19 07:23:39,178.01,aud,IV League - Booking
ch_0008045,Paid,2025-03-19 07:55:10,203.21,aud,Subscription update
ch_0008046,Paid,2025-03-19 08:40:46,352.95,aud,Subscription update
ch_0008047,Paid,2025-03-19 11:07:37,415.85,aud,Initial consultation
ch_0008048,Paid,2025-03-19 11:20:20,199.57,aud,Subscription update
ch_0008049,Paid,2025-03-19 13:23:47,195.04,aud,Subscription update
ch_0008050,Paid,2025-03-19 17:07:13,352.8,aud,Subscription update
ch_0008051,Paid,2025-03-20 06:50:00,196.71,aud,Subscription update
ch_0008052,Paid,2025-03-20 18:33:48,190.99,aud,Subscription update
ch_0008053,Paid,2025-03-20 19:38:57,601.03,aud,Subscription update
ch_0008054,Paid,2025-03-20 20:07:14,599.91,aud,Subscription update
ch_0008055,Paid,2025-03-21 06:02:29,589.55,aud,Subscription update
ch_0008056,Paid,2025-03-21 09:59:47,199.43,aud,Subscription update
ch_0008057,Paid,2025-03-21 11:21:10,345.89,aud,Subscription update
ch_0008058,Paid,2025-03-21 12:30:56,339.07,aud,Subscription update
ch_0008059,Paid,2025-03-21 14:50:27,199.74,aud,Subscription update
ch_0008060,Paid,2025-03-21 17:20:07,202.34,aud,Subscription update
ch_0008061,Paid,2025-03-21 17:52:00,615.45,aud,Subscription update
ch_0008062,Paid,2025-03-21 19:28:53,195.18,aud,Subscription update
ch_0008063,Paid,2025-03-22 06:00:58,204.77,aud,Subscription creation
ch_0008064,Paid,2025-03-22 08:30:48,200.63,aud,Subscription update
ch_0008065,Paid,2025-03-22 08:47:56,193.17,aud,Subscription update
ch_0008066,Paid,2025-03-22 08:54:28,199.15,aud,Subscription update
ch_0008067,Paid,2025-03-22 13:55:44,360.36,aud,Subscription update
ch_0008068,Paid,2025-03-22 16:51:35,340.5,aud,Subscription update
ch_0008069,Paid,2025-03-22 17:57:33,199.52,aud,Subscription update
ch_0008070,Paid,2025-03-22 18:17:51,189.13,aud,Subscription update
ch_0008071,Paid,2025-03-22 20:29:18,197.61,aud,Subscription update
ch_0008072,Paid,2025-03-22 20:43:59,370.44,aud,Subscription update
ch_0008073,Paid,2025-03-23 06:20:06,341.32,aud,Subscription update
ch_0008074,Paid,2025-03-23 07:53:38,204.13,aud,Subscription update
ch_0008075,Paid,2025-03-23 10:29:07,199.6,aud,Subscription update
ch_0008076,Paid,2025-03-23 10:42:03,349.85,aud,Subscription update
ch_0008077,Paid,2025-03-23 11:00:00,195.65,aud,Subscription update
ch_0008078,Paid,2025-03-23 11:02:48,611.38,aud,Subscription creation
ch_0008079,Paid,2025-03-23 14:55:13,210.12,aud,Subscription update
ch_0008080,Paid,2025-03-23 15:33:06,197.45,aud,Subscription update
ch_0008081,Paid,2025-03-23 16:30:03,201.92,aud,Subscription update
ch_0008082,Paid,2025-03-24 09:51:57,194.05,aud,Subscription creation
ch_0008083,Paid,2025-03-24 10:17:52,199.01,aud,Subscription update
ch_0008084,Paid,2025-03-24 14:39:02,205.32,aud,Subscription update
ch_0008085,Paid,2025-03-24 15:42:36,198.0,aud,Subscription update
ch_0008086,Paid,2025-03-24 15:43:47,619.15,aud,Subscription update
ch_0008087,Paid,2025-03-24 16:42:23,592.88,aud,Subscription update
ch_0008088,Paid,2025-03-24 17:14:32,345.75,aud,Subscription update
ch_0008089,Paid,2025-03-24 17:19:07,620.9,aud,Subscription update
ch_0008090,Paid,2025-03-24 17:37:14,358.0,aud,Subscription update
ch_0008091,Paid,2025-03-25 06:40:37,357.13,aud,Subscription update
ch_0008092,Paid,2025-03-25 07:40:22,199.68,aud,Subscription update
ch_0008093,Paid,2025-03-25 10:59:43,194.67,aud,Subscription update
ch_0008094,Paid,2025-03-25 14:08:38,351.39,aud,Subscription update
ch_0008095,Paid,2025-03-25 16:36:19,202.14,aud,Subscription update
ch_0008096,Paid,2025-03-25 18:04:09,204.54,aud,Subscription update
ch_0008097,Paid,2025-03-25 18:39:29,197.32,aud,Subscription update
ch_0008098,Paid,2025-03-25 19:22:53,198.37,aud,Subscription update
ch_0008099,Paid,2025-03-25 19:36:44,197.41,aud,Subscription creation
ch_0008100,Paid,2025-03-25 20:01:33,205.9,aud,Subscription update
ch_0008101,Paid,2025-03-25 20:03:35,200.86,aud,Subscription update
ch_0008102,Paid,2025-03-25 20:59:46,345.91,aud,Subscription update
ch_0008103,Paid,2025-03-26 06:07:23,196.84,aud,Subscription update
ch_0008104,Paid,2025-03-26 08:36:57,206.0,aud,Subscription update
ch_0008105,Paid,2025-03-26 08:47:05,197.91,aud,Subscription update
ch_0008106,Paid,2025-03-26 09:48:43,360.06,aud,Subscription update
ch_0008107,Paid,2025-03-26 10:01:25,337.06,aud,Subscription update
ch_0008108,Paid,2025-03-26 11:04:26,600.79,aud,Subscription update
ch_0008109,Paid,2025-03-26 11:13:37,365.1,aud,Subscription update
ch_0008110,Paid,2025-03-26 17:13:10,600.67,aud,Subscription update
ch_0008111,Paid,2025-03-26 18:26:45,195.65,aud,Subscription update
ch_0008112,Paid,2025-03-26 18:55:50,196.48,aud,Subscription update
ch_0008113,Paid,2025-03-26 20:01:35,348.5,aud,Subscription update
ch_0008114,Paid,2025-03-26 20:35:04,200.06,aud,Subscription creation
ch_0008115,Paid,2025-03-27 11:16:13,199.82,aud,Subscription update
ch_0008116,Paid,2025-03-27 15:10:05,194.13,aud,Subscription update
ch_0008117,Paid,2025-03-27 17:05:58,244.67,aud,IV League - Booking
ch_0008118,Paid,2025-03-27 17:38:52,589.32,aud,Subscription update
ch_0008119,Paid,2025-03-28 10:39:31,352.61,aud,Subscription update
ch_0008120,Paid,2025-03-28 12:57:37,204.16,aud,Subscription update
ch_0008121,Paid,2025-03-28 13:19:15,191.54,aud,Subscription update
ch_0008122,Paid,2025-03-28 18:56:25,197.5,aud,Subscription update
ch_0008123,Paid,2025-03-29 07:28:41,344.24,aud,Subscription update
ch_0008124,Paid,2025-03-29 08:39:15,200.95,aud,Subscription update
ch_0008125,Paid,2025-03-29 09:31:03,625.06,aud,Subscription update
ch_0008126,Paid,2025-03-29 12:03:53,197.95,aud,Subscription update
ch_0008127,Paid,2025-03-29 13:26:42,206.37,aud,Subscription update
ch_0008128,Paid,2025-03-29 13:34:54,207.72,aud,Subscription update
ch_0008129,Paid,2025-03-29 15:14:07,196.37,aud,Subscription update
ch_0008130,Paid,2025-03-29 15:24:25,197.33,aud,Subscription update
ch_0008131,Paid,2025-03-29 18:05:13,201.04,aud,Subscription update
ch_0008132,Paid,2025-03-30 06:49:14,621.09,aud,Subscription update
ch_0008133,Paid,2025-03-30 10:54:18,201.77,aud,Subscription update
ch_0008134,Paid,2025-03-30 11:47:05,335.29,aud,Subscription update
ch_0008135,Paid,2025-03-30 12:08:29,601.39,aud,Subscription update
ch_0008136,Paid,2025-03-30 18:56:31,604.33,aud,Subscription update
ch_0008137,Paid,2025-03-30 19:37:33,352.76,aud,Subscription update
ch_0008138,Paid,2025-03-30 19:58:37,194.5,aud,Subscription update
ch_0008139,Paid,2025-03-30 20:46:46,198.13,aud,Subscription update
ch_0008140,Paid,2025-03-31 06:04:39,338.26,aud,Subscription update
ch_0008141,Paid,2025-03-31 06:38:30,206.21,aud,Subscription update
ch_0008142,Paid,2025-03-31 08:52:50,199.2,aud,Subscription creation
ch_0008143,Paid,2025-03-31 09:58:29,200.35,aud,Subscription creation
ch_0008144,Paid,2025-03-31 12:29:52,196.38,aud,Subscription update
ch_0008145,Paid,2025-03-31 15:29:32,197.93,aud,Subscription creation
ch_0008146,Paid,2025-03-31 16:02:15,194.37,aud,Subscription update
ch_0008147,Paid,2025-03-31 16:30:38,347.04,aud,Subscription update
ch_0008148,Paid,2025-03-31 19:08:27,598.29,aud,Subscription update
ch_0008149,Paid,2025-04-01 06:13:54,200.98,aud,Subscription update
ch_0008150,Paid,2025-04-01 07:29:13,196.51,aud,Subscription update
ch_0008151,Paid,2025-04-01 09:00:06,199.36,aud,Subscription update
ch_0008152,Paid,2025-04-01 10:05:33,355.52,aud,Subscription update
ch_0008153,Paid,2025-04-01 10:11:05,625.27,aud,Subscription update
ch_0008154,Paid,2025-04-01 15:04:18,203.69,aud,Subscription update
ch_0008155,Paid,2025-04-01 15:38:09,355.33,aud,Subscription update
ch_0008156,Paid,2025-04-01 18:20:40,197.37,aud,Subscription update
ch_0008157,Paid,2025-04-02 06:38:59,203.91,aud,Subscription update
ch_0008158,Paid,2025-04-02 10:37:27,345.9,aud,Subscription update
ch_0008159,Paid,2025-04-02 12:36:45,342.34,aud,Subscription update
ch_0008160,Paid,2025-04-02 13:19:58,348.4,aud,Subscription update
ch_0008161,Paid,2025-04-03 08:41:56,585.12,aud,Subscription update
ch_0008162,Paid,2025-04-03 09:28:08,577.09,aud,Subscription creation
ch_0008163,Paid,2025-04-03 19:11:39,194.98,aud,Subscription update
ch_0008164,Paid,2025-04-03 19:17:52,592.97,aud,Subscription update
ch_0008165,Paid,2025-04-04 08:47:33,349.32,aud,Subscription update
ch_0008166,Paid,2025-04-04 11:07:13,195.16,aud,Subscription update
ch_0008167,Paid,2025-04-04 11:28:55,345.24,aud,Subscription update
ch_0008168,Paid,2025-04-04 13:27:44,190.63,aud,Subscription update
ch_0008169,Paid,2025-04-04 15:15:51,200.05,aud,Subscription update
ch_0008170,Paid,2025-04-04 15:22:28,195.27,aud,Subscription update
ch_0008171,Paid,2025-04-04 16:31:21,353.14,aud,Subscription creation
ch_0008172,Paid,2025-04-04 19:01:38,202.81,aud,Subscription creation
ch_0008173,Paid,2025-04-05 07:04:50,616.54,aud,Subscription update
ch_0008174,Paid,2025-04-05 07:52:38,196.0,aud,Subscription update
ch_0008175,Paid,2025-04-05 11:57:17,349.86,aud,Initial consultation
ch_0008176,Paid,2025-04-05 12:12:13,350.94,aud,Subscription update
ch_0008177,Paid,2025-04-05 14:24:18,344.78,aud,Subscription update
ch_0008178,Paid,2025-04-05 18:28:27,206.64,aud,Subscription update
ch_0008179,Paid,2025-04-05 18:36:29,353.2,aud,Subscription update
ch_0008180,Paid,2025-04-06 07:46:15,198.82,aud,Subscription update
ch_0008181,Paid,2025-04-06 10:31:52,602.52,aud,Subscription update
ch_0008182,Paid,2025-04-06 16:53:24,340.64,aud,Subscription creation
ch_0008183,Paid,2025-04-06 19:16:34,194.19,aud,Subscription update
ch_0008184,Paid,2025-04-06 19:50:22,193.89,aud,Subscription update
ch_0008185,Paid,2025-04-07 07:19:07,200.37,aud,Subscription update
ch_0008186,Paid,2025-04-07 08:45:14,196.96,aud,Subscription creation
ch_0008187,Paid,2025-04-07 15:28:28,363.05,aud,Subscription update
ch_0008188,Paid,2025-04-07 17:02:31,201.03,aud,Subscription creation
ch_0008189,Paid,2025-04-07 17:59:49,199.68,aud,Subscription update
ch_0008190,Paid,2025-04-07 18:37:55,349.49,aud,Subscription update
ch_0008191,Paid,2025-04-07 20:04:51,602.28,aud,Subscription update
ch_0008192,Paid,2025-04-08 11:55:44,196.08,aud,Subscription update
ch_0008193,Paid,2025-04-08 13:29:34,199.09,aud,Subscription creation
ch_0008194,Paid,2025-04-08 18:24:47,199.03,aud,Subscription update
ch_0008195,Paid,2025-04-08 19:56:59,613.35,aud,Subscription creation
ch_0008196,Paid,2025-04-09 06:21:08,197.06,aud,Subscription update
ch_0008197,Paid,2025-04-09 07:10:06,200.86,aud,Subscription update
ch_0008198,Paid,2025-04-09 07:51:10,595.04,aud,Subscription update
ch_0008199,Paid,2025-04-09 10:54:32,350.47,aud,Subscription creation
ch_0008200,Paid,2025-04-09 11:40:59,205.69,aud,Subscription update
ch_0008201,Paid,2025-04-09 13:25:45,606.97,aud,Subscription update
ch_0008202,Paid,2025-04-10 07:32:08,355.62,aud,Subscription update
ch_0008203,Paid,2025-04-10 08:54:42,197.3,aud,Subscription update
ch_0008204,Paid,2025-04-10 10:03:55,200.0,aud,Subscription update
ch_0008205,Paid,2025-04-10 10:14:54,349.97,aud,Subscription update
ch_0008206,Paid,2025-04-10 11:02:54,590.5,aud,Subscription update
ch_0008207,Paid,2025-04-10 11:42:12,349.91,aud,Subscription creation
ch_0008208,Paid,2025-04-10 14:36:52,585.15,aud,Subscription update
ch_0008209,Paid,2025-04-10 20:51:42,617.25,aud,Subscription update
ch_0008210,Paid,2025-04-11 06:07:47,204.28,aud,Subscription update
ch_0008211,Paid,2025-04-11 08:55:52,202.4,aud,Subscription update
ch_0008212,Paid,2025-04-11 10:25:19,588.14,aud,Subscription update
ch_0008213,Paid,2025-04-11 10:50:09,201.93,aud,Subscription update
ch_0008214,Paid,2025-04-11 10:57:55,352.55,aud,Subscription update
ch_0008215,Paid,2025-04-11 12:01:21,343.81,aud,Subscription update
ch_0008216,Paid,2025-04-11 13:58:34,346.69,aud,Subscription update
ch_0008217,Paid,2025-04-11 18:27:46,348.25,aud,Subscription update
ch_0008218,Paid,2025-04-12 06:07:01,203.1,aud,Subscription update
ch_0008219,Paid,2025-04-12 10:52:05,602.93,aud,Subscription update
ch_0008220,Paid,2025-04-12 19:45:56,612.68,aud,Subscription update
ch_0008221,Paid,2025-04-12 20:56:13,193.68,aud,Subscription update
ch_0008222,Paid,2025-04-13 07:34:08,196.83,aud,Subscription update
ch_0008223,Paid,2025-04-13 08:50:48,346.42,aud,Subscription update
ch_0008224,Paid,2025-04-13 08:55:18,352.65,aud,Subscription update
ch_0008225,Paid,2025-04-13 17:13:31,197.49,aud,Subscription update
ch_0008226,Paid,2025-04-14 10:58:01,207.36,aud,Subscription creation
ch_0008227,Paid,2025-04-14 11:49:24,196.72,aud,Subscription update
ch_0008228,Paid,2025-04-14 12:51:48,193.81,aud,Subscription update
ch_0008229,Paid,2025-04-14 13:00:26,200.41,aud,Subscription update
ch_0008230,Paid,2025-04-14 18:05:57,202.87,aud,Subscription update
ch_0008231,Paid,2025-04-14 20:17:47,348.36,aud,Subscription update
ch_0008232,Paid,2025-04-15 07:16:12,604.21,aud,Subscription update
ch_0008233,Paid,2025-04-15 12:45:47,360.55,aud,Subscription update
ch_0008234,Paid,2025-04-15 14:09:09,351.34,aud,Subscription update
ch_0008235,Paid,2025-04-15 15:18:29,205.06,aud,Subscription update
ch_0008236,Paid,2025-04-15 16:56:36,352.05,aud,Subscription update
ch_0008237,Paid,2025-04-15 17:46:56,608.23,aud,Subscription update
ch_0008238,Paid,2025-04-15 19:28:59,351.19,aud,Subscription creation
ch_0008239,Paid,2025-04-15 19:49:37,195.8,aud,Subscription update
ch_0008240,Paid,2025-04-15 20:35:03,341.61,aud,Subscription update
ch_0008241,Paid,2025-04-16 06:15:25,205.61,aud,Subscription update
ch_0008242,Paid,2025-04-16 07:19:01,198.89,aud,Subscription update
ch_0008243,Paid,2025-04-16 07:52:13,196.98,aud,Subscription update
ch_0008244,Paid,2025-04-16 09:15:40,603.5,aud,Subscription update
ch_0008245,Paid,2025-04-16 11:29:13,197.66,aud,Subscription update
ch_0008246,Paid,2025-04-16 11:36:43,197.02,aud,Subscription update
ch_0008247,Paid,2025-04-16 12:17:11,198.2,aud,Subscription update
ch_0008248,Paid,2025-04-16 12:32:08,201.52,aud,Subscription update
ch_0008249,Paid,2025-04-16 15:21:00,606.78,aud,Subscription update
ch_0008250,Paid,2025-04-16 16:10:17,343.22,aud,Subscription update
ch_0008251,Paid,2025-04-16 19:55:12,352.44,aud,Subscription update
ch_0008252,Paid,2025-04-16 20:08:23,200.47,aud,Subscription update
ch_0008253,Paid,2025-04-17 08:48:34,198.5,aud,Subscription update
ch_0008254,Paid,2025-04-17 09:19:41,199.3,aud,Subscription update
ch_0008255,Paid,2025-04-17 09:35:37,195.35,aud,Subscription creation
ch_0008256,Paid,2025-04-17 11:04:46,201.47,aud,Subscription update
ch_0008257,Paid,2025-04-17 12:21:56,348.36,aud,Subscription update
ch_0008258,Paid,2025-04-17 12:28:08,192.61,aud,Subscription update
ch_0008259,Paid,2025-04-17 15:39:44,199.64,aud,Subscription update
ch_0008260,Paid,2025-04-17 18:08:14,336.45,aud,Subscription update
ch_0008261,Paid,2025-04-17 19:14:00,198.35,aud,Subscription update
ch_0008262,Paid,2025-04-17 20:14:42,196.2,aud,Subscription update
ch_0008263,Paid,2025-04-17 20:32:18,203.2,aud,Subscription update
ch_0008264,Paid,2025-04-17 20:45:17,201.15,aud,Subscription update
ch_0008265,Paid,2025-04-18 10:26:07,609.22,aud,Subscription creation
ch_0008266,Paid,2025-04-18 12:01:15,361.04,aud,Subscription update
ch_0008267,Paid,2025-04-18 14:10:34,619.12,aud,Subscription update
ch_0008268,Paid,2025-04-18 16:58:58,200.09,aud,Subscription update
ch_0008269,Paid,2025-04-18 17:38:34,202.7,aud,Subscription update
ch_0008270,Paid,2025-04-18 18:58:38,197.51,aud,Subscription update
ch_0008271,Paid,2025-04-18 20:03:16,205.64,aud,Subscription creation
ch_0008272,Paid,2025-04-18 20:58:17,356.47,aud,Subscription update
ch_0008273,Paid,2025-04-19 07:39:38,355.45,aud,Subscription update
ch_0008274,Paid,2025-04-19 08:28:21,204.95,aud,Subscription update
ch_0008275,Paid,2025-04-19 09:58:53,203.48,aud,Subscription update
ch_0008276,Paid,2025-04-19 12:03:57,203.33,aud,Subscription update
ch_0008277,Paid,2025-04-19 12:59:25,345.23,aud,Subscription update
ch_0008278,Paid,2025-04-19 13:34:07,367.27,aud,Subscription update
ch_0008279,Paid,2025-04-19 20:41:24,201.02,aud,Subscription creation
ch_0008280,Paid,2025-04-20 07:06:22,346.11,aud,Subscription update
ch_0008281,Paid,2025-04-20 08:27:32,198.81,aud,Subscription update
ch_0008282,Paid,2025-04-20 10:37:14,201.1,aud,Subscription creation
ch_0008283,Paid,2025-04-20 14:38:59,207.49,aud,Subscription update
ch_0008284,Paid,2025-04-20 14:49:30,594.85,aud,Subscription update
ch_0008285,Paid,2025-04-20 16:40:57,203.32,aud,Subscription update
ch_0008286,Paid,2025-04-20 18:33:16,195.57,aud,Subscription update
ch_0008287,Paid,2025-04-20 19:14:46,605.26,aud,Subscription creation
ch_0008288,Paid,2025-04-21 08:13:07,195.79,aud,Subscription update
ch_0008289,Paid,2025-04-21 09:34:09,595.29,aud,Subscription update
ch_0008290,Paid,2025-04-21 10:10:02,203.63,aud,Subscription update
ch_0008291,Paid,2025-04-21 11:47:49,351.97,aud,Subscription update
ch_0008292,Paid,2025-04-21 13:51:48,198.33,aud,Subscription creation
ch_0008293,Paid,2025-04-21 17:04:52,349.27,aud,Subscription creation
ch_0008294,Paid,2025-04-21 18:00:32,331.13,aud,Subscription creation
ch_0008295,Paid,2025-04-21 18:22:52,338.2,aud,Subscription update
ch_0008296,Paid,2025-04-21 20:07:54,195.19,aud,Subscription update
ch_0008297,Paid,2025-04-21 20:15:18,195.89,aud,Subscription update
ch_0008298,Paid,2025-04-21 20:57:59,353.22,aud,Subscription update
ch_0008299,Paid,2025-04-22 06:13:02,345.91,aud,Subscription update
ch_0008300,Paid,2025-04-22 07:52:38,198.63,aud,Subscription creation
ch_0008301,Paid,2025-04-22 13:18:02,191.34,aud,Subscription update
ch_0008302,Paid,2025-04-22 13:23:31,609.08,aud,Subscription creation
ch_0008303,Paid,2025-04-22 13:58:59,342.43,aud,Subscription update
ch_0008304,Paid,2025-04-22 16:59:21,345.15,aud,Subscription update
ch_0008305,Paid,2025-04-22 17:04:08,285.22,aud,Initial consultation
ch_0008306,Paid,2025-04-22 17:18:24,195.87,aud,Subscription update
ch_0008307,Paid,2025-04-22 18:08:27,196.93,aud,Subscription update
ch_0008308,Paid,2025-04-23 06:39:46,209.26,aud,Subscription update
ch_0008309,Paid,2025-04-23 07:05:13,202.07,aud,Subscription update
ch_0008310,Paid,2025-04-23 08:43:53,197.23,aud,Subscription update
ch_0008311,Paid,2025-04-23 10:05:45,199.5,aud,Subscription update
ch_0008312,Paid,2025-04-23 12:15:17,199.16,aud,Subscription update
ch_0008313,Paid,2025-04-23 14:15:19,594.0,aud,Subscription update
ch_0008314,Paid,2025-04-23 14:21:02,346.83,aud,Subscription update
ch_0008315,Paid,2025-04-23 14:38:58,195.85,aud,Subscription update
ch_0008316,Paid,2025-04-23 15:32:16,345.61,aud,Subscription update
ch_0008317,Paid,2025-04-23 16:58:42,197.99,aud,Subscription update
ch_0008318,Paid,2025-04-23 20:04:43,193.66,aud,Subscription creation
ch_0008319,Paid,2025-04-23 20:14:30,347.87,aud,Subscription update
ch_0008320,Paid,2025-04-24 07:55:47,609.94,aud,Subscription update
ch_0008321,Paid,2025-04-24 08:10:31,620.73,aud,Subscription update
ch_0008322,Paid,2025-04-24 09:55:08,359.0,aud,Subscription update
ch_0008323,Paid,2025-04-24 11:15:00,195.92,aud,Subscription update
ch_0008324,Paid,2025-04-24 12:16:36,353.23,aud,Subscription update
ch_0008325,Paid,2025-04-24 12:44:19,201.17,aud,Subscription creation
ch_0008326,Paid,2025-04-24 15:06:39,198.79,aud,Subscription update
ch_0008327,Paid,2025-04-24 15:52:22,197.86,aud,Subscription update
ch_0008328,Paid,2025-04-24 16:53:17,596.29,aud,Subscription update
ch_0008329,Paid,2025-04-25 06:01:44,195.46,aud,Subscription update
ch_0008330,Paid,2025-04-25 08:09:43,194.35,aud,Subscription update
ch_0008331,Paid,2025-04-25 09:08:07,356.31,aud,Subscription update
ch_0008332,Paid,2025-04-25 11:24:28,349.07,aud,Subscription update
ch_0008333,Paid,2025-04-25 12:50:15,341.24,aud,Subscription update
ch_0008334,Paid,2025-04-25 14:26:35,200.26,aud,Subscription update
ch_0008335,Paid,2025-04-25 18:27:56,605.65,aud,Subscription update
ch_0008336,Paid,2025-04-25 20:37:52,354.99,aud,Subscription update
ch_0008337,Paid,2025-04-25 20:42:39,336.31,aud,Subscription update
ch_0008338,Paid,2025-04-25 20:43:15,204.51,aud,Subscription update
ch_0008339,Paid,2025-04-26 06:36:29,455.95,aud,IV League - Booking
ch_0008340,Paid,2025-04-26 08:42:49,348.77,aud,Subscription update
ch_0008341,Paid,2025-04-26 11:49:28,202.45,aud,Subscription update
ch_0008342,Paid,2025-04-26 12:56:20,590.8,aud,Subscription update
ch_0008343,Paid,2025-04-26 13:25:27,345.37,aud,Subscription update
ch_0008344,Paid,2025-04-26 13:40:43,200.37,aud,Subscription update
ch_0008345,Paid,2025-04-26 17:06:12,198.77,aud,Subscription update
ch_0008346,Paid,2025-04-26 17:39:29,594.04,aud,Subscription update
ch_0008347,Paid,2025-04-26 19:20:42,339.81,aud,Subscription update
ch_0008348,Paid,2025-04-26 20:50:48,342.21,aud,Subscription update
ch_0008349,Paid,2025-04-27 07:35:14,351.4,aud,Subscription update
ch_0008350,Paid,2025-04-27 08:40:08,199.03,aud,Subscription update
ch_0008351,Paid,2025-04-27 10:39:53,352.07,aud,Subscription update
ch_0008352,Paid,2025-04-27 12:03:36,199.32,aud,Subscription update
ch_0008353,Paid,2025-04-27 12:10:08,204.25,aud,Subscription update
ch_0008354,Paid,2025-04-27 12:38:51,201.01,aud,Subscription creation
ch_0008355,Paid,2025-04-27 12:55:57,192.14,aud,Subscription update
ch_0008356,Paid,2025-04-27 13:58:14,197.93,aud,Subscription update
ch_0008357,Paid,2025-04-27 20:03:01,200.01,aud,Subscription update
ch_0008358,Paid,2025-04-27 20:15:56,198.91,aud,Subscription update
ch_0008359,Paid,2025-04-27 20:37:23,339.98,aud,Subscription update
ch_0008360,Paid,2025-04-28 07:13:41,452.95,aud,IV League - Booking
ch_0008361,Paid,2025-04-28 07:35:35,349.54,aud,Subscription update
ch_0008362,Paid,2025-04-28 09:49:30,203.75,aud,Subscription update
ch_0008363,Paid,2025-04-28 11:30:47,197.09,aud,Subscription update
ch_0008364,Paid,2025-04-28 13:44:17,581.96,aud,Subscription update
ch_0008365,Paid,2025-04-28 16:43:14,350.44,aud,Subscription update
ch_0008366,Paid,2025-04-28 19:32:50,198.85,aud,Subscription creation
ch_0008367,Paid,2025-04-28 20:31:06,234.82,aud,IV League - Booking
ch_0008368,Paid,2025-04-29 08:02:15,203.21,aud,Subscription update
ch_0008369,Refunded,2025-04-29 08:14:24,349.0,aud,Subscription update
ch_0008370,Paid,2025-04-29 10:31:29,203.63,aud,Subscription update
ch_0008371,Paid,2025-04-29 10:48:58,339.01,aud,Subscription update
ch_0008372,Paid,2025-04-29 11:10:07,194.34,aud,Subscription update
ch_0008373,Paid,2025-04-29 11:34:23,602.33,aud,Subscription update
ch_0008374,Paid,2025-04-29 13:53:48,347.35,aud,Subscription update
ch_0008375,Paid,2025-04-29 15:45:39,343.78,aud,Subscription update
ch_0008376,Paid,2025-04-29 19:42:07,195.68,aud,Subscription creation
ch_0008377,Paid,2025-04-30 08:29:12,354.09,aud,Subscription update
ch_0008378,Paid,2025-04-30 08:51:32,200.93,aud,Subscription update
ch_0008379,Paid,2025-04-30 09:38:09,345.61,aud,Subscription update
ch_0008380,Paid,2025-04-30 13:22:13,202.63,aud,Subscription update
ch_0008381,Paid,2025-04-30 14:53:23,345.55,aud,Subscription creation
ch_0008382,Paid,2025-04-30 15:40:35,198.61,aud,Subscription update
ch_0008383,Paid,2025-04-30 16:22:45,201.96,aud,Subscription update
ch_0008384,Paid,2025-04-30 17:20:14,355.23,aud,Subscription update
ch_0008385,Paid,2025-05-01 06:14:49,202.5,aud,Subscription update
ch_0008386,Paid,2025-05-01 06:35:57,354.65,aud,Subscription update
ch_0008387,Paid,2025-05-01 10:55:06,200.7,aud,Subscription update
ch_0008388,Paid,2025-05-01 11:11:10,595.48,aud,Subscription update
ch_0008389,Paid,2025-05-01 11:38:07,358.95,aud,Subscription update
ch_0008390,Paid,2025-05-01 15:39:49,196.76,aud,Subscription update
ch_0008391,Paid,2025-05-01 17:05:01,606.85,aud,Subscription update
ch_0008392,Paid,2025-05-01 18:17:10,344.02,aud,Subscription update
ch_0008393,Paid,2025-05-01 18:31:09,355.79,aud,Subscription update
ch_0008394,Paid,2025-05-02 09:14:49,199.82,aud,Subscription update
ch_0008395,Paid,2025-05-02 11:55:17,198.48,aud,Subscription update
ch_0008396,Paid,2025-05-02 16:18:22,354.74,aud,Subscription update
ch_0008397,Paid,2025-05-02 16:47:10,200.61,aud,Subscription update
ch_0008398,Paid,2025-05-02 18:12:35,201.02,aud,Subscription update
ch_0008399,Paid,2025-05-02 19:13:48,194.38,aud,Subscription update
ch_0008400,Paid,2025-05-02 20:18:24,347.03,aud,Subscription update
ch_0008401,Paid,2025-05-03 07:21:29,350.19,aud,Subscription creation
ch_0008402,Paid,2025-05-03 08:55:19,338.51,aud,Subscription update
ch_0008403,Paid,2025-05-03 09:55:35,198.69,aud,Subscription update
ch_0008404,Paid,2025-05-03 11:27:43,602.48,aud,Subscription update
ch_0008405,Paid,2025-05-03 13:38:42,592.83,aud,Subscription update
ch_0008406,Paid,2025-05-03 16:48:44,353.5,aud,Subscription creation
ch_0008407,Paid,2025-05-03 17:09:51,206.75,aud,Subscription update
ch_0008408,Paid,2025-05-03 20:36:56,194.25,aud,Subscription update
ch_0008409,Paid,2025-05-03 20:44:50,345.47,aud,Subscription update
ch_0008410,Paid,2025-05-04 09:41:22,199.33,aud,Subscription update
ch_0008411,Paid,2025-05-04 13:08:04,354.59,aud,Subscription update
ch_0008412,Paid,2025-05-04 14:07:16,347.81,aud,Subscription update
ch_0008413,Paid,2025-05-04 15:17:07,194.34,aud,Subscription update
ch_0008414,Paid,2025-05-04 17:49:20,200.03,aud,Subscription update
ch_0008415,Paid,2025-05-04 17:52:31,344.96,aud,Subscription update
ch_0008416,Paid,2025-05-04 18:37:32,195.07,aud,Subscription update
ch_0008417,Paid,2025-05-05 06:06:24,201.01,aud,Subscription creation
ch_0008418,Paid,2025-05-05 06:45:22,608.73,aud,Subscription update
ch_0008419,Paid,2025-05-05 07:16:48,201.65,aud,Subscription creation
ch_0008420,Paid,2025-05-05 07:36:14,357.15,aud,Subscription update
ch_0008421,Paid,2025-05-05 08:31:45,193.39,aud,Subscription update
ch_0008422,Paid,2025-05-05 08:55:16,200.19,aud,Subscription creation
ch_0008423,Paid,2025-05-05 10:41:30,1996.31,aud,Package initiation
ch_0008424,Paid,2025-05-05 13:40:26,198.31,aud,Subscription update
ch_0008425,Paid,2025-05-05 15:17:03,200.99,aud,Subscription update
ch_0008426,Paid,2025-05-05 17:12:03,200.21,aud,Subscription update
ch_0008427,Paid,2025-05-05 19:55:42,200.4,aud,Subscription update
ch_0008428,Paid,2025-05-05 20:22:51,343.04,aud,Subscription update
ch_0008429,Paid,2025-05-05 20:34:59,597.89,aud,Subscription update
ch_0008430,Paid,2025-05-06 09:48:15,201.48,aud,Subscription update
ch_0008431,Paid,2025-05-06 11:10:40,200.66,aud,Subscription update
ch_0008432,Paid,2025-05-06 11:38:55,191.64,aud,Subscription update
ch_0008433,Paid,2025-05-06 15:12:47,362.65,aud,Subscription update
ch_0008434,Paid,2025-05-06 15:55:33,198.06,aud,Subscription update
ch_0008435,Paid,2025-05-06 18:06:12,194.5,aud,Subscription update
ch_0008436,Paid,2025-05-06 19:29:09,195.9,aud,Subscription update
ch_0008437,Paid,2025-05-06 20:24:46,203.89,aud,Subscription update
ch_0008438,Paid,2025-05-07 06:42:54,356.3,aud,Subscription update
ch_0008439,Paid,2025-05-07 07:34:19,348.6,aud,Subscription update
ch_0008440,Paid,2025-05-07 11:00:41,202.46,aud,Subscription update
ch_0008441,Paid,2025-05-07 12:57:37,191.48,aud,Subscription update
ch_0008442,Paid,2025-05-07 14:34:02,203.45,aud,Subscription update
ch_0008443,Paid,2025-05-07 16:52:57,356.08,aud,Subscription update
ch_0008444,Paid,2025-05-08 06:05:46,599.52,aud,Subscription update
ch_0008445,Paid,2025-05-08 07:45:15,199.97,aud,Subscription update
ch_0008446,Paid,2025-05-08 08:21:05,197.02,aud,Subscription update
ch_0008447,Paid,2025-05-08 09:22:59,602.88,aud,Subscription creation
ch_0008448,Paid,2025-05-08 10:49:12,208.4,aud,Subscription creation
ch_0008449,Paid,2025-05-08 14:48:16,195.59,aud,Subscription update
ch_0008450,Paid,2025-05-08 15:31:28,617.99,aud,Subscription creation
ch_0008451,Paid,2025-05-08 16:42:44,591.35,aud,Subscription update
ch_0008452,Paid,2025-05-08 20:49:00,201.46,aud,Subscription update
ch_0008453,Paid,2025-05-09 07:25:47,196.73,aud,Subscription update
ch_0008454,Paid,2025-05-09 07:28:13,195.51,aud,Subscription update
ch_0008455,Paid,2025-05-09 08:28:16,198.24,aud,Subscription update
ch_0008456,Paid,2025-05-09 12:33:39,348.91,aud,Subscription update
ch_0008457,Paid,2025-05-09 12:34:27,200.94,aud,Subscription update
ch_0008458,Paid,2025-05-09 13:09:53,348.47,aud,Subscription update
ch_0008459,Paid,2025-05-09 13:43:06,342.01,aud,Subscription update
ch_0008460,Paid,2025-05-09 14:30:00,593.67,aud,Subscription update
ch_0008461,Paid,2025-05-09 18:42:50,190.39,aud,Subscription update
ch_0008462,Paid,2025-05-09 20:00:38,194.15,aud,Subscription update
ch_0008463,Paid,2025-05-10 06:38:44,198.3,aud,Subscription creation
ch_0008464,Paid,2025-05-10 09:53:07,197.66,aud,Subscription update
ch_0008465,Paid,2025-05-10 10:02:58,352.57,aud,Subscription creation
ch_0008466,Paid,2025-05-10 10:23:16,205.59,aud,Subscription update
ch_0008467,Paid,2025-05-10 10:49:43,615.58,aud,Subscription update
ch_0008468,Paid,2025-05-10 15:22:48,193.61,aud,Subscription update
ch_0008469,Paid,2025-05-10 17:54:42,203.39,aud,Subscription update
ch_0008470,Paid,2025-05-10 19:56:03,203.74,aud,Subscription creation
ch_0008471,Paid,2025-05-10 19:56:52,201.12,aud,Subscription update
ch_0008472,Paid,2025-05-11 08:50:28,351.02,aud,Subscription update
ch_0008473,Paid,2025-05-11 11:06:11,196.81,aud,Subscription update
ch_0008474,Paid,2025-05-11 12:22:42,342.75,aud,Subscription update
ch_0008475,Paid,2025-05-11 15:37:05,203.66,aud,Subscription update
ch_0008476,Paid,2025-05-11 15:56:03,203.38,aud,Subscription creation
ch_0008477,Paid,2025-05-11 16:34:22,196.4,aud,Subscription update
ch_0008478,Paid,2025-05-11 16:42:40,342.39,aud,Subscription update
ch_0008479,Paid,2025-05-11 18:07:52,344.84,aud,Subscription update
ch_0008480,Paid,2025-05-11 20:26:59,580.83,aud,Subscription update
ch_0008481,Paid,2025-05-12 09:35:10,607.52,aud,Subscription update
ch_0008482,Paid,2025-05-12 11:52:09,202.69,aud,Subscription update
ch_0008483,Paid,2025-05-12 13:55:46,339.2,aud,Subscription update
ch_0008484,Paid,2025-05-13 09:33:29,190.1,aud,Subscription update
ch_0008485,Paid,2025-05-13 11:47:05,361.26,aud,Subscription creation
ch_0008486,Paid,2025-05-13 13:34:37,201.01,aud,Subscription update
ch_0008487,Paid,2025-05-13 15:32:39,201.45,aud,Subscription update
ch_0008488,Paid,2025-05-13 15:55:25,198.75,aud,Subscription update
ch_0008489,Paid,2025-05-13 16:08:26,201.04,aud,Subscription creation
ch_0008490,Paid,2025-05-14 08:31:28,192.77,aud,Subscription update
ch_0008491,Paid,2025-05-14 10:13:47,199.02,aud,Subscription creation
ch_0008492,Paid,2025-05-14 11:27:14,238.96,aud,IV League - Booking
ch_0008493,Paid,2025-05-14 16:24:18,579.86,aud,Subscription update
ch_0008494,Paid,2025-05-14 16:36:05,284.35,aud,Initial consultation
ch_0008495,Paid,2025-05-14 19:28:12,201.49,aud,Subscription update
ch_0008496,Paid,2025-05-15 08:13:39,197.03,aud,Subscription update
ch_0008497,Paid,2025-05-15 13:28:27,608.89,aud,Subscription update
ch_0008498,Paid,2025-05-15 14:21:24,198.92,aud,Subscription update
ch_0008499,Paid,2025-05-15 15:48:50,197.53,aud,Subscription creation
ch_0008500,Paid,2025-05-15 17:16:19,586.55,aud,Subscription update
ch_0008501,Paid,2025-05-15 20:32:10,201.8,aud,Subscription update
ch_0008502,Paid,2025-05-16 08:30:18,196.64,aud,Subscription update
ch_0008503,Paid,2025-05-16 09:44:39,347.9,aud,Subscription update
ch_0008504,Paid,2025-05-16 10:33:10,194.84,aud,Subscription update
ch_0008505,Paid,2025-05-16 11:38:17,348.57,aud,Subscription update
ch_0008506,Paid,2025-05-16 15:34:28,595.55,aud,Subscription update
ch_0008507,Paid,2025-05-16 17:21:27,204.94,aud,Subscription update
ch_0008508,Paid,2025-05-16 18:18:09,354.5,aud,Subscription update
ch_0008509,Paid,2025-05-16 18:50:42,359.72,aud,Subscription update
ch_0008510,Paid,2025-05-16 20:00:15,196.04,aud,Subscription update
ch_0008511,Paid,2025-05-16 20:57:11,197.83,aud,Subscription update
ch_0008512,Paid,2025-05-17 11:05:49,197.08,aud,Subscription update
ch_0008513,Paid,2025-05-17 12:09:37,196.4,aud,Subscription update
ch_0008514,Paid,2025-05-17 16:10:10,346.94,aud,Subscription update
ch_0008515,Paid,2025-05-17 16:31:33,358.26,aud,Subscription update
ch_0008516,Paid,2025-05-17 19:50:30,345.31,aud,Subscription update
ch_0008517,Paid,2025-05-18 07:34:41,201.8,aud,Subscription update
ch_0008518,Paid,2025-05-18 08:22:59,352.39,aud,Subscription update
ch_0008519,Paid,2025-05-18 11:13:53,575.57,aud,Subscription update
ch_0008520,Paid,2025-05-18 13:08:10,202.48,aud,Subscription update
ch_0008521,Paid,2025-05-18 14:23:23,340.74,aud,Subscription update
ch_0008522,Paid,2025-05-18 14:24:46,201.4,aud,Subscription update
ch_0008523,Paid,2025-05-18 15:53:19,350.05,aud,Subscription update
ch_0008524,Paid,2025-05-18 17:52:39,599.62,aud,Subscription update
ch_0008525,Paid,2025-05-18 19:35:41,387.12,aud,Initial consultation
ch_0008526,Paid,2025-05-19 10:24:22,590.92,aud,Subscription update
ch_0008527,Paid,2025-05-19 10:35:42,599.55,aud,Subscription update
ch_0008528,Paid,2025-05-19 14:59:14,352.97,aud,Subscription update
ch_0008529,Paid,2025-05-19 16:36:49,195.71,aud,Subscription update
ch_0008530,Paid,2025-05-19 19:29:48,202.73,aud,Subscription update
ch_0008531,Paid,2025-05-20 06:01:20,200.83,aud,Subscription update
ch_0008532,Paid,2025-05-20 07:33:25,206.21,aud,Subscription update
ch_0008533,Paid,2025-05-20 08:28:05,201.18,aud,Subscription update
ch_0008534,Paid,2025-05-20 09:54:19,197.14,aud,Subscription update
ch_0008535,Paid,2025-05-20 13:13:52,316.88,aud,IV League - Booking
ch_0008536,Paid,2025-05-20 14:08:01,194.15,aud,Subscription update
ch_0008537,Paid,2025-05-20 15:23:22,196.78,aud,Subscription update
ch_0008538,Paid,2025-05-20 16:11:45,200.8,aud,Subscription update
ch_0008539,Paid,2025-05-20 16:34:02,359.1,aud,Subscription update
ch_0008540,Paid,2025-05-20 17:51:02,198.86,aud,Subscription creation
ch_0008541,Paid,2025-05-20 18:19:12,584.06,aud,Subscription creation
ch_0008542,Paid,2025-05-21 11:43:55,196.27,aud,Subscription update
ch_0008543,Paid,2025-05-21 13:23:42,355.72,aud,Subscription update
ch_0008544,Paid,2025-05-21 14:24:23,350.6,aud,Subscription update
ch_0008545,Paid,2025-05-21 15:09:56,356.09,aud,Subscription update
ch_0008546,Paid,2025-05-21 15:37:52,205.09,aud,Subscription update
ch_0008547,Paid,2025-05-21 15:50:05,255.63,aud,IV League - Booking
ch_0008548,Paid,2025-05-21 16:47:07,200.25,aud,Subscription update
ch_0008549,Paid,2025-05-21 17:46:29,196.85,aud,Subscription update
ch_0008550,Paid,2025-05-21 17:51:39,597.97,aud,Subscription update
ch_0008551,Paid,2025-05-21 20:29:02,204.17,aud,Subscription update
ch_0008552,Paid,2025-05-22 07:53:04,339.33,aud,Subscription update
ch_0008553,Paid,2025-05-22 12:37:32,201.72,aud,Subscription update
ch_0008554,Paid,2025-05-22 14:02:43,601.15,aud,Subscription update
ch_0008555,Paid,2025-05-22 17:07:49,4978.46,aud,Corporate wellness - Keyman
ch_0008556,Paid,2025-05-23 12:05:35,592.54,aud,Subscription update
ch_0008557,Paid,2025-05-23 13:44:38,609.07,aud,Subscription update
ch_0008558,Paid,2025-05-23 14:27:04,344.48,aud,Subscription update
ch_0008559,Paid,2025-05-23 16:06:40,204.23,aud,Subscription update
ch_0008560,Paid,2025-05-24 06:17:28,346.61,aud,Subscription update
ch_0008561,Paid,2025-05-24 06:53:51,1647.58,aud,Package initiation
ch_0008562,Paid,2025-05-24 07:23:22,198.18,aud,Subscription creation
ch_0008563,Paid,2025-05-24 08:31:51,203.48,aud,Subscription creation
ch_0008564,Paid,2025-05-24 09:23:54,204.76,aud,Subscription update
ch_0008565,Paid,2025-05-24 09:53:49,200.47,aud,Subscription update
ch_0008566,Paid,2025-05-24 13:17:46,191.31,aud,Subscription update
ch_0008567,Paid,2025-05-24 16:28:21,364.66,aud,Subscription update
ch_0008568,Paid,2025-05-24 20:39:45,196.36,aud,Subscription update
ch_0008569,Paid,2025-05-25 08:44:49,344.54,aud,Subscription update
ch_0008570,Paid,2025-05-25 12:09:08,196.03,aud,Subscription update
ch_0008571,Paid,2025-05-25 15:26:20,198.61,aud,Subscription update
ch_0008572,Paid,2025-05-25 20:04:40,340.99,aud,Subscription update
ch_0008573,Paid,2025-05-25 20:12:26,602.43,aud,Subscription update
ch_0008574,Paid,2025-05-25 20:17:14,582.65,aud,Subscription update
ch_0008575,Paid,2025-05-26 06:21:27,201.29,aud,Subscription update
ch_0008576,Paid,2025-05-26 07:52:50,200.73,aud,Subscription update
ch_0008577,Paid,2025-05-26 10:20:05,611.77,aud,Subscription update
ch_0008578,Paid,2025-05-26 12:15:48,591.06,aud,Subscription update
ch_0008579,Paid,2025-05-26 13:37:23,200.9,aud,Subscription update
ch_0008580,Paid,2025-05-26 18:46:38,208.19,aud,Subscription update
ch_0008581,Paid,2025-05-27 07:31:12,202.51,aud,Subscription update
ch_0008582,Paid,2025-05-27 09:18:22,202.56,aud,Subscription update
ch_0008583,Paid,2025-05-27 11:09:24,202.75,aud,Subscription update
ch_0008584,Paid,2025-05-27 11:48:17,206.5,aud,Subscription update
ch_0008585,Paid,2025-05-27 11:53:52,345.52,aud,Subscription update
ch_0008586,Paid,2025-05-27 13:26:59,343.86,aud,Subscription creation
ch_0008587,Paid,2025-05-27 14:02:09,201.52,aud,Subscription update
ch_0008588,Paid,2025-05-27 15:51:45,347.37,aud,Subscription update
ch_0008589,Paid,2025-05-27 16:20:31,365.12,aud,Subscription update
ch_0008590,Paid,2025-05-27 17:18:19,201.34,aud,Subscription update
ch_0008591,Paid,2025-05-27 19:00:24,196.68,aud,Subscription update
ch_0008592,Paid,2025-05-27 19:11:53,330.6,aud,Subscription update
ch_0008593,Paid,2025-05-27 20:20:02,197.17,aud,Subscription update
ch_0008594,Paid,2025-05-27 20:29:46,348.42,aud,Subscription update
ch_0008595,Paid,2025-05-27 20:31:43,349.52,aud,Subscription update
ch_0008596,Paid,2025-05-27 20:32:29,200.62,aud,Subscription update
ch_0008597,Paid,2025-05-28 06:10:45,349.69,aud,Subscription update
ch_0008598,Paid,2025-05-28 10:03:41,201.75,aud,Subscription update
ch_0008599,Paid,2025-05-28 10:18:04,359.8,aud,Subscription update
ch_0008600,Paid,2025-05-28 11:51:28,345.54,aud,Subscription update
ch_0008601,Paid,2025-05-28 14:57:17,352.28,aud,Subscription update
ch_0008602,Paid,2025-05-28 15:08:22,621.63,aud,Subscription update
ch_0008603,Paid,2025-05-28 15:34:17,605.71,aud,Subscription update
ch_0008604,Paid,2025-05-28 19:28:25,200.48,aud,Subscription update
ch_0008605,Paid,2025-05-29 09:28:59,347.05,aud,Subscription update
ch_0008606,Paid,2025-05-29 11:26:04,203.33,aud,Subscription update
ch_0008607,Paid,2025-05-29 16:24:11,351.89,aud,Subscription update
ch_0008608,Paid,2025-05-29 17:05:50,194.84,aud,Subscription update
ch_0008609,Paid,2025-05-30 08:33:52,194.15,aud,Subscription update
ch_0008610,Paid,2025-05-30 09:34:26,196.23,aud,Subscription update
ch_0008611,Paid,2025-05-30 11:01:33,338.49,aud,Subscription update
ch_0008612,Paid,2025-05-30 17:01:32,199.75,aud,Subscription update
ch_0008613,Paid,2025-05-30 17:02:17,201.08,aud,Subscription update
ch_0008614,Paid,2025-05-30 19:53:45,203.81,aud,Subscription update
ch_0008615,Paid,2025-05-31 06:31:46,200.92,aud,Subscription update
ch_0008616,Paid,2025-05-31 08:09:02,196.53,aud,Subscription update
ch_0008617,Paid,2025-05-31 10:05:03,199.4,aud,Subscription update
ch_0008618,Paid,2025-05-31 12:13:47,197.76,aud,Subscription update
ch_0008619,Paid,2025-05-31 14:28:43,350.5,aud,Subscription update
ch_0008620,Paid,2025-05-31 15:25:28,354.13,aud,Subscription update
ch_0008621,Paid,2025-05-31 15:26:01,588.7,aud,Subscription update
ch_0008622,Paid,2025-05-31 15:45:56,341.17,aud,Subscription update
ch_0008623,Paid,2025-05-31 17:55:58,199.33,aud,Subscription update
ch_0008624,Paid,2025-06-01 06:34:47,197.39,aud,Subscription creation
ch_0008625,Paid,2025-06-01 07:35:25,333.07,aud,Subscription creation
ch_0008626,Paid,2025-06-01 10:34:40,195.69,aud,Subscription update
ch_0008627,Paid,2025-06-01 13:32:25,350.51,aud,Subscription update
ch_0008628,Paid,2025-06-01 16:39:40,343.52,aud,Subscription update
ch_0008629,Paid,2025-06-01 17:04:23,353.59,aud,Subscription update
ch_0008630,Paid,2025-06-01 18:20:21,349.85,aud,Subscription update
ch_0008631,Paid,2025-06-01 18:33:16,341.99,aud,Subscription update
ch_0008632,Paid,2025-06-01 18:52:19,193.53,aud,Subscription update
ch_0008633,Paid,2025-06-01 18:57:26,197.57,aud,Subscription update
ch_0008634,Paid,2025-06-02 06:17:53,335.84,aud,Subscription update
ch_0008635,Paid,2025-06-02 07:13:12,206.23,aud,Subscription update
ch_0008636,Paid,2025-06-02 11:36:23,339.24,aud,Subscription update
ch_0008637,Paid,2025-06-02 13:08:31,196.88,aud,Subscription update
ch_0008638,Paid,2025-06-02 20:39:09,196.96,aud,Subscription update
ch_0008639,Paid,2025-06-03 07:12:34,193.74,aud,Subscription update
ch_0008640,Paid,2025-06-03 07:38:47,196.86,aud,Subscription update
ch_0008641,Paid,2025-06-03 08:29:08,200.56,aud,Subscription update
ch_0008642,Paid,2025-06-03 13:50:38,347.13,aud,Subscription update
ch_0008643,Paid,2025-06-03 17:16:41,200.62,aud,Subscription update
ch_0008644,Paid,2025-06-04 07:36:00,192.57,aud,Subscription update
ch_0008645,Paid,2025-06-04 14:50:40,202.24,aud,Subscription update
ch_0008646,Paid,2025-06-04 16:57:43,195.06,aud,Subscription update
ch_0008647,Paid,2025-06-05 07:50:36,596.74,aud,Subscription creation
ch_0008648,Paid,2025-06-05 10:21:13,197.29,aud,Subscription update
ch_0008649,Paid,2025-06-05 12:42:23,197.24,aud,Subscription update
ch_0008650,Paid,2025-06-05 15:20:05,198.86,aud,Subscription update
ch_0008651,Paid,2025-06-05 16:24:08,356.96,aud,Subscription update
ch_0008652,Paid,2025-06-05 16:37:47,189.37,aud,Subscription update
ch_0008653,Paid,2025-06-05 20:27:33,201.3,aud,Subscription update
ch_0008654,Paid,2025-06-05 20:58:55,192.16,aud,Subscription update
ch_0008655,Paid,2025-06-06 08:10:18,616.43,aud,Subscription update
ch_0008656,Paid,2025-06-06 08:19:59,593.79,aud,Subscription update
ch_0008657,Paid,2025-06-06 10:51:25,197.88,aud,Subscription update
ch_0008658,Paid,2025-06-06 12:54:38,350.76,aud,Subscription update
ch_0008659,Paid,2025-06-06 14:39:25,198.77,aud,Subscription update
ch_0008660,Paid,2025-06-06 16:35:36,347.09,aud,Subscription update
ch_0008661,Paid,2025-06-06 17:29:24,201.2,aud,Subscription update
ch_0008662,Paid,2025-06-06 18:06:19,194.23,aud,Subscription update
ch_0008663,Paid,2025-06-06 18:12:07,356.99,aud,Subscription update
ch_0008664,Paid,2025-06-06 18:42:28,190.26,aud,Subscription update
ch_0008665,Paid,2025-06-06 20:16:28,344.71,aud,Subscription update
ch_0008666,Paid,2025-06-06 20:58:25,197.26,aud,Subscription update
ch_0008667,Paid,2025-06-07 08:08:03,199.75,aud,Subscription update
ch_0008668,Paid,2025-06-07 10:29:31,199.26,aud,Subscription update
ch_0008669,Paid,2025-06-07 12:11:40,344.51,aud,Subscription update
ch_0008670,Paid,2025-06-07 12:32:23,201.2,aud,Subscription update
ch_0008671,Paid,2025-06-07 14:22:02,192.52,aud,Subscription update
ch_0008672,Paid,2025-06-07 14:35:05,201.77,aud,Subscription update
ch_0008673,Paid,2025-06-07 15:36:08,339.21,aud,Subscription update
ch_0008674,Paid,2025-06-07 16:08:18,197.49,aud,Subscription update
ch_0008675,Paid,2025-06-07 16:47:31,197.86,aud,Subscription update
ch_0008676,Paid,2025-06-07 18:57:35,203.52,aud,Subscription update
ch_0008677,Paid,2025-06-08 06:07:40,355.16,aud,Subscription creation
ch_0008678,Paid,2025-06-08 06:11:32,198.47,aud,Subscription update
ch_0008679,Paid,2025-06-08 06:43:32,198.11,aud,Subscription update
ch_0008680,Paid,2025-06-08 08:27:22,200.92,aud,Subscription update
ch_0008681,Paid,2025-06-08 11:33:00,349.84,aud,Subscription update
ch_0008682,Paid,2025-06-08 14:17:21,196.23,aud,Subscription update
ch_0008683,Paid,2025-06-08 15:26:19,200.43,aud,Subscription update
ch_0008684,Paid,2025-06-08 16:08:03,343.52,aud,Subscription update
ch_0008685,Paid,2025-06-08 19:18:47,616.59,aud,Subscription update
ch_0008686,Paid,2025-06-09 09:25:42,349.83,aud,Subscription creation
ch_0008687,Paid,2025-06-09 09:45:21,202.98,aud,Subscription update
ch_0008688,Paid,2025-06-09 11:43:48,199.36,aud,Subscription update
ch_0008689,Paid,2025-06-09 12:47:41,204.93,aud,Subscription creation
ch_0008690,Paid,2025-06-09 12:49:48,357.53,aud,Subscription update
ch_0008691,Paid,2025-06-09 16:47:59,202.06,aud,Subscription update
ch_0008692,Paid,2025-06-09 19:01:28,195.83,aud,Subscription update
ch_0008693,Paid,2025-06-10 07:59:32,341.53,aud,Subscription update
ch_0008694,Paid,2025-06-10 12:08:21,192.21,aud,Subscription update
ch_0008695,Paid,2025-06-10 12:58:23,200.35,aud,Subscription update
ch_0008696,Paid,2025-06-10 14:33:32,206.91,aud,Subscription update
ch_0008697,Paid,2025-06-10 14:37:58,199.84,aud,Subscription update
ch_0008698,Paid,2025-06-10 15:12:11,199.98,aud,Subscription update
ch_0008699,Paid,2025-06-10 17:22:26,354.2,aud,Subscription update
ch_0008700,Paid,2025-06-10 18:54:19,191.33,aud,Subscription update
ch_0008701,Paid,2025-06-11 06:11:27,203.55,aud,Subscription update
ch_0008702,Paid,2025-06-11 07:52:48,340.41,aud,Subscription update
ch_0008703,Paid,2025-06-11 08:59:31,470.35,aud,IV League - Booking
ch_0008704,Paid,2025-06-11 09:44:50,192.72,aud,Subscription creation
ch_0008705,Paid,2025-06-11 11:39:44,198.36,aud,Subscription update
ch_0008706,Paid,2025-06-11 12:03:28,358.19,aud,Subscription update
ch_0008707,Paid,2025-06-12 10:00:36,616.31,aud,Subscription update
ch_0008708,Paid,2025-06-12 11:27:57,197.92,aud,Subscription creation
ch_0008709,Paid,2025-06-12 16:53:30,196.79,aud,Subscription update
ch_0008710,Paid,2025-06-12 20:50:41,196.08,aud,Subscription update
ch_0008711,Paid,2025-06-13 06:55:22,348.23,aud,Subscription creation
ch_0008712,Paid,2025-06-13 09:11:35,331.79,aud,Subscription update
ch_0008713,Paid,2025-06-13 12:12:24,1133.82,aud,Corporate wellness - Keyman
ch_0008714,Paid,2025-06-13 13:03:21,203.93,aud,Subscription update
ch_0008715,Paid,2025-06-13 14:20:44,198.05,aud,Subscription update
ch_0008716,Paid,2025-06-13 17:11:29,204.88,aud,Subscription update
ch_0008717,Paid,2025-06-13 18:43:13,348.4,aud,Subscription creation
ch_0008718,Paid,2025-06-13 19:43:06,350.55,aud,Subscription update
ch_0008719,Paid,2025-06-13 20:38:41,198.64,aud,Subscription update
ch_0008720,Paid,2025-06-14 07:11:34,319.87,aud,Initial consultation
ch_0008721,Paid,2025-06-14 08:11:50,201.67,aud,Subscription update
ch_0008722,Paid,2025-06-14 10:58:39,350.59,aud,Subscription update
ch_0008723,Paid,2025-06-14 11:52:13,198.93,aud,Subscription update
ch_0008724,Paid,2025-06-15 06:31:12,362.95,aud,Subscription update
ch_0008725,Paid,2025-06-15 14:51:35,599.92,aud,Subscription update
ch_0008726,Paid,2025-06-15 15:06:56,389.77,aud,Initial consultation
ch_0008727,Paid,2025-06-15 15:08:22,351.23,aud,Subscription creation
ch_0008728,Paid,2025-06-15 16:11:58,202.5,aud,Subscription update
ch_0008729,Paid,2025-06-15 17:39:11,348.68,aud,Subscription update
ch_0008730,Paid,2025-06-15 17:46:41,335.07,aud,Subscription update
ch_0008731,Paid,2025-06-16 06:18:56,356.02,aud,Subscription update
ch_0008732,Paid,2025-06-16 07:10:22,632.99,aud,Subscription update
ch_0008733,Paid,2025-06-16 08:52:25,193.27,aud,Subscription update
ch_0008734,Paid,2025-06-16 15:03:18,194.66,aud,Subscription creation
ch_0008735,Paid,2025-06-16 15:50:40,340.87,aud,Subscription update
ch_0008736,Paid,2025-06-16 16:31:51,356.59,aud,Subscription update
ch_0008737,Paid,2025-06-16 17:59:39,203.16,aud,Subscription update
ch_0008738,Paid,2025-06-16 18:01:07,348.09,aud,Subscription update
ch_0008739,Paid,2025-06-16 19:14:13,197.53,aud,Subscription update
ch_0008740,Paid,2025-06-16 19:45:18,200.23,aud,Subscription update
ch_0008741,Paid,2025-06-17 06:34:15,358.06,aud,Subscription update
ch_0008742,Paid,2025-06-17 08:36:28,344.64,aud,Subscription update
ch_0008743,Paid,2025-06-17 13:04:49,607.57,aud,Subscription creation
ch_0008744,Paid,2025-06-17 14:01:18,599.15,aud,Subscription update
ch_0008745,Paid,2025-06-17 14:05:04,604.43,aud,Subscription creation
ch_0008746,Paid,2025-06-17 16:46:49,611.52,aud,Subscription update
ch_0008747,Paid,2025-06-17 17:31:16,197.49,aud,Subscription update
ch_0008748,Paid,2025-06-18 08:02:20,197.88,aud,Subscription update
ch_0008749,Paid,2025-06-18 14:14:07,195.52,aud,Subscription update
ch_0008750,Paid,2025-06-18 15:22:11,342.46,aud,Subscription update
ch_0008751,Paid,2025-06-18 15:53:46,598.71,aud,Subscription update
ch_0008752,Paid,2025-06-18 17:05:49,593.7,aud,Subscription update
ch_0008753,Paid,2025-06-18 18:27:15,599.23,aud,Subscription update
ch_0008754,Paid,2025-06-18 18:55:29,195.08,aud,Subscription update
ch_0008755,Paid,2025-06-18 19:31:07,346.94,aud,Subscription update
ch_0008756,Paid,2025-06-18 20:21:11,195.13,aud,Subscription update
ch_0008757,Paid,2025-06-19 06:36:27,193.28,aud,Subscription update
ch_0008758,Paid,2025-06-19 09:01:29,199.42,aud,Subscription update
ch_0008759,Paid,2025-06-19 10:46:24,574.14,aud,Subscription update
ch_0008760,Paid,2025-06-19 10:50:48,350.63,aud,Subscription update
ch_0008761,Paid,2025-06-19 11:20:34,596.42,aud,Subscription update
ch_0008762,Paid,2025-06-19 12:06:54,198.74,aud,Subscription update
ch_0008763,Paid,2025-06-19 19:28:55,349.62,aud,Subscription update
ch_0008764,Paid,2025-06-20 06:29:10,591.34,aud,Subscription update
ch_0008765,Paid,2025-06-20 07:32:09,201.13,aud,Subscription creation
ch_0008766,Paid,2025-06-20 09:45:45,578.1,aud,Subscription update
ch_0008767,Paid,2025-06-20 12:37:29,198.43,aud,Subscription creation
ch_0008768,Paid,2025-06-20 13:25:29,203.96,aud,Subscription update
ch_0008769,Paid,2025-06-20 15:45:28,351.96,aud,Subscription update
ch_0008770,Paid,2025-06-20 17:13:17,359.74,aud,Subscription update
ch_0008771,Paid,2025-06-20 19:23:24,197.87,aud,Subscription update
ch_0008772,Paid,2025-06-20 19:42:47,343.66,aud,Subscription update
ch_0008773,Paid,2025-06-21 07:12:25,355.51,aud,Subscription update
ch_0008774,Paid,2025-06-21 08:39:38,198.84,aud,Subscription update
ch_0008775,Paid,2025-06-21 12:31:45,359.67,aud,Subscription update
ch_0008776,Paid,2025-06-21 19:14:04,353.77,aud,Subscription update
ch_0008777,Paid,2025-06-21 20:16:12,198.22,aud,Subscription update
ch_0008778,Paid,2025-06-21 20:49:54,203.25,aud,Subscription creation
ch_0008779,Paid,2025-06-22 07:39:04,193.44,aud,Subscription update
ch_0008780,Paid,2025-06-22 10:52:07,196.87,aud,Subscription creation
ch_0008781,Paid,2025-06-22 14:11:06,208.03,aud,Subscription update
ch_0008782,Paid,2025-06-22 14:28:00,200.23,aud,Subscription update
ch_0008783,Paid,2025-06-22 15:54:37,199.71,aud,Subscription update
ch_0008784,Paid,2025-06-22 17:05:43,358.55,aud,Subscription update
ch_0008785,Paid,2025-06-22 17:21:16,204.72,aud,Subscription update
ch_0008786,Paid,2025-06-23 11:58:24,197.95,aud,Subscription update
ch_0008787,Paid,2025-06-23 15:05:26,198.57,aud,Subscription update
ch_0008788,Paid,2025-06-23 15:48:17,199.28,aud,Subscription update
ch_0008789,Paid,2025-06-23 16:45:04,358.93,aud,Subscription update
ch_0008790,Paid,2025-06-24 09:48:43,340.83,aud,Subscription update
ch_0008791,Paid,2025-06-24 10:27:24,195.92,aud,Subscription creation
ch_0008792,Paid,2025-06-24 11:57:18,201.98,aud,Subscription creation
ch_0008793,Paid,2025-06-24 12:25:00,363.09,aud,Subscription update
ch_0008794,Paid,2025-06-24 14:32:18,347.7,aud,Subscription creation
ch_0008795,Paid,2025-06-24 16:19:08,202.34,aud,Subscription update
ch_0008796,Paid,2025-06-24 16:48:49,199.57,aud,Subscription update
ch_0008797,Paid,2025-06-24 17:03:13,345.8,aud,Subscription update
ch_0008798,Paid,2025-06-25 06:50:32,203.62,aud,Subscription update
ch_0008799,Paid,2025-06-25 06:58:32,199.5,aud,Subscription update
ch_0008800,Paid,2025-06-25 10:57:08,196.21,aud,Subscription update
ch_0008801,Paid,2025-06-25 11:51:22,196.36,aud,Subscription update
ch_0008802,Paid,2025-06-25 12:07:32,349.07,aud,Subscription update
ch_0008803,Paid,2025-06-25 15:01:58,338.58,aud,Subscription update
ch_0008804,Paid,2025-06-25 17:19:43,588.67,aud,Subscription update
ch_0008805,Paid,2025-06-25 17:30:50,208.5,aud,Subscription creation
ch_0008806,Paid,2025-06-25 17:47:18,201.19,aud,Subscription update
ch_0008807,Paid,2025-06-25 19:01:07,202.05,aud,Subscription update
ch_0008808,Paid,2025-06-25 19:21:41,198.95,aud,Subscription creation
ch_0008809,Paid,2025-06-26 06:14:56,197.67,aud,Subscription update
ch_0008810,Paid,2025-06-26 07:08:36,202.33,aud,Subscription update
ch_0008811,Paid,2025-06-26 07:38:56,199.81,aud,Subscription update
ch_0008812,Paid,2025-06-26 13:30:14,203.95,aud,Subscription update
ch_0008813,Paid,2025-06-26 13:33:06,606.48,aud,Subscription update
ch_0008814,Paid,2025-06-26 13:52:01,195.7,aud,Subscription update
ch_0008815,Paid,2025-06-26 16:00:33,350.04,aud,Subscription update
ch_0008816,Paid,2025-06-26 16:15:59,196.23,aud,Subscription creation
ch_0008817,Paid,2025-06-26 19:33:50,200.3,aud,Subscription update
ch_0008818,Paid,2025-06-26 20:38:42,200.92,aud,Subscription update
ch_0008819,Paid,2025-06-26 20:45:02,197.83,aud,Subscription update
ch_0008820,Paid,2025-06-27 07:16:45,363.88,aud,Subscription update
ch_0008821,Paid,2025-06-27 07:59:43,196.69,aud,Subscription update
ch_0008822,Paid,2025-06-27 08:04:17,616.51,aud,Subscription creation
ch_0008823,Paid,2025-06-27 08:55:01,345.51,aud,Subscription update
ch_0008824,Paid,2025-06-27 09:28:42,334.9,aud,Subscription update
ch_0008825,Paid,2025-06-27 09:44:18,199.42,aud,Subscription update
ch_0008826,Paid,2025-06-27 14:30:27,344.32,aud,Subscription update
ch_0008827,Paid,2025-06-27 16:26:47,601.72,aud,Subscription creation
ch_0008828,Paid,2025-06-27 19:11:19,582.92,aud,Subscription update
ch_0008829,Paid,2025-06-27 20:19:11,196.71,aud,Subscription update
ch_0008830,Paid,2025-06-28 07:19:20,198.29,aud,Subscription update
ch_0008831,Paid,2025-06-28 09:10:53,199.47,aud,Subscription update
ch_0008832,Paid,2025-06-28 11:23:07,195.78,aud,Subscription update
ch_0008833,Paid,2025-06-28 12:04:19,202.05,aud,Subscription update
ch_0008834,Paid,2025-06-28 14:28:53,196.99,aud,Subscription update
ch_0008835,Paid,2025-06-28 15:16:34,3077.57,aud,Package initiation
ch_0008836,Paid,2025-06-28 15:57:02,342.8,aud,Subscription update
ch_0008837,Paid,2025-06-28 16:49:59,346.46,aud,Subscription update
ch_0008838,Paid,2025-06-28 17:29:46,353.72,aud,Subscription update
ch_0008839,Paid,2025-06-28 18:24:33,192.45,aud,Subscription creation
ch_0008840,Paid,2025-06-28 20:10:09,198.83,aud,Subscription update
ch_0008841,Paid,2025-06-29 06:07:41,193.5,aud,Subscription update
ch_0008842,Paid,2025-06-29 06:37:05,346.28,aud,Subscription update
ch_0008843,Paid,2025-06-29 07:15:28,344.7,aud,Subscription update
ch_0008844,Paid,2025-06-29 08:08:16,609.69,aud,Subscription update
ch_0008845,Paid,2025-06-29 08:20:00,197.17,aud,Subscription creation
ch_0008846,Paid,2025-06-29 09:11:02,206.49,aud,Subscription update
ch_0008847,Paid,2025-06-29 11:51:10,598.29,aud,Subscription update
ch_0008848,Paid,2025-06-29 12:26:07,197.03,aud,Subscription update
ch_0008849,Paid,2025-06-29 12:45:48,2006.84,aud,Package initiation
ch_0008850,Paid,2025-06-29 13:07:00,587.36,aud,Subscription update
ch_0008851,Paid,2025-06-29 13:22:42,191.86,aud,Subscription update
ch_0008852,Paid,2025-06-29 16:31:51,600.4,aud,Subscription update
ch_0008853,Paid,2025-06-29 20:16:20,608.45,aud,Subscription update
ch_0008854,Paid,2025-06-29 20:32:52,199.0,aud,Subscription update
ch_0008855,Paid,2025-06-30 08:07:06,587.37,aud,Subscription creation
ch_0008856,Paid,2025-06-30 08:53:11,344.14,aud,Subscription update
ch_0008857,Paid,2025-06-30 09:36:12,194.99,aud,Subscription creation
ch_0008858,Paid,2025-06-30 09:47:26,345.04,aud,Subscription update
ch_0008859,Paid,2025-06-30 10:27:33,360.57,aud,Subscription update
ch_0008860,Paid,2025-06-30 13:11:17,596.07,aud,Subscription update
ch_0008861,Paid,2025-06-30 13:39:26,197.4,aud,Subscription update
ch_0008862,Paid,2025-06-30 15:21:42,607.95,aud,Subscription update
ch_0008863,Paid,2025-06-30 15:45:48,198.55,aud,Subscription update
ch_0008864,Paid,2025-06-30 17:27:13,595.28,aud,Subscription update
ch_0008865,Paid,2025-06-30 17:48:31,197.39,aud,Subscription update
ch_0008866,Paid,2025-06-30 18:41:19,353.18,aud,Subscription update
ch_0008867,Paid,2025-07-01 10:56:06,201.55,aud,Subscription update
ch_0008868,Paid,2025-07-01 11:27:32,197.4,aud,Subscription update
ch_0008869,Paid,2025-07-01 15:22:22,589.55,aud,Subscription update
ch_0008870,Paid,2025-07-01 18:02:42,197.31,aud,Subscription update
ch_0008871,Paid,2025-07-02 08:32:49,331.44,aud,Subscription update
ch_0008872,Paid,2025-07-02 09:00:44,343.65,aud,Subscription update
ch_0008873,Paid,2025-07-02 10:53:28,197.96,aud,Subscription update
ch_0008874,Paid,2025-07-02 11:32:47,350.89,aud,Subscription update
ch_0008875,Paid,2025-07-02 14:11:30,202.26,aud,Subscription update
ch_0008876,Paid,2025-07-03 06:54:09,342.15,aud,Subscription update
ch_0008877,Paid,2025-07-03 09:32:31,11871.43,aud,Corporate wellness - Keyman
ch_0008878,Paid,2025-07-03 10:59:23,353.32,aud,Subscription update
ch_0008879,Paid,2025-07-03 18:10:38,191.71,aud,Subscription update
ch_0008880,Paid,2025-07-03 18:18:02,471.62,aud,IV League - Booking
ch_0008881,Paid,2025-07-04 09:34:20,201.65,aud,Subscription update
ch_0008882,Paid,2025-07-04 10:00:14,344.52,aud,Subscription update
ch_0008883,Paid,2025-07-04 11:54:52,203.61,aud,Subscription update
ch_0008884,Paid,2025-07-04 14:53:39,341.62,aud,Subscription update
ch_0008885,Paid,2025-07-04 15:43:51,349.52,aud,Subscription update
ch_0008886,Paid,2025-07-04 18:42:49,194.69,aud,Subscription update
ch_0008887,Paid,2025-07-04 18:50:30,201.61,aud,Subscription creation
ch_0008888,Paid,2025-07-04 19:47:52,200.06,aud,Subscription update
ch_0008889,Paid,2025-07-04 20:05:11,195.85,aud,Subscription update
ch_0008890,Paid,2025-07-04 20:15:13,192.68,aud,Subscription update
ch_0008891,Paid,2025-07-05 06:28:26,589.05,aud,Subscription update
ch_0008892,Paid,2025-07-05 07:13:21,338.98,aud,Subscription update
ch_0008893,Paid,2025-07-05 07:40:56,194.0,aud,Subscription update
ch_0008894,Paid,2025-07-05 12:42:26,196.69,aud,Subscription update
ch_0008895,Paid,2025-07-05 13:35:15,199.29,aud,Subscription update
ch_0008896,Paid,2025-07-05 13:57:13,198.94,aud,Subscription update
ch_0008897,Paid,2025-07-05 14:45:34,343.22,aud,Subscription update
ch_0008898,Paid,2025-07-05 15:30:50,201.52,aud,Subscription update
ch_0008899,Paid,2025-07-06 06:02:17,197.62,aud,Subscription creation
ch_0008900,Paid,2025-07-06 07:11:11,205.94,aud,Subscription update
ch_0008901,Paid,2025-07-06 08:23:19,195.2,aud,Subscription update
ch_0008902,Paid,2025-07-06 09:19:06,338.05,aud,Subscription update
ch_0008903,Paid,2025-07-06 11:15:56,350.43,aud,Subscription update
ch_0008904,Paid,2025-07-06 15:52:31,353.02,aud,Subscription update
ch_0008905,Paid,2025-07-06 18:33:09,201.79,aud,Subscription update
ch_0008906,Paid,2025-07-06 18:43:35,201.42,aud,Subscription update
ch_0008907,Paid,2025-07-07 14:03:05,352.7,aud,Subscription update
ch_0008908,Paid,2025-07-07 14:30:43,199.75,aud,Subscription creation
ch_0008909,Paid,2025-07-07 20:18:26,345.87,aud,Subscription update
ch_0008910,Paid,2025-07-08 06:25:03,199.18,aud,Subscription update
ch_0008911,Paid,2025-07-08 06:25:05,193.8,aud,Subscription creation
ch_0008912,Paid,2025-07-08 07:22:41,204.35,aud,Subscription update
ch_0008913,Paid,2025-07-08 09:04:49,1055.98,aud,Longevity panel
ch_0008914,Paid,2025-07-08 16:04:37,573.79,aud,Subscription update
ch_0008915,Paid,2025-07-08 16:22:12,195.6,aud,Subscription update
ch_0008916,Paid,2025-07-08 16:41:08,596.54,aud,Subscription update
ch_0008917,Paid,2025-07-08 17:28:08,198.2,aud,Subscription creation
ch_0008918,Paid,2025-07-08 17:48:20,200.84,aud,Subscription creation
ch_0008919,Paid,2025-07-08 18:17:24,201.47,aud,Subscription update
ch_0008920,Paid,2025-07-08 19:02:07,193.86,aud,Subscription update
ch_0008921,Paid,2025-07-08 20:34:28,199.71,aud,Subscription update
ch_0008922,Paid,2025-07-09 06:26:48,196.4,aud,Subscription update
ch_0008923,Paid,2025-07-09 07:37:07,193.84,aud,Subscription update
ch_0008924,Paid,2025-07-09 08:44:37,572.57,aud,Subscription update
ch_0008925,Paid,2025-07-09 09:52:15,352.55,aud,Subscription update
ch_0008926,Paid,2025-07-09 14:51:14,615.17,aud,Subscription update
ch_0008927,Paid,2025-07-09 16:47:51,198.05,aud,Subscription creation
ch_0008928,Paid,2025-07-09 17:00:06,200.33,aud,Subscription update
ch_0008929,Paid,2025-07-09 18:09:17,196.6,aud,Subscription update
ch_0008930,Paid,2025-07-09 18:21:26,198.89,aud,Subscription update
ch_0008931,Paid,2025-07-09 18:24:58,340.97,aud,Subscription creation
ch_0008932,Paid,2025-07-09 20:28:59,197.4,aud,Subscription update
ch_0008933,Paid,2025-07-10 14:52:33,201.32,aud,Subscription update
ch_0008934,Paid,2025-07-10 16:17:23,617.89,aud,Subscription update
ch_0008935,Paid,2025-07-10 19:17:24,198.51,aud,Subscription update
ch_0008936,Paid,2025-07-10 20:37:48,585.55,aud,Subscription creation
ch_0008937,Paid,2025-07-10 20:38:46,353.58,aud,Subscription update
ch_0008938,Paid,2025-07-11 08:41:58,344.11,aud,Subscription creation
ch_0008939,Paid,2025-07-11 09:59:10,350.75,aud,Subscription update
ch_0008940,Paid,2025-07-11 11:26:19,198.03,aud,Subscription update
ch_0008941,Paid,2025-07-11 11:46:47,574.25,aud,Subscription update
ch_0008942,Paid,2025-07-11 12:09:27,200.1,aud,Subscription update
ch_0008943,Paid,2025-07-11 12:20:23,198.25,aud,Subscription update
ch_0008944,Paid,2025-07-11 13:02:41,197.9,aud,Subscription update
ch_0008945,Paid,2025-07-11 13:35:37,585.29,aud,Subscription update
ch_0008946,Paid,2025-07-11 13:44:43,194.71,aud,Subscription update
ch_0008947,Paid,2025-07-11 16:58:31,578.77,aud,Subscription update
ch_0008948,Paid,2025-07-12 06:03:33,595.18,aud,Subscription update
ch_0008949,Paid,2025-07-12 11:26:19,344.0,aud,Subscription update
ch_0008950,Paid,2025-07-12 11:30:14,201.1,aud,Subscription update
ch_0008951,Paid,2025-07-12 13:46:53,202.7,aud,Subscription update
ch_0008952,Paid,2025-07-12 14:10:41,351.69,aud,Subscription update
ch_0008953,Paid,2025-07-12 15:21:32,337.72,aud,Subscription update
ch_0008954,Paid,2025-07-12 15:29:03,207.5,aud,Subscription update
ch_0008955,Paid,2025-07-12 18:53:02,353.97,aud,Subscription update
ch_0008956,Paid,2025-07-12 19:42:51,354.67,aud,Subscription update
ch_0008957,Paid,2025-07-12 19:47:36,190.46,aud,Subscription update
ch_0008958,Paid,2025-07-12 20:19:30,195.71,aud,Subscription update
ch_0008959,Paid,2025-07-13 06:48:39,199.53,aud,Subscription update
ch_0008960,Paid,2025-07-13 08:35:15,607.27,aud,Subscription update
ch_0008961,Paid,2025-07-13 09:00:04,198.29,aud,Subscription update
ch_0008962,Paid,2025-07-13 09:30:55,200.56,aud,Subscription update
ch_0008963,Paid,2025-07-13 11:47:38,191.84,aud,Subscription update
ch_0008964,Paid,2025-07-13 13:09:43,352.79,aud,Subscription update
ch_0008965,Paid,2025-07-13 16:11:59,616.58,aud,Subscription update
ch_0008966,Paid,2025-07-14 06:39:49,599.07,aud,Subscription update
ch_0008967,Paid,2025-07-14 07:15:54,183.5,aud,Invoice payment
ch_0008968,Paid,2025-07-14 09:32:00,205.08,aud,Subscription update
ch_0008969,Paid,2025-07-14 10:18:25,202.65,aud,Subscription update
ch_0008970,Paid,2025-07-14 11:40:45,469.89,aud,IV League - Booking
ch_0008971,Paid,2025-07-14 12:11:05,337.98,aud,Subscription update
ch_0008972,Paid,2025-07-14 15:16:56,359.45,aud,Subscription update
ch_0008973,Paid,2025-07-14 15:54:23,197.09,aud,Subscription update
ch_0008974,Paid,2025-07-14 18:10:39,344.23,aud,Subscription update
ch_0008975,Paid,2025-07-14 19:58:02,197.83,aud,Subscription update
ch_0008976,Paid,2025-07-15 07:39:21,247.53,aud,IV League - Booking
ch_0008977,Paid,2025-07-15 07:54:13,599.78,aud,Subscription update
ch_0008978,Paid,2025-07-15 09:20:39,196.01,aud,Subscription update
ch_0008979,Paid,2025-07-15 09:43:59,204.22,aud,Subscription update
ch_0008980,Paid,2025-07-15 14:43:01,339.67,aud,Subscription update
ch_0008981,Paid,2025-07-15 17:18:06,345.96,aud,Subscription creation
ch_0008982,Paid,2025-07-16 08:59:04,586.64,aud,Subscription update
ch_0008983,Paid,2025-07-16 09:53:44,603.11,aud,Subscription update
ch_0008984,Paid,2025-07-16 11:07:48,201.61,aud,Subscription update
ch_0008985,Paid,2025-07-16 11:33:53,199.59,aud,Subscription update
ch_0008986,Paid,2025-07-16 12:31:52,197.82,aud,Subscription update
ch_0008987,Paid,2025-07-16 14:27:29,345.42,aud,Subscription update
ch_0008988,Paid,2025-07-16 16:34:09,198.0,aud,Subscription update
ch_0008989,Paid,2025-07-16 17:27:27,201.68,aud,Subscription update
ch_0008990,Paid,2025-07-16 19:37:00,197.1,aud,Subscription update
ch_0008991,Paid,2025-07-16 20:05:02,206.15,aud,Subscription update
ch_0008992,Paid,2025-07-17 08:53:37,346.09,aud,Subscription update
ch_0008993,Paid,2025-07-17 09:08:57,332.27,aud,Subscription update
ch_0008994,Paid,2025-07-17 09:28:18,351.57,aud,Subscription update
ch_0008995,Paid,2025-07-17 10:30:26,346.63,aud,Subscription update
ch_0008996,Paid,2025-07-17 12:08:32,376.46,aud,Initial consultation
ch_0008997,Paid,2025-07-17 12:38:00,346.19,aud,Subscription creation
ch_0008998,Paid,2025-07-17 16:20:28,361.09,aud,Subscription update
ch_0008999,Paid,2025-07-17 16:34:16,194.03,aud,Subscription update
ch_0009000,Paid,2025-07-17 18:44:26,198.63,aud,Subscription update
ch_0009001,Paid,2025-07-18 06:49:50,197.44,aud,Subscription update
ch_0009002,Paid,2025-07-18 07:13:41,197.39,aud,Subscription update
ch_0009003,Paid,2025-07-18 08:01:58,609.1,aud,Subscription update
ch_0009004,Paid,2025-07-18 08:04:06,588.41,aud,Subscription update
ch_0009005,Paid,2025-07-18 09:47:44,342.14,aud,Subscription update
ch_0009006,Paid,2025-07-18 11:52:12,204.2,aud,Subscription update
ch_0009007,Paid,2025-07-18 11:55:24,203.6,aud,Subscription update
ch_0009008,Paid,2025-07-18 12:08:18,197.36,aud,Subscription update
ch_0009009,Paid,2025-07-18 13:04:25,337.71,aud,Subscription creation
ch_0009010,Paid,2025-07-18 14:10:08,584.1,aud,Subscription update
ch_0009011,Paid,2025-07-18 16:56:14,196.49,aud,Subscription update
ch_0009012,Paid,2025-07-18 19:15:12,591.96,aud,Subscription update
ch_0009013,Paid,2025-07-19 06:06:33,199.35,aud,Subscription update
ch_0009014,Paid,2025-07-19 07:14:48,203.02,aud,Subscription update
ch_0009015,Paid,2025-07-19 07:26:28,347.73,aud,Subscription update
ch_0009016,Paid,2025-07-19 08:16:53,197.07,aud,Subscription update
ch_0009017,Paid,2025-07-19 10:09:18,191.97,aud,Subscription update
ch_0009018,Paid,2025-07-19 11:54:22,206.57,aud,Subscription update
ch_0009019,Paid,2025-07-19 15:32:19,344.82,aud,Subscription update
ch_0009020,Paid,2025-07-20 06:20:54,197.74,aud,Subscription update
ch_0009021,Paid,2025-07-20 06:57:09,245.0,aud,IV League - Booking
ch_0009022,Paid,2025-07-20 10:52:54,346.25,aud,Subscription creation
ch_0009023,Paid,2025-07-20 11:15:47,191.29,aud,Subscription update
ch_0009024,Paid,2025-07-20 12:57:59,342.66,aud,Subscription update
ch_0009025,Paid,2025-07-20 13:46:30,206.77,aud,Subscription update
ch_0009026,Paid,2025-07-20 17:57:04,597.88,aud,Subscription creation
ch_0009027,Paid,2025-07-20 20:32:34,346.29,aud,Subscription update
ch_0009028,Paid,2025-07-21 08:11:27,198.02,aud,Subscription update
ch_0009029,Paid,2025-07-21 09:47:46,349.63,aud,Subscription update
ch_0009030,Paid,2025-07-21 13:58:00,341.86,aud,Subscription update
ch_0009031,Paid,2025-07-21 14:06:43,583.11,aud,Subscription update
ch_0009032,Paid,2025-07-21 14:39:08,337.64,aud,Subscription update
ch_0009033,Paid,2025-07-21 16:02:34,606.84,aud,Subscription update
ch_0009034,Paid,2025-07-21 16:19:13,203.32,aud,Subscription update
ch_0009035,Paid,2025-07-21 20:02:27,197.87,aud,Subscription creation
ch_0009036,Paid,2025-07-22 06:16:59,190.09,aud,Subscription update
ch_0009037,Paid,2025-07-22 06:47:26,197.13,aud,Subscription update
ch_0009038,Paid,2025-07-22 08:45:01,594.02,aud,Subscription creation
ch_0009039,Paid,2025-07-22 10:05:27,590.21,aud,Subscription update
ch_0009040,Paid,2025-07-22 10:34:15,199.35,aud,Subscription update
ch_0009041,Paid,2025-07-22 12:51:56,196.84,aud,Subscription update
ch_0009042,Paid,2025-07-22 13:00:43,350.95,aud,Subscription update
ch_0009043,Paid,2025-07-22 17:57:51,200.62,aud,Subscription update
ch_0009044,Paid,2025-07-22 18:32:35,193.79,aud,Subscription update
ch_0009045,Paid,2025-07-22 19:24:11,1011.6,aud,Invoice payment
ch_0009046,Paid,2025-07-22 20:19:35,351.8,aud,Subscription update
ch_0009047,Paid,2025-07-22 20:39:00,195.02,aud,Subscription update
ch_0009048,Paid,2025-07-23 07:06:57,610.66,aud,Subscription update
ch_0009049,Paid,2025-07-23 10:11:06,353.88,aud,Subscription update
ch_0009050,Paid,2025-07-23 12:27:28,356.93,aud,Subscription update
ch_0009051,Paid,2025-07-23 13:09:09,345.99,aud,Subscription update
ch_0009052,Paid,2025-07-23 14:28:49,197.49,aud,Subscription update
ch_0009053,Paid,2025-07-23 15:53:20,345.77,aud,Subscription creation
ch_0009054,Paid,2025-07-23 16:44:13,196.0,aud,Subscription creation
ch_0009055,Paid,2025-07-23 19:46:21,198.22,aud,Subscription update
ch_0009056,Paid,2025-07-23 20:01:06,344.5,aud,Subscription update
ch_0009057,Paid,2025-07-24 07:37:36,203.62,aud,Subscription update
ch_0009058,Paid,2025-07-24 11:34:18,345.25,aud,Subscription update
ch_0009059,Paid,2025-07-24 15:55:19,199.03,aud,Subscription update
ch_0009060,Paid,2025-07-24 20:16:20,204.32,aud,Subscription update
ch_0009061,Paid,2025-07-24 20:29:26,355.45,aud,Subscription creation
ch_0009062,Paid,2025-07-24 20:50:40,354.53,aud,Subscription update
ch_0009063,Paid,2025-07-25 07:22:19,200.41,aud,Subscription creation
ch_0009064,Paid,2025-07-25 08:19:54,351.2,aud,Subscription update
ch_0009065,Paid,2025-07-25 09:43:23,343.47,aud,Subscription update
ch_0009066,Paid,2025-07-25 10:12:52,199.06,aud,Subscription update
ch_0009067,Paid,2025-07-25 12:10:25,346.52,aud,Subscription update
ch_0009068,Paid,2025-07-25 14:09:48,605.13,aud,Subscription update
ch_0009069,Paid,2025-07-25 14:17:06,203.57,aud,Subscription update
ch_0009070,Paid,2025-07-25 15:43:35,341.49,aud,Subscription update
ch_0009071,Paid,2025-07-25 15:47:05,193.41,aud,Subscription creation
ch_0009072,Paid,2025-07-25 20:46:05,197.61,aud,Subscription update
ch_0009073,Paid,2025-07-26 06:00:07,192.43,aud,Subscription update
ch_0009074,Paid,2025-07-26 09:59:50,201.01,aud,Subscription update
ch_0009075,Paid,2025-07-26 12:04:31,200.33,aud,Subscription update
ch_0009076,Paid,2025-07-26 12:40:58,350.78,aud,Subscription creation
ch_0009077,Paid,2025-07-26 12:52:27,201.23,aud,Subscription update
ch_0009078,Paid,2025-07-26 14:19:12,344.48,aud,Subscription update
ch_0009079,Paid,2025-07-26 14:34:00,211.09,aud,Subscription update
ch_0009080,Paid,2025-07-26 15:15:57,350.9,aud,Subscription creation
ch_0009081,Paid,2025-07-26 17:48:34,201.32,aud,Subscription update
ch_0009082,Paid,2025-07-26 18:48:15,197.14,aud,Subscription creation
ch_0009083,Paid,2025-07-26 19:02:30,356.78,aud,Subscription update
ch_0009084,Paid,2025-07-27 06:13:16,601.67,aud,Subscription update
ch_0009085,Paid,2025-07-27 06:36:14,196.39,aud,Subscription update
ch_0009086,Paid,2025-07-27 07:35:46,614.46,aud,Subscription update
ch_0009087,Paid,2025-07-27 08:26:49,340.52,aud,Subscription update
ch_0009088,Paid,2025-07-27 10:28:08,356.12,aud,Subscription update
ch_0009089,Paid,2025-07-27 20:12:03,201.53,aud,Subscription update
ch_0009090,Paid,2025-07-28 09:54:22,202.82,aud,Subscription update
ch_0009091,Paid,2025-07-28 10:12:09,345.05,aud,Subscription update
ch_0009092,Paid,2025-07-28 11:08:16,197.35,aud,Subscription creation
ch_0009093,Paid,2025-07-28 12:32:24,199.39,aud,Subscription update
ch_0009094,Paid,2025-07-28 19:54:15,198.24,aud,Subscription update
ch_0009095,Paid,2025-07-29 07:01:28,348.29,aud,Subscription update
ch_0009096,Paid,2025-07-29 07:15:33,202.01,aud,Subscription update
ch_0009097,Paid,2025-07-29 10:59:20,196.69,aud,Subscription update
ch_0009098,Paid,2025-07-29 16:17:47,200.41,aud,Subscription update
ch_0009099,Paid,2025-07-29 17:55:42,196.65,aud,Subscription update
ch_0009100,Paid,2025-07-29 18:22:08,197.09,aud,Subscription update
ch_0009101,Paid,2025-07-29 19:27:40,346.14,aud,Subscription update
ch_0009102,Paid,2025-07-29 19:58:34,583.37,aud,Subscription update
ch_0009103,Paid,2025-07-29 20:48:02,195.81,aud,Subscription update
ch_0009104,Paid,2025-07-30 06:51:52,194.13,aud,Subscription update
ch_0009105,Paid,2025-07-30 08:04:12,198.09,aud,Subscription update
ch_0009106,Paid,2025-07-30 08:38:15,198.1,aud,Subscription update
ch_0009107,Paid,2025-07-30 09:44:31,343.32,aud,Subscription update
ch_0009108,Paid,2025-07-30 10:09:58,202.11,aud,Subscription update
ch_0009109,Paid,2025-07-30 12:41:27,200.58,aud,Subscription update
ch_0009110,Paid,2025-07-30 14:23:38,341.9,aud,Subscription update
ch_0009111,Paid,2025-07-30 14:47:46,346.81,aud,Subscription update
ch_0009112,Paid,2025-07-30 15:54:51,587.67,aud,Subscription update
ch_0009113,Paid,2025-07-30 16:53:09,267.28,aud,IV League - Booking
ch_0009114,Paid,2025-07-30 18:14:20,197.8,aud,Subscription creation
ch_0009115,Paid,2025-07-30 19:52:49,203.37,aud,Subscription update
ch_0009116,Paid,2025-07-30 20:54:28,197.32,aud,Subscription update
ch_0009117,Paid,2025-07-31 10:18:05,187.02,aud,IV League - Booking
ch_0009118,Paid,2025-07-31 11:44:16,199.1,aud,Subscription update
ch_0009119,Paid,2025-07-31 15:46:25,343.71,aud,Subscription creation
ch_0009120,Paid,2025-07-31 15:59:07,340.46,aud,Subscription update
ch_0009121,Paid,2025-07-31 16:02:25,195.82,aud,Subscription update
ch_0009122,Paid,2025-07-31 16:12:18,198.41,aud,Subscription update
ch_0009123,Paid,2025-07-31 19:12:08,594.54,aud,Subscription update
ch_0009124,Paid,2025-07-31 20:11:51,358.01,aud,Subscription update
ch_0009125,Paid,2025-07-31 20:43:36,200.0,aud,Subscription update
ch_0009126,Paid,2025-08-01 06:21:35,198.8,aud,IV League - Booking
ch_0009127,Paid,2025-08-01 07:40:58,345.64,aud,Subscription update
ch_0009128,Paid,2025-08-01 12:48:04,590.25,aud,Subscription update
ch_0009129,Paid,2025-08-01 15:52:16,202.25,aud,Subscription creation
ch_0009130,Paid,2025-08-01 16:06:37,590.11,aud,Subscription update
ch_0009131,Paid,2025-08-01 18:53:17,197.7,aud,Subscription update
ch_0009132,Paid,2025-08-02 06:50:22,199.46,aud,Subscription update
ch_0009133,Paid,2025-08-02 08:04:33,347.7,aud,Subscription update
ch_0009134,Paid,2025-08-02 08:34:53,338.12,aud,Subscription update
ch_0009135,Paid,2025-08-02 09:27:32,348.12,aud,Subscription update
ch_0009136,Paid,2025-08-02 11:40:03,200.11,aud,Subscription creation
ch_0009137,Paid,2025-08-02 14:47:36,600.46,aud,Subscription update
ch_0009138,Paid,2025-08-02 15:59:45,202.17,aud,Subscription update
ch_0009139,Paid,2025-08-02 16:59:22,197.68,aud,Subscription update
ch_0009140,Paid,2025-08-02 19:18:14,196.58,aud,Subscription update
ch_0009141,Paid,2025-08-02 19:36:48,194.14,aud,Subscription update
ch_0009142,Paid,2025-08-03 06:39:36,348.98,aud,Subscription update
ch_0009143,Paid,2025-08-03 07:35:26,604.97,aud,Subscription update
ch_0009144,Paid,2025-08-03 08:39:51,5515.03,aud,Corporate wellness - Keyman
ch_0009145,Paid,2025-08-03 09:05:08,198.93,aud,Subscription update
ch_0009146,Paid,2025-08-03 11:12:19,357.56,aud,Subscription update
ch_0009147,Paid,2025-08-03 13:14:31,334.98,aud,Subscription update
ch_0009148,Paid,2025-08-03 14:37:42,205.46,aud,Subscription update
ch_0009149,Paid,2025-08-04 08:08:18,192.25,aud,Subscription creation
ch_0009150,Paid,2025-08-04 08:12:51,347.36,aud,Subscription update
ch_0009151,Paid,2025-08-04 08:56:24,198.76,aud,Subscription update
ch_0009152,Paid,2025-08-04 12:09:36,201.36,aud,Subscription update
ch_0009153,Paid,2025-08-04 15:22:55,612.23,aud,Subscription update
ch_0009154,Paid,2025-08-04 20:56:36,600.82,aud,Subscription update
ch_0009155,Paid,2025-08-05 07:19:45,599.0,aud,Subscription update
ch_0009156,Paid,2025-08-05 08:27:39,334.03,aud,Subscription update
ch_0009157,Paid,2025-08-05 10:18:58,600.18,aud,Subscription update
ch_0009158,Paid,2025-08-05 10:41:44,200.23,aud,Subscription update
ch_0009159,Paid,2025-08-05 11:44:59,197.76,aud,Subscription update
ch_0009160,Paid,2025-08-05 12:56:28,354.17,aud,Subscription update
ch_0009161,Paid,2025-08-05 16:51:37,595.1,aud,Subscription update
ch_0009162,Paid,2025-08-05 17:17:06,200.97,aud,Subscription update
ch_0009163,Paid,2025-08-05 19:36:33,196.94,aud,Subscription creation
ch_0009164,Paid,2025-08-06 06:25:13,606.98,aud,Subscription update
ch_0009165,Paid,2025-08-06 06:54:20,345.3,aud,Subscription update
ch_0009166,Paid,2025-08-06 06:55:13,345.78,aud,Subscription update
ch_0009167,Paid,2025-08-06 06:57:21,336.3,aud,Subscription creation
ch_0009168,Paid,2025-08-06 08:38:10,199.17,aud,Subscription update
ch_0009169,Paid,2025-08-06 12:52:16,345.28,aud,Subscription update
ch_0009170,Paid,2025-08-06 15:20:44,193.17,aud,Subscription update
ch_0009171,Paid,2025-08-06 15:26:19,200.59,aud,Subscription update
ch_0009172,Paid,2025-08-06 19:33:11,354.66,aud,Subscription update
ch_0009173,Paid,2025-08-06 20:49:08,201.95,aud,Subscription update
ch_0009174,Paid,2025-08-07 07:06:03,201.63,aud,Subscription update
ch_0009175,Paid,2025-08-07 08:38:43,197.19,aud,Subscription update
ch_0009176,Paid,2025-08-07 13:13:45,351.53,aud,Subscription update
ch_0009177,Paid,2025-08-07 14:03:45,347.59,aud,Subscription creation
ch_0009178,Paid,2025-08-07 14:08:45,200.81,aud,Subscription update
ch_0009179,Paid,2025-08-07 15:46:38,339.86,aud,Subscription update
ch_0009180,Paid,2025-08-07 19:13:02,195.64,aud,Subscription update
ch_0009181,Paid,2025-08-07 20:05:41,361.23,aud,Subscription update
ch_0009182,Paid,2025-08-07 20:08:06,199.06,aud,Subscription creation
ch_0009183,Paid,2025-08-07 20:19:46,196.39,aud,Subscription update
ch_0009184,Paid,2025-08-08 08:58:35,202.65,aud,Subscription update
ch_0009185,Paid,2025-08-08 10:54:46,589.96,aud,Subscription creation
ch_0009186,Paid,2025-08-08 11:58:13,346.82,aud,Subscription update
ch_0009187,Paid,2025-08-08 14:15:23,204.17,aud,Subscription creation
ch_0009188,Paid,2025-08-08 16:22:00,194.37,aud,Subscription creation
ch_0009189,Paid,2025-08-08 18:05:47,613.39,aud,Subscription update
ch_0009190,Paid,2025-08-09 09:22:28,200.8,aud,Subscription update
ch_0009191,Paid,2025-08-09 09:27:30,195.17,aud,Subscription update
ch_0009192,Paid,2025-08-09 09:30:32,354.47,aud,Subscription update
ch_0009193,Paid,2025-08-09 10:56:38,201.8,aud,Subscription update
ch_0009194,Paid,2025-08-09 13:10:46,198.58,aud,Subscription update
ch_0009195,Paid,2025-08-09 14:42:31,179.87,aud,IV League - Booking
ch_0009196,Paid,2025-08-09 15:02:48,601.28,aud,Subscription update
ch_0009197,Paid,2025-08-09 16:22:44,198.51,aud,Subscription update
ch_0009198,Paid,2025-08-09 17:14:33,582.48,aud,Subscription creation
ch_0009199,Paid,2025-08-09 18:01:38,574.06,aud,Subscription update
ch_0009200,Paid,2025-08-10 06:37:31,198.17,aud,Subscription update
ch_0009201,Paid,2025-08-10 07:29:28,351.73,aud,Subscription update
ch_0009202,Paid,2025-08-10 08:12:21,608.2,aud,Subscription update
ch_0009203,Paid,2025-08-10 14:48:56,195.33,aud,Subscription update
ch_0009204,Paid,2025-08-10 15:54:49,355.39,aud,Subscription update
ch_0009205,Paid,2025-08-10 17:09:14,203.45,aud,Subscription update
ch_0009206,Paid,2025-08-10 17:25:49,1796.43,aud,Package initiation
ch_0009207,Paid,2025-08-11 07:10:51,354.97,aud,Subscription update
ch_0009208,Paid,2025-08-11 07:47:51,271.73,aud,IV League - Booking
ch_0009209,Paid,2025-08-11 08:26:02,200.21,aud,Subscription update
ch_0009210,Paid,2025-08-11 09:37:03,202.61,aud,Subscription update
ch_0009211,Paid,2025-08-11 09:58:40,199.46,aud,Subscription update
ch_0009212,Paid,2025-08-11 11:40:50,200.57,aud,Subscription creation
ch_0009213,Paid,2025-08-11 12:04:17,337.93,aud,Subscription update
ch_0009214,Paid,2025-08-11 12:25:24,194.78,aud,Subscription update
ch_0009215,Paid,2025-08-11 12:46:21,203.2,aud,Subscription update
ch_0009216,Paid,2025-08-11 13:31:06,202.0,aud,Subscription creation
ch_0009217,Paid,2025-08-11 14:33:56,356.64,aud,Subscription update
ch_0009218,Paid,2025-08-11 14:42:46,616.28,aud,Subscription update
ch_0009219,Paid,2025-08-11 16:32:48,197.81,aud,Subscription creation
ch_0009220,Paid,2025-08-11 16:54:58,196.51,aud,Subscription update
ch_0009221,Paid,2025-08-12 06:43:15,334.5,aud,IV League - Booking
ch_0009222,Paid,2025-08-12 06:46:56,206.7,aud,Subscription update
ch_0009223,Paid,2025-08-12 07:02:17,198.15,aud,Subscription update
ch_0009224,Paid,2025-08-12 12:48:23,345.08,aud,Subscription update
ch_0009225,Paid,2025-08-12 15:32:04,204.45,aud,Subscription update
ch_0009226,Paid,2025-08-12 17:48:05,194.6,aud,Subscription creation
ch_0009227,Paid,2025-08-12 17:49:22,623.64,aud,Subscription update
ch_0009228,Paid,2025-08-12 19:14:02,196.81,aud,Subscription update
ch_0009229,Paid,2025-08-13 07:21:39,198.38,aud,Subscription update
ch_0009230,Paid,2025-08-13 07:23:34,206.9,aud,Subscription update
ch_0009231,Paid,2025-08-13 09:05:47,199.45,aud,Subscription update
ch_0009232,Paid,2025-08-13 09:51:53,198.9,aud,Subscription update
ch_0009233,Paid,2025-08-13 10:57:24,198.46,aud,Subscription update
ch_0009234,Paid,2025-08-13 14:15:13,206.4,aud,Subscription update
ch_0009235,Paid,2025-08-13 15:51:29,201.27,aud,Subscription update
ch_0009236,Paid,2025-08-13 16:51:14,354.23,aud,Subscription update
ch_0009237,Paid,2025-08-13 16:52:07,600.23,aud,Subscription update
ch_0009238,Paid,2025-08-13 17:34:44,602.32,aud,Subscription update
ch_0009239,Paid,2025-08-13 18:34:21,330.64,aud,Subscription update
ch_0009240,Paid,2025-08-13 18:40:35,203.39,aud,Subscription update
ch_0009241,Paid,2025-08-14 06:14:54,347.58,aud,Subscription update
ch_0009242,Paid,2025-08-14 06:28:49,601.36,aud,Subscription update
ch_0009243,Paid,2025-08-14 06:53:21,194.94,aud,Subscription update
ch_0009244,Paid,2025-08-14 07:16:45,201.26,aud,Subscription update
ch_0009245,Paid,2025-08-14 08:17:15,196.84,aud,Subscription update
ch_0009246,Paid,2025-08-14 08:49:49,619.97,aud,Subscription update
ch_0009247,Paid,2025-08-14 09:29:48,185.19,aud,IV League - Booking
ch_0009248,Paid,2025-08-14 11:57:55,354.05,aud,Subscription update
ch_0009249,Paid,2025-08-14 13:27:34,204.13,aud,Subscription creation
ch_0009250,Paid,2025-08-14 16:20:38,199.56,aud,Subscription update
ch_0009251,Paid,2025-08-14 18:42:23,353.28,aud,Subscription update
ch_0009252,Paid,2025-08-14 19:07:02,342.82,aud,Subscription update
ch_0009253,Paid,2025-08-14 20:35:45,199.58,aud,Subscription update
ch_0009254,Paid,2025-08-15 06:45:04,360.98,aud,Subscription update
ch_0009255,Paid,2025-08-15 07:29:38,210.72,aud,Subscription update
ch_0009256,Paid,2025-08-15 08:55:00,195.22,aud,Subscription update
ch_0009257,Paid,2025-08-15 10:14:08,344.84,aud,Subscription update
ch_0009258,Paid,2025-08-15 11:10:34,194.35,aud,Subscription creation
ch_0009259,Paid,2025-08-15 15:00:20,203.08,aud,Subscription update
ch_0009260,Paid,2025-08-15 19:54:50,593.87,aud,Subscription update
ch_0009261,Paid,2025-08-15 20:02:25,197.35,aud,Subscription creation
ch_0009262,Paid,2025-08-15 20:05:42,196.39,aud,Subscription update
ch_0009263,Paid,2025-08-16 12:40:06,200.64,aud,Subscription creation
ch_0009264,Paid,2025-08-16 16:22:10,199.22,aud,Subscription creation
ch_0009265,Paid,2025-08-17 06:03:37,586.34,aud,Subscription creation
ch_0009266,Paid,2025-08-17 06:07:38,202.02,aud,Subscription update
ch_0009267,Paid,2025-08-17 06:11:37,201.91,aud,Subscription update
ch_0009268,Paid,2025-08-17 06:56:57,197.71,aud,Subscription update
ch_0009269,Paid,2025-08-17 11:04:10,338.61,aud,Subscription update
ch_0009270,Paid,2025-08-17 11:07:27,596.17,aud,Subscription update
ch_0009271,Paid,2025-08-17 13:00:44,364.19,aud,Subscription update
ch_0009272,Paid,2025-08-17 13:21:02,346.24,aud,Subscription update
ch_0009273,Paid,2025-08-17 16:29:31,335.85,aud,Subscription update
ch_0009274,Paid,2025-08-17 17:12:33,590.58,aud,Subscription creation
ch_0009275,Paid,2025-08-17 17:40:43,351.16,aud,Subscription update
ch_0009276,Paid,2025-08-18 06:25:09,361.35,aud,Subscription update
ch_0009277,Paid,2025-08-18 07:00:00,194.8,aud,Subscription update
ch_0009278,Paid,2025-08-18 07:58:33,198.17,aud,Subscription update
ch_0009279,Paid,2025-08-18 12:44:04,202.47,aud,Subscription creation
ch_0009280,Paid,2025-08-18 13:27:24,354.3,aud,Subscription update
ch_0009281,Paid,2025-08-18 14:10:45,203.73,aud,Subscription update
ch_0009282,Paid,2025-08-18 14:41:37,194.99,aud,Subscription update
ch_0009283,Paid,2025-08-18 16:22:19,322.81,aud,IV League - Booking
ch_0009284,Paid,2025-08-18 17:04:17,206.58,aud,Subscription update
ch_0009285,Paid,2025-08-18 17:07:24,201.05,aud,Subscription update
ch_0009286,Paid,2025-08-18 18:01:21,361.3,aud,Subscription update
ch_0009287,Paid,2025-08-19 12:47:17,619.45,aud,Subscription update
ch_0009288,Paid,2025-08-19 14:42:19,206.58,aud,Subscription update
ch_0009289,Paid,2025-08-19 15:56:29,199.32,aud,Subscription update
ch_0009290,Paid,2025-08-19 16:27:45,356.22,aud,Subscription update
ch_0009291,Paid,2025-08-19 17:45:02,348.64,aud,Subscription creation
ch_0009292,Paid,2025-08-19 17:51:47,347.22,aud,Subscription update
ch_0009293,Paid,2025-08-19 18:18:32,199.15,aud,Subscription update
ch_0009294,Paid,2025-08-19 18:56:43,193.98,aud,Subscription update
ch_0009295,Paid,2025-08-19 19:29:12,200.68,aud,Subscription update
ch_0009296,Paid,2025-08-19 19:59:16,334.93,aud,Subscription update
ch_0009297,Paid,2025-08-20 07:32:34,600.07,aud,Subscription update
ch_0009298,Paid,2025-08-20 08:38:27,199.0,aud,Subscription update
ch_0009299,Paid,2025-08-20 08:53:48,193.21,aud,Subscription update
ch_0009300,Paid,2025-08-20 16:09:26,205.33,aud,Subscription update
ch_0009301,Paid,2025-08-21 07:57:31,195.55,aud,Subscription update
ch_0009302,Paid,2025-08-21 08:05:15,200.69,aud,Subscription update
ch_0009303,Paid,2025-08-21 08:56:02,338.38,aud,Subscription update
ch_0009304,Paid,2025-08-21 10:33:28,206.97,aud,Subscription update
ch_0009305,Paid,2025-08-21 12:28:24,198.01,aud,Subscription update
ch_0009306,Paid,2025-08-21 14:38:31,594.29,aud,Subscription update
ch_0009307,Paid,2025-08-21 14:50:33,199.6,aud,Subscription update
ch_0009308,Paid,2025-08-21 18:23:43,199.56,aud,Subscription update
ch_0009309,Paid,2025-08-22 06:23:43,200.95,aud,Subscription update
ch_0009310,Paid,2025-08-22 08:07:10,205.34,aud,Subscription update
ch_0009311,Paid,2025-08-22 09:37:42,192.09,aud,Subscription update
ch_0009312,Paid,2025-08-22 11:18:47,201.27,aud,Subscription creation
ch_0009313,Paid,2025-08-22 13:09:00,256.39,aud,IV League - Booking
ch_0009314,Paid,2025-08-22 13:18:34,350.55,aud,Subscription update
ch_0009315,Paid,2025-08-22 14:36:46,203.52,aud,Subscription update
ch_0009316,Paid,2025-08-22 14:57:45,334.47,aud,Subscription update
ch_0009317,Paid,2025-08-22 17:29:32,2087.62,aud,Package initiation
ch_0009318,Paid,2025-08-22 19:58:58,207.04,aud,Subscription update
ch_0009319,Paid,2025-08-23 06:12:29,204.57,aud,Subscription update
ch_0009320,Paid,2025-08-23 08:24:01,584.51,aud,Subscription update
ch_0009321,Paid,2025-08-23 08:56:25,346.12,aud,Subscription update
ch_0009322,Paid,2025-08-23 09:46:09,198.42,aud,Subscription update
ch_0009323,Paid,2025-08-23 10:10:45,348.62,aud,Subscription update
ch_0009324,Paid,2025-08-23 11:53:41,355.37,aud,Subscription creation
ch_0009325,Paid,2025-08-23 11:58:37,575.71,aud,Subscription update
ch_0009326,Paid,2025-08-23 13:01:34,199.09,aud,Subscription update
ch_0009327,Paid,2025-08-23 13:12:56,344.32,aud,Subscription update
ch_0009328,Paid,2025-08-23 15:17:33,197.1,aud,Subscription update
ch_0009329,Paid,2025-08-23 16:32:24,597.21,aud,Subscription creation
ch_0009330,Paid,2025-08-23 17:59:06,202.24,aud,Subscription update
ch_0009331,Paid,2025-08-23 19:00:47,345.82,aud,Subscription creation
ch_0009332,Paid,2025-08-23 19:11:34,201.86,aud,Subscription update
ch_0009333,Paid,2025-08-23 19:39:25,348.58,aud,Subscription update
ch_0009334,Paid,2025-08-24 06:22:39,349.27,aud,Subscription update
ch_0009335,Paid,2025-08-24 06:25:29,354.81,aud,Subscription update
ch_0009336,Paid,2025-08-24 08:26:38,207.45,aud,Subscription update
ch_0009337,Paid,2025-08-24 09:32:17,201.76,aud,Subscription update
ch_0009338,Paid,2025-08-24 13:13:01,572.59,aud,Subscription update
ch_0009339,Paid,2025-08-24 14:59:26,589.38,aud,Subscription update
ch_0009340,Paid,2025-08-24 15:03:58,347.12,aud,Subscription creation
ch_0009341,Paid,2025-08-24 16:12:45,196.08,aud,Subscription update
ch_0009342,Paid,2025-08-24 19:44:20,589.39,aud,Subscription update
ch_0009343,Paid,2025-08-24 19:46:23,1853.85,aud,Package initiation
ch_0009344,Paid,2025-08-25 06:16:44,346.85,aud,Subscription update
ch_0009345,Paid,2025-08-25 07:52:52,199.16,aud,Subscription update
ch_0009346,Paid,2025-08-25 09:07:44,198.36,aud,Subscription creation
ch_0009347,Paid,2025-08-25 09:30:51,195.39,aud,Subscription update
ch_0009348,Paid,2025-08-25 10:49:22,201.17,aud,Subscription update
ch_0009349,Paid,2025-08-25 12:06:51,193.46,aud,Subscription creation
ch_0009350,Paid,2025-08-25 12:58:37,195.1,aud,Subscription update
ch_0009351,Paid,2025-08-25 13:05:59,598.06,aud,Subscription update
ch_0009352,Paid,2025-08-25 13:34:58,207.18,aud,Subscription update
ch_0009353,Paid,2025-08-25 14:52:40,194.33,aud,Subscription update
ch_0009354,Paid,2025-08-25 15:09:58,594.98,aud,Subscription update
ch_0009355,Paid,2025-08-25 15:48:47,627.24,aud,Subscription update
ch_0009356,Paid,2025-08-25 15:58:38,594.63,aud,Subscription update
ch_0009357,Paid,2025-08-25 16:05:58,345.73,aud,Subscription update
ch_0009358,Paid,2025-08-25 17:03:35,1027.32,aud,Longevity panel
ch_0009359,Paid,2025-08-25 20:50:21,351.81,aud,Initial consultation
ch_0009360,Paid,2025-08-26 08:12:20,590.9,aud,Subscription update
ch_0009361,Paid,2025-08-26 10:25:29,199.29,aud,Subscription update
ch_0009362,Paid,2025-08-26 11:08:38,192.67,aud,Subscription update
ch_0009363,Paid,2025-08-26 11:55:03,362.69,aud,Subscription update
ch_0009364,Paid,2025-08-26 14:43:31,345.18,aud,Subscription update
ch_0009365,Paid,2025-08-26 17:51:01,206.61,aud,Subscription update
ch_0009366,Paid,2025-08-26 20:50:53,201.58,aud,Subscription update
ch_0009367,Paid,2025-08-27 11:32:18,582.03,aud,Subscription update
ch_0009368,Paid,2025-08-27 11:58:02,608.05,aud,Subscription creation
ch_0009369,Paid,2025-08-27 15:03:16,199.12,aud,Subscription update
ch_0009370,Paid,2025-08-27 15:05:23,199.73,aud,Subscription update
ch_0009371,Paid,2025-08-28 08:18:59,351.83,aud,Subscription creation
ch_0009372,Paid,2025-08-28 08:21:48,202.38,aud,Subscription update
ch_0009373,Paid,2025-08-28 10:05:55,350.79,aud,Subscription update
ch_0009374,Paid,2025-08-28 12:39:37,598.58,aud,Subscription update
ch_0009375,Paid,2025-08-28 12:57:01,190.68,aud,Subscription update
ch_0009376,Paid,2025-08-28 14:44:27,203.07,aud,Subscription update
ch_0009377,Paid,2025-08-28 14:50:01,585.47,aud,Subscription update
ch_0009378,Paid,2025-08-28 17:04:35,349.04,aud,Subscription creation
ch_0009379,Paid,2025-08-28 19:17:16,1933.38,aud,Package initiation
ch_0009380,Paid,2025-08-28 20:46:03,345.97,aud,Subscription update
ch_0009381,Paid,2025-08-29 07:03:25,202.87,aud,Subscription update
ch_0009382,Paid,2025-08-29 07:07:13,196.35,aud,Subscription update
ch_0009383,Paid,2025-08-29 09:52:32,197.94,aud,Subscription update
ch_0009384,Paid,2025-08-29 11:15:29,359.85,aud,Subscription update
ch_0009385,Paid,2025-08-29 14:35:54,605.1,aud,Subscription update
ch_0009386,Paid,2025-08-29 15:09:52,202.55,aud,Subscription update
ch_0009387,Paid,2025-08-29 15:58:24,251.26,aud,IV League - Booking
ch_0009388,Paid,2025-08-29 17:49:32,302.44,aud,IV League - Booking
ch_0009389,Paid,2025-08-29 19:19:18,583.9,aud,Subscription update
ch_0009390,Paid,2025-08-30 15:09:01,254.17,aud,IV League - Booking
ch_0009391,Paid,2025-08-30 17:07:04,201.06,aud,Subscription update
ch_0009392,Paid,2025-08-30 18:46:42,203.41,aud,Subscription update
ch_0009393,Paid,2025-08-30 20:13:16,360.16,aud,Subscription update
ch_0009394,Paid,2025-08-30 20:49:44,193.38,aud,Subscription update
ch_0009395,Paid,2025-08-31 09:11:33,355.22,aud,Subscription update
ch_0009396,Paid,2025-08-31 11:21:16,349.88,aud,Subscription update
ch_0009397,Paid,2025-08-31 13:17:26,193.69,aud,Subscription update
ch_0009398,Paid,2025-08-31 13:57:13,601.37,aud,Subscription update
ch_0009399,Paid,2025-08-31 15:31:01,204.61,aud,Subscription update
ch_0009400,Paid,2025-08-31 16:00:31,609.66,aud,Subscription update
ch_0009401,Paid,2025-08-31 18:29:46,606.6,aud,Subscription update
ch_0009402,Paid,2025-08-31 19:21:21,205.27,aud,Subscription update
ch_0009403,Paid,2025-08-31 19:40:11,200.11,aud,Subscription update
ch_0009404,Paid,2025-08-31 20:33:41,199.38,aud,Subscription update
ch_0009405,Paid,2025-09-01 06:13:28,593.82,aud,Subscription update
ch_0009406,Paid,2025-09-01 09:40:31,200.15,aud,Subscription update
ch_0009407,Paid,2025-09-01 10:05:23,197.66,aud,Subscription update
ch_0009408,Paid,2025-09-01 12:33:51,348.17,aud,Subscription update
ch_0009409,Paid,2025-09-01 14:14:40,594.17,aud,Subscription update
ch_0009410,Paid,2025-09-01 14:19:24,205.73,aud,Subscription update
ch_0009411,Paid,2025-09-01 15:16:11,340.11,aud,Subscription update
ch_0009412,Paid,2025-09-01 16:16:35,341.46,aud,Subscription update
ch_0009413,Paid,2025-09-01 18:07:54,595.1,aud,Subscription update
ch_0009414,Paid,2025-09-01 18:38:47,357.94,aud,Subscription update
ch_0009415,Paid,2025-09-01 18:55:40,194.02,aud,Subscription update
ch_0009416,Paid,2025-09-01 19:00:00,351.05,aud,Subscription update
ch_0009417,Paid,2025-09-01 19:15:29,338.15,aud,Subscription update
ch_0009418,Paid,2025-09-01 20:45:55,342.8,aud,Subscription update
ch_0009419,Paid,2025-09-01 20:54:41,343.31,aud,Subscription update
ch_0009420,Paid,2025-09-02 08:19:09,591.26,aud,Subscription update
ch_0009421,Paid,2025-09-02 08:52:34,194.81,aud,Subscription update
ch_0009422,Paid,2025-09-02 10:09:38,194.5,aud,Subscription update
ch_0009423,Paid,2025-09-02 10:35:02,199.26,aud,Subscription update
ch_0009424,Paid,2025-09-02 12:19:35,357.63,aud,Subscription update
ch_0009425,Paid,2025-09-02 13:15:14,2226.7,aud,Package initiation
ch_0009426,Paid,2025-09-02 14:28:15,580.03,aud,Subscription update
ch_0009427,Paid,2025-09-02 14:38:17,2208.57,aud,Package initiation
ch_0009428,Paid,2025-09-02 14:44:36,199.27,aud,Subscription update
ch_0009429,Paid,2025-09-02 16:05:35,602.17,aud,Subscription update
ch_0009430,Paid,2025-09-02 16:34:48,604.85,aud,Subscription update
ch_0009431,Paid,2025-09-02 17:31:32,205.81,aud,Subscription update
ch_0009432,Paid,2025-09-02 17:57:39,356.36,aud,Subscription update
ch_0009433,Paid,2025-09-02 20:07:23,198.07,aud,Subscription update
ch_0009434,Paid,2025-09-02 20:27:11,196.76,aud,Subscription update
ch_0009435,Paid,2025-09-03 07:55:46,349.4,aud,Subscription update
ch_0009436,Paid,2025-09-03 07:56:06,199.39,aud,Subscription creation
ch_0009437,Paid,2025-09-03 08:09:45,342.4,aud,Subscription update
ch_0009438,Paid,2025-09-03 08:40:11,343.3,aud,Subscription update
ch_0009439,Paid,2025-09-03 10:25:17,200.13,aud,Subscription update
ch_0009440,Paid,2025-09-03 11:00:44,199.92,aud,Subscription update
ch_0009441,Paid,2025-09-03 12:01:48,336.67,aud,Subscription update
ch_0009442,Paid,2025-09-03 13:42:14,348.92,aud,Subscription update
ch_0009443,Paid,2025-09-03 13:58:12,199.35,aud,Subscription update
ch_0009444,Paid,2025-09-03 15:36:19,589.43,aud,Subscription update
ch_0009445,Paid,2025-09-03 16:16:38,595.02,aud,Subscription creation
ch_0009446,Paid,2025-09-03 16:23:09,345.06,aud,Subscription creation
ch_0009447,Paid,2025-09-04 06:57:06,352.3,aud,Subscription update
ch_0009448,Paid,2025-09-04 08:54:01,205.6,aud,Subscription update
ch_0009449,Paid,2025-09-04 11:08:32,342.53,aud,Subscription update
ch_0009450,Paid,2025-09-04 11:08:52,200.82,aud,Subscription update
ch_0009451,Paid,2025-09-04 12:46:29,201.27,aud,Subscription creation
ch_0009452,Paid,2025-09-04 13:02:22,348.59,aud,Subscription update
ch_0009453,Paid,2025-09-04 15:09:26,202.88,aud,Subscription update
ch_0009454,Paid,2025-09-04 16:11:36,596.71,aud,Subscription update
ch_0009455,Paid,2025-09-04 17:57:27,605.51,aud,Subscription update
ch_0009456,Paid,2025-09-04 19:02:33,315.85,aud,Initial consultation
ch_0009457,Paid,2025-09-05 06:42:10,202.43,aud,Subscription update
ch_0009458,Paid,2025-09-05 10:10:17,2258.28,aud,Package initiation
ch_0009459,Paid,2025-09-05 11:49:43,200.66,aud,Subscription update
ch_0009460,Paid,2025-09-05 11:55:50,202.87,aud,Subscription update
ch_0009461,Paid,2025-09-05 12:07:08,592.24,aud,Subscription update
ch_0009462,Paid,2025-09-05 14:19:41,605.4,aud,Subscription update
ch_0009463,Paid,2025-09-05 16:55:54,198.71,aud,Subscription update
ch_0009464,Paid,2025-09-05 17:05:31,348.28,aud,Subscription update
ch_0009465,Paid,2025-09-05 20:51:52,349.89,aud,Subscription update
ch_0009466,Paid,2025-09-06 07:24:07,190.44,aud,Subscription update
ch_0009467,Paid,2025-09-06 07:59:00,204.1,aud,Subscription update
ch_0009468,Paid,2025-09-06 09:53:55,195.53,aud,Subscription update
ch_0009469,Paid,2025-09-06 10:23:00,193.58,aud,Subscription update
ch_0009470,Paid,2025-09-06 20:32:51,606.1,aud,Subscription update
ch_0009471,Paid,2025-09-07 06:50:13,199.4,aud,Subscription update
ch_0009472,Paid,2025-09-07 09:20:24,339.09,aud,Subscription update
ch_0009473,Paid,2025-09-07 09:20:48,193.91,aud,Subscription update
ch_0009474,Paid,2025-09-07 10:34:23,349.46,aud,Subscription update
ch_0009475,Paid,2025-09-07 12:01:53,207.5,aud,Subscription creation
ch_0009476,Paid,2025-09-07 12:02:17,201.54,aud,Subscription update
ch_0009477,Paid,2025-09-07 13:13:00,586.88,aud,Subscription update
ch_0009478,Paid,2025-09-07 14:05:38,304.59,aud,Initial consultation
ch_0009479,Paid,2025-09-07 14:34:10,196.46,aud,Subscription creation
ch_0009480,Paid,2025-09-07 15:22:12,203.64,aud,Subscription update
ch_0009481,Paid,2025-09-07 20:01:10,618.14,aud,Subscription update
ch_0009482,Paid,2025-09-08 06:31:05,344.6,aud,Subscription update
ch_0009483,Paid,2025-09-08 07:16:36,197.1,aud,Subscription creation
ch_0009484,Paid,2025-09-08 08:14:17,202.7,aud,Subscription update
ch_0009485,Paid,2025-09-08 11:36:03,199.91,aud,Subscription update
ch_0009486,Paid,2025-09-08 13:48:27,342.06,aud,Subscription update
ch_0009487,Paid,2025-09-08 14:33:14,199.43,aud,Subscription update
ch_0009488,Paid,2025-09-08 14:38:24,205.29,aud,Subscription update
ch_0009489,Paid,2025-09-08 16:19:45,349.8,aud,Subscription update
ch_0009490,Paid,2025-09-08 16:45:57,347.81,aud,Subscription update
ch_0009491,Paid,2025-09-08 18:37:36,358.17,aud,Subscription update
ch_0009492,Paid,2025-09-08 20:39:24,190.58,aud,Subscription creation
ch_0009493,Paid,2025-09-09 06:03:00,203.02,aud,Subscription update
ch_0009494,Paid,2025-09-09 06:41:42,198.0,aud,Subscription update
ch_0009495,Paid,2025-09-09 07:17:01,199.32,aud,Subscription update
ch_0009496,Paid,2025-09-09 08:36:11,196.41,aud,Subscription update
ch_0009497,Paid,2025-09-09 08:42:52,193.58,aud,Subscription update
ch_0009498,Paid,2025-09-09 09:01:14,341.23,aud,Subscription update
ch_0009499,Paid,2025-09-09 10:31:28,191.76,aud,Subscription update
ch_0009500,Paid,2025-09-09 10:47:23,198.47,aud,Subscription update
ch_0009501,Paid,2025-09-09 11:35:13,195.44,aud,Subscription update
ch_0009502,Paid,2025-09-09 15:30:11,203.52,aud,Subscription update
ch_0009503,Paid,2025-09-09 17:07:22,194.93,aud,Subscription update
ch_0009504,Paid,2025-09-09 17:35:17,195.71,aud,Subscription update
ch_0009505,Paid,2025-09-09 20:45:48,194.65,aud,Subscription update
ch_0009506,Paid,2025-09-10 06:25:12,200.59,aud,Subscription update
ch_0009507,Paid,2025-09-10 06:27:44,356.04,aud,Subscription update
ch_0009508,Paid,2025-09-10 06:59:13,352.57,aud,Subscription update
ch_0009509,Paid,2025-09-10 08:19:56,599.94,aud,Subscription creation
ch_0009510,Paid,2025-09-10 09:27:43,205.4,aud,Subscription update
ch_0009511,Paid,2025-09-10 09:34:31,200.14,aud,Subscription update
ch_0009512,Paid,2025-09-10 10:19:58,196.32,aud,Subscription update
ch_0009513,Paid,2025-09-10 11:03:57,352.57,aud,Subscription update
ch_0009514,Paid,2025-09-10 11:34:22,579.45,aud,Subscription update
ch_0009515,Paid,2025-09-10 11:46:03,345.24,aud,Subscription update
ch_0009516,Paid,2025-09-10 12:42:12,600.64,aud,Subscription update
ch_0009517,Paid,2025-09-10 13:57:51,522.46,aud,Longevity panel
ch_0009518,Paid,2025-09-10 15:02:45,293.49,aud,IV League - Booking
ch_0009519,Paid,2025-09-10 15:23:50,198.27,aud,Subscription update
ch_0009520,Paid,2025-09-10 16:39:41,199.87,aud,Subscription update
ch_0009521,Paid,2025-09-10 18:49:56,199.89,aud,Subscription update
ch_0009522,Paid,2025-09-11 08:37:44,349.1,aud,Subscription update
ch_0009523,Paid,2025-09-11 11:21:51,355.47,aud,Subscription update
ch_0009524,Paid,2025-09-11 12:36:55,348.29,aud,Subscription update
ch_0009525,Paid,2025-09-11 13:55:09,600.17,aud,Subscription update
ch_0009526,Paid,2025-09-11 14:11:01,597.26,aud,Subscription update
ch_0009527,Paid,2025-09-11 16:11:11,204.1,aud,Subscription update
ch_0009528,Paid,2025-09-11 16:12:05,195.03,aud,Subscription update
ch_0009529,Paid,2025-09-11 20:23:19,342.51,aud,Subscription update
ch_0009530,Paid,2025-09-12 08:43:19,595.6,aud,Subscription update
ch_0009531,Paid,2025-09-12 09:07:15,563.06,aud,Subscription creation
ch_0009532,Paid,2025-09-12 09:17:41,203.3,aud,Subscription update
ch_0009533,Paid,2025-09-12 09:30:45,197.13,aud,Subscription update
ch_0009534,Paid,2025-09-12 11:07:54,205.77,aud,Subscription update
ch_0009535,Paid,2025-09-12 11:17:27,588.98,aud,Subscription creation
ch_0009536,Paid,2025-09-12 12:23:06,204.74,aud,Subscription creation
ch_0009537,Paid,2025-09-12 13:19:03,198.59,aud,Subscription creation
ch_0009538,Paid,2025-09-12 13:59:52,609.35,aud,Subscription update
ch_0009539,Paid,2025-09-12 16:56:18,620.68,aud,Subscription update
ch_0009540,Paid,2025-09-12 17:34:10,197.02,aud,Subscription update
ch_0009541,Paid,2025-09-13 06:55:57,342.02,aud,Subscription update
ch_0009542,Paid,2025-09-13 08:15:18,202.49,aud,Subscription creation
ch_0009543,Paid,2025-09-13 08:23:04,195.43,aud,Subscription creation
ch_0009544,Paid,2025-09-13 10:11:27,200.81,aud,Subscription update
ch_0009545,Paid,2025-09-13 12:09:00,201.64,aud,Subscription update
ch_0009546,Paid,2025-09-13 12:58:13,2325.68,aud,Package initiation
ch_0009547,Paid,2025-09-13 13:29:09,198.48,aud,Subscription update
ch_0009548,Paid,2025-09-13 14:37:56,194.65,aud,Subscription update
ch_0009549,Paid,2025-09-13 16:30:54,198.86,aud,Subscription update
ch_0009550,Paid,2025-09-13 18:20:12,195.7,aud,Subscription update
ch_0009551,Paid,2025-09-14 06:39:34,204.65,aud,Subscription update
ch_0009552,Paid,2025-09-14 07:27:14,357.07,aud,Subscription update
ch_0009553,Paid,2025-09-14 07:41:39,196.66,aud,Subscription update
ch_0009554,Paid,2025-09-14 08:44:39,344.31,aud,Subscription update
ch_0009555,Paid,2025-09-14 08:54:50,608.91,aud,Subscription update
ch_0009556,Paid,2025-09-14 09:54:46,369.38,aud,Initial consultation
ch_0009557,Paid,2025-09-14 10:35:03,347.73,aud,Subscription update
ch_0009558,Paid,2025-09-14 12:26:17,195.3,aud,Subscription creation
ch_0009559,Paid,2025-09-14 17:34:08,197.95,aud,Subscription update
ch_0009560,Paid,2025-09-14 17:49:34,349.66,aud,Subscription update
ch_0009561,Paid,2025-09-14 19:10:53,345.22,aud,Subscription update
ch_0009562,Paid,2025-09-14 20:10:58,195.29,aud,Subscription creation
ch_0009563,Paid,2025-09-15 11:14:17,202.43,aud,Subscription update
ch_0009564,Paid,2025-09-15 13:14:13,353.92,aud,Subscription update
ch_0009565,Paid,2025-09-15 17:26:17,198.2,aud,Subscription update
ch_0009566,Paid,2025-09-15 18:12:10,198.8,aud,Subscription creation
ch_0009567,Paid,2025-09-15 18:46:34,350.5,aud,Subscription update
ch_0009568,Paid,2025-09-16 06:57:39,351.71,aud,Subscription update
ch_0009569,Paid,2025-09-16 07:32:08,200.83,aud,Subscription update
ch_0009570,Paid,2025-09-16 09:10:15,360.92,aud,Subscription update
ch_0009571,Paid,2025-09-16 10:27:20,190.66,aud,Subscription update
ch_0009572,Paid,2025-09-16 12:47:22,195.56,aud,Subscription update
ch_0009573,Paid,2025-09-16 13:13:03,202.08,aud,Subscription update
ch_0009574,Paid,2025-09-16 17:42:27,197.81,aud,Subscription update
ch_0009575,Paid,2025-09-16 18:51:06,586.06,aud,Subscription creation
ch_0009576,Paid,2025-09-16 19:01:11,354.81,aud,Subscription update
ch_0009577,Paid,2025-09-16 20:49:02,615.67,aud,Subscription update
ch_0009578,Paid,2025-09-17 06:34:11,204.38,aud,Subscription update
ch_0009579,Paid,2025-09-17 07:38:16,601.41,aud,Subscription update
ch_0009580,Paid,2025-09-17 12:44:36,182.9,aud,IV League - Booking
ch_0009581,Paid,2025-09-17 15:02:19,607.46,aud,Subscription update
ch_0009582,Paid,2025-09-17 15:12:45,200.56,aud,Subscription update
ch_0009583,Paid,2025-09-17 17:52:15,196.0,aud,Subscription update
ch_0009584,Paid,2025-09-17 18:14:07,310.67,aud,IV League - Booking
ch_0009585,Paid,2025-09-17 18:23:37,342.14,aud,Subscription update
ch_0009586,Paid,2025-09-17 20:23:28,193.95,aud,Subscription update
ch_0009587,Paid,2025-09-18 07:38:33,343.34,aud,Subscription update
ch_0009588,Paid,2025-09-18 08:17:34,199.06,aud,Subscription update
ch_0009589,Paid,2025-09-18 09:07:29,346.17,aud,Subscription update
ch_0009590,Paid,2025-09-18 12:13:45,605.22,aud,Subscription update
ch_0009591,Paid,2025-09-18 14:01:58,340.38,aud,Subscription creation
ch_0009592,Paid,2025-09-18 14:46:15,353.93,aud,Subscription update
ch_0009593,Paid,2025-09-18 15:06:33,344.3,aud,Subscription update
ch_0009594,Paid,2025-09-18 16:13:57,202.08,aud,Subscription creation
ch_0009595,Paid,2025-09-18 17:12:39,202.59,aud,Subscription update
ch_0009596,Paid,2025-09-18 17:23:30,200.95,aud,Subscription update
ch_0009597,Paid,2025-09-18 20:47:56,195.57,aud,Subscription update
ch_0009598,Paid,2025-09-18 20:53:18,191.36,aud,Subscription creation
ch_0009599,Paid,2025-09-18 20:55:11,205.6,aud,Subscription update
ch_0009600,Paid,2025-09-19 06:56:07,597.52,aud,Subscription update
ch_0009601,Paid,2025-09-19 08:25:58,196.97,aud,Subscription update
ch_0009602,Paid,2025-09-19 09:00:00,194.32,aud,Subscription update
ch_0009603,Paid,2025-09-19 10:41:51,201.18,aud,Subscription update
ch_0009604,Paid,2025-09-19 10:44:48,197.43,aud,Subscription update
ch_0009605,Paid,2025-09-19 14:49:49,199.63,aud,Subscription update
ch_0009606,Paid,2025-09-19 15:18:35,194.86,aud,Subscription update
ch_0009607,Paid,2025-09-19 15:37:39,2091.77,aud,Invoice payment
ch_0009608,Paid,2025-09-19 15:40:45,613.49,aud,Subscription update
ch_0009609,Paid,2025-09-19 16:21:49,201.5,aud,Subscription update
ch_0009610,Paid,2025-09-19 18:17:54,343.4,aud,Subscription update
ch_0009611,Paid,2025-09-19 18:41:41,194.54,aud,Subscription update
ch_0009612,Paid,2025-09-19 20:03:26,337.19,aud,Subscription update
ch_0009613,Paid,2025-09-20 06:40:10,609.03,aud,Subscription update
ch_0009614,Paid,2025-09-20 08:32:49,192.37,aud,Subscription update
ch_0009615,Paid,2025-09-20 08:43:13,198.53,aud,Subscription update
ch_0009616,Paid,2025-09-20 09:28:18,199.29,aud,Subscription update
ch_0009617,Paid,2025-09-20 10:32:01,605.44,aud,Subscription update
ch_0009618,Paid,2025-09-20 12:38:54,199.38,aud,Subscription update
ch_0009619,Paid,2025-09-20 14:07:17,200.95,aud,Subscription creation
ch_0009620,Paid,2025-09-20 18:46:10,348.47,aud,Subscription update
ch_0009621,Paid,2025-09-20 20:06:45,593.38,aud,Subscription update
ch_0009622,Paid,2025-09-21 06:51:37,256.94,aud,IV League - Booking
ch_0009623,Paid,2025-09-21 07:05:16,204.44,aud,Subscription update
ch_0009624,Paid,2025-09-21 10:40:19,344.66,aud,Subscription update
ch_0009625,Paid,2025-09-21 16:07:51,196.45,aud,Subscription update
ch_0009626,Paid,2025-09-21 16:45:51,197.6,aud,Subscription update
ch_0009627,Paid,2025-09-22 11:50:43,191.66,aud,Subscription update
ch_0009628,Paid,2025-09-22 13:32:47,593.56,aud,Subscription update
ch_0009629,Paid,2025-09-22 15:58:21,202.47,aud,Subscription update
ch_0009630,Paid,2025-09-22 17:47:39,193.89,aud,Subscription update
ch_0009631,Paid,2025-09-22 17:56:51,346.47,aud,Subscription update
ch_0009632,Paid,2025-09-23 07:52:49,192.26,aud,Subscription creation
ch_0009633,Paid,2025-09-23 10:34:55,610.89,aud,Subscription creation
ch_0009634,Paid,2025-09-23 17:30:05,285.12,aud,IV League - Booking
ch_0009635,Paid,2025-09-23 17:30:27,593.46,aud,Subscription update
ch_0009636,Paid,2025-09-23 18:01:08,201.03,aud,Subscription update
ch_0009637,Paid,2025-09-23 18:32:30,343.7,aud,Subscription update
ch_0009638,Paid,2025-09-24 08:01:50,345.7,aud,Subscription update
ch_0009639,Paid,2025-09-24 09:28:50,342.46,aud,Subscription update
ch_0009640,Paid,2025-09-24 09:29:20,351.45,aud,Subscription update
ch_0009641,Paid,2025-09-24 09:30:32,204.6,aud,Subscription update
ch_0009642,Paid,2025-09-24 10:56:18,356.11,aud,Subscription update
ch_0009643,Paid,2025-09-24 15:45:34,201.4,aud,Subscription creation
ch_0009644,Paid,2025-09-24 18:16:34,205.68,aud,Subscription update
ch_0009645,Paid,2025-09-25 06:18:17,343.57,aud,Subscription update
ch_0009646,Paid,2025-09-25 11:37:45,199.97,aud,Subscription update
ch_0009647,Paid,2025-09-25 12:10:19,191.19,aud,Subscription update
ch_0009648,Paid,2025-09-25 14:06:30,208.28,aud,Subscription update
ch_0009649,Paid,2025-09-25 18:12:07,197.56,aud,Subscription update
ch_0009650,Paid,2025-09-25 19:02:45,208.39,aud,Subscription update
ch_0009651,Paid,2025-09-25 19:29:54,1439.76,aud,Invoice payment
ch_0009652,Paid,2025-09-25 20:26:43,196.2,aud,Subscription creation
ch_0009653,Paid,2025-09-26 08:48:08,346.47,aud,Subscription update
ch_0009654,Paid,2025-09-26 09:32:21,598.91,aud,Subscription update
ch_0009655,Paid,2025-09-26 10:16:59,192.32,aud,Subscription update
ch_0009656,Paid,2025-09-26 10:48:19,193.07,aud,Subscription update
ch_0009657,Paid,2025-09-26 12:45:23,202.1,aud,Subscription update
ch_0009658,Paid,2025-09-26 14:12:44,202.44,aud,Subscription update
ch_0009659,Paid,2025-09-26 15:26:38,195.21,aud,Subscription update
ch_0009660,Paid,2025-09-26 15:39:22,350.01,aud,Subscription update
ch_0009661,Paid,2025-09-26 16:18:41,197.79,aud,Subscription update
ch_0009662,Paid,2025-09-26 16:26:38,201.98,aud,Subscription update
ch_0009663,Paid,2025-09-26 17:26:56,199.48,aud,Subscription update
ch_0009664,Paid,2025-09-26 18:24:13,200.25,aud,Subscription update
ch_0009665,Paid,2025-09-26 20:52:01,340.06,aud,Subscription update
ch_0009666,Paid,2025-09-27 07:46:18,203.87,aud,Subscription update
ch_0009667,Paid,2025-09-27 07:50:32,348.82,aud,Subscription update
ch_0009668,Paid,2025-09-27 08:21:16,197.82,aud,Subscription update
ch_0009669,Paid,2025-09-27 12:51:17,197.55,aud,Subscription update
ch_0009670,Paid,2025-09-27 13:14:20,350.45,aud,Subscription creation
ch_0009671,Paid,2025-09-27 14:09:36,202.41,aud,Subscription update
ch_0009672,Paid,2025-09-27 17:28:37,228.37,aud,IV League - Booking
ch_0009673,Paid,2025-09-27 20:47:34,342.6,aud,Subscription update
ch_0009674,Paid,2025-09-28 07:01:16,194.5,aud,Subscription creation
ch_0009675,Paid,2025-09-28 07:42:42,201.65,aud,Subscription creation
ch_0009676,Paid,2025-09-28 08:47:35,195.4,aud,Subscription update
ch_0009677,Paid,2025-09-28 10:34:53,202.03,aud,Subscription update
ch_0009678,Paid,2025-09-28 13:17:03,199.96,aud,Subscription update
ch_0009679,Paid,2025-09-28 14:21:54,565.49,aud,Subscription update
ch_0009680,Paid,2025-09-28 14:49:39,202.28,aud,Subscription update
ch_0009681,Paid,2025-09-28 17:57:08,347.93,aud,Subscription update
ch_0009682,Paid,2025-09-28 18:08:24,351.86,aud,Subscription update
ch_0009683,Paid,2025-09-28 18:11:26,204.43,aud,Subscription update
ch_0009684,Paid,2025-09-28 19:13:36,601.56,aud,Subscription update
ch_0009685,Paid,2025-09-28 20:33:32,352.54,aud,Subscription update
ch_0009686,Paid,2025-09-29 10:11:42,173.13,aud,IV League - Booking
ch_0009687,Paid,2025-09-29 10:25:42,204.43,aud,Subscription update
ch_0009688,Paid,2025-09-29 11:37:28,203.65,aud,Subscription update
ch_0009689,Paid,2025-09-29 11:38:47,200.34,aud,Subscription update
ch_0009690,Paid,2025-09-29 12:13:16,341.24,aud,Subscription update
ch_0009691,Paid,2025-09-29 15:25:29,584.35,aud,Subscription creation
ch_0009692,Paid,2025-09-29 17:54:53,356.34,aud,Subscription update
ch_0009693,Paid,2025-09-29 18:52:34,343.83,aud,Subscription update
ch_0009694,Paid,2025-09-30 06:13:23,196.16,aud,Subscription update
ch_0009695,Paid,2025-09-30 11:18:13,347.49,aud,Subscription update
ch_0009696,Paid,2025-09-30 14:47:29,353.64,aud,Subscription update
ch_0009697,Paid,2025-09-30 17:08:26,606.16,aud,Subscription update
ch_0009698,Paid,2025-09-30 19:06:17,333.9,aud,Subscription update
ch_0009699,Paid,2025-10-01 06:42:09,201.65,aud,Subscription update
ch_0009700,Paid,2025-10-01 07:04:00,202.41,aud,Subscription creation
ch_0009701,Paid,2025-10-01 10:02:21,607.87,aud,Subscription update
ch_0009702,Paid,2025-10-01 10:12:50,198.64,aud,Subscription update
ch_0009703,Paid,2025-10-01 10:44:12,207.12,aud,Subscription update
ch_0009704,Paid,2025-10-01 11:02:08,331.85,aud,Subscription update
ch_0009705,Paid,2025-10-01 11:12:00,357.75,aud,Subscription update
ch_0009706,Paid,2025-10-01 11:36:45,620.57,aud,Subscription update
ch_0009707,Paid,2025-10-01 17:55:26,198.85,aud,Subscription update
ch_0009708,Paid,2025-10-01 20:15:56,192.39,aud,Subscription update
ch_0009709,Paid,2025-10-02 06:17:50,195.32,aud,Subscription update
ch_0009710,Paid,2025-10-02 06:40:41,354.71,aud,Subscription update
ch_0009711,Paid,2025-10-02 08:07:57,343.93,aud,Subscription update
ch_0009712,Paid,2025-10-02 08:17:10,204.49,aud,Subscription update
ch_0009713,Paid,2025-10-02 08:44:01,200.98,aud,Subscription creation
ch_0009714,Paid,2025-10-02 10:45:51,199.39,aud,Subscription update
ch_0009715,Paid,2025-10-02 15:38:01,1630.35,aud,Invoice payment
ch_0009716,Paid,2025-10-02 16:12:40,197.98,aud,Subscription update
ch_0009717,Paid,2025-10-02 18:29:07,190.92,aud,IV League - Booking
ch_0009718,Paid,2025-10-02 18:36:52,348.14,aud,Subscription update
ch_0009719,Paid,2025-10-03 09:43:23,368.49,aud,Subscription update
ch_0009720,Paid,2025-10-03 11:50:48,196.24,aud,Subscription update
ch_0009721,Paid,2025-10-03 11:53:43,200.22,aud,Subscription update
ch_0009722,Paid,2025-10-03 12:24:30,195.55,aud,Subscription update
ch_0009723,Paid,2025-10-03 13:59:11,200.35,aud,Subscription update
ch_0009724,Paid,2025-10-03 15:27:13,201.49,aud,Subscription update
ch_0009725,Paid,2025-10-03 15:36:36,347.69,aud,Subscription update
ch_0009726,Paid,2025-10-03 17:15:05,589.7,aud,Subscription update
ch_0009727,Paid,2025-10-03 19:40:29,582.69,aud,Subscription update
ch_0009728,Paid,2025-10-03 20:40:14,612.59,aud,Subscription update
ch_0009729,Paid,2025-10-04 07:01:01,198.97,aud,Subscription update
ch_0009730,Paid,2025-10-04 08:04:43,345.2,aud,Subscription update
ch_0009731,Paid,2025-10-04 13:27:16,197.37,aud,Subscription update
ch_0009732,Paid,2025-10-04 13:44:52,207.6,aud,Subscription update
ch_0009733,Paid,2025-10-04 13:57:35,339.82,aud,Subscription update
ch_0009734,Paid,2025-10-04 14:09:30,191.47,aud,Subscription update
ch_0009735,Paid,2025-10-04 16:20:06,197.01,aud,Subscription update
ch_0009736,Paid,2025-10-04 19:19:51,189.95,aud,Subscription update
ch_0009737,Paid,2025-10-04 20:14:19,344.27,aud,Subscription update
ch_0009738,Paid,2025-10-04 20:36:19,202.32,aud,Subscription creation
ch_0009739,Paid,2025-10-05 06:35:08,202.96,aud,Subscription update
ch_0009740,Paid,2025-10-05 07:11:40,346.35,aud,Subscription creation
ch_0009741,Failed,2025-10-05 08:09:39,349.0,aud,Subscription update
ch_0009742,Paid,2025-10-05 09:47:51,350.94,aud,Subscription creation
ch_0009743,Paid,2025-10-05 10:12:45,202.9,aud,Subscription update
ch_0009744,Paid,2025-10-05 12:18:29,202.91,aud,Subscription update
ch_0009745,Paid,2025-10-05 14:29:53,199.26,aud,Subscription update
ch_0009746,Paid,2025-10-05 15:39:10,197.29,aud,Subscription update
ch_0009747,Paid,2025-10-05 16:23:01,607.51,aud,Subscription update
ch_0009748,Paid,2025-10-05 17:56:18,200.9,aud,Subscription creation
ch_0009749,Paid,2025-10-05 19:58:39,352.86,aud,Subscription update
ch_0009750,Paid,2025-10-05 20:08:40,207.39,aud,Subscription update
ch_0009751,Paid,2025-10-05 20:46:14,200.69,aud,Subscription creation
ch_0009752,Paid,2025-10-06 06:12:48,448.55,aud,IV League - Booking
ch_0009753,Paid,2025-10-06 07:19:05,208.64,aud,Subscription update
ch_0009754,Paid,2025-10-06 10:19:30,197.96,aud,Subscription update
ch_0009755,Paid,2025-10-06 12:12:49,346.73,aud,Subscription update
ch_0009756,Paid,2025-10-06 14:24:38,203.06,aud,Subscription update
ch_0009757,Paid,2025-10-06 14:27:37,597.65,aud,Subscription update
ch_0009758,Paid,2025-10-06 14:42:49,195.91,aud,Subscription creation
ch_0009759,Paid,2025-10-06 15:17:22,253.01,aud,IV League - Booking
ch_0009760,Paid,2025-10-06 17:26:39,337.37,aud,Subscription update
ch_0009761,Paid,2025-10-07 06:34:32,198.0,aud,Subscription update
ch_0009762,Paid,2025-10-07 07:26:08,201.08,aud,Subscription update
ch_0009763,Paid,2025-10-07 08:09:12,194.41,aud,Subscription update
ch_0009764,Paid,2025-10-07 12:06:07,349.88,aud,Subscription update
ch_0009765,Paid,2025-10-07 13:23:23,199.94,aud,Subscription update
ch_0009766,Paid,2025-10-07 14:20:42,196.98,aud,Subscription update
ch_0009767,Paid,2025-10-07 14:34:03,202.37,aud,Subscription update
ch_0009768,Paid,2025-10-07 16:15:13,337.69,aud,Subscription update
ch_0009769,Paid,2025-10-07 16:31:06,197.54,aud,Subscription update
ch_0009770,Paid,2025-10-07 16:48:18,206.12,aud,Subscription update
ch_0009771,Paid,2025-10-07 17:21:43,202.11,aud,Subscription update
ch_0009772,Paid,2025-10-07 17:27:36,199.56,aud,Subscription creation
ch_0009773,Paid,2025-10-07 18:51:00,205.42,aud,Subscription update
ch_0009774,Paid,2025-10-07 19:42:18,360.08,aud,Subscription update
ch_0009775,Paid,2025-10-08 06:29:50,204.01,aud,Subscription update
ch_0009776,Failed,2025-10-08 10:15:27,349.0,aud,Subscription update
ch_0009777,Paid,2025-10-08 10:56:21,202.38,aud,Subscription update
ch_0009778,Paid,2025-10-08 11:42:20,201.38,aud,Subscription update
ch_0009779,Paid,2025-10-08 11:47:44,353.36,aud,Subscription update
ch_0009780,Paid,2025-10-08 13:01:41,203.09,aud,Subscription update
ch_0009781,Paid,2025-10-08 14:09:47,353.29,aud,Subscription update
ch_0009782,Paid,2025-10-08 15:33:11,203.85,aud,Subscription update
ch_0009783,Paid,2025-10-09 11:33:22,203.81,aud,Subscription update
ch_0009784,Paid,2025-10-09 11:37:14,347.32,aud,Subscription update
ch_0009785,Paid,2025-10-09 11:48:12,202.31,aud,Subscription update
ch_0009786,Paid,2025-10-09 16:41:09,196.19,aud,Subscription update
ch_0009787,Paid,2025-10-09 18:15:22,351.39,aud,Subscription update
ch_0009788,Paid,2025-10-09 20:32:24,197.65,aud,Subscription update
ch_0009789,Paid,2025-10-09 20:36:35,200.78,aud,Subscription update
ch_0009790,Paid,2025-10-10 07:08:11,195.97,aud,Subscription update
ch_0009791,Paid,2025-10-10 08:14:26,339.05,aud,Subscription update
ch_0009792,Paid,2025-10-10 08:32:22,599.66,aud,Subscription update
ch_0009793,Paid,2025-10-10 10:26:14,307.45,aud,IV League - Booking
ch_0009794,Paid,2025-10-10 10:39:56,191.59,aud,Subscription update
ch_0009795,Paid,2025-10-10 10:45:08,193.86,aud,Subscription creation
ch_0009796,Paid,2025-10-10 12:18:42,607.01,aud,Subscription update
ch_0009797,Paid,2025-10-10 12:44:57,353.4,aud,Subscription creation
ch_0009798,Paid,2025-10-10 14:21:03,203.18,aud,Subscription update
ch_0009799,Paid,2025-10-10 14:25:31,341.62,aud,Subscription update
ch_0009800,Paid,2025-10-10 16:50:25,199.99,aud,Subscription update
ch_0009801,Paid,2025-10-10 17:44:50,194.8,aud,Subscription update
ch_0009802,Paid,2025-10-10 19:02:34,354.16,aud,Subscription update
ch_0009803,Paid,2025-10-10 20:08:14,174.44,aud,IV League - Booking
ch_0009804,Paid,2025-10-11 06:28:59,202.11,aud,Subscription update
ch_0009805,Paid,2025-10-11 08:10:43,586.37,aud,Subscription update
ch_0009806,Paid,2025-10-11 09:38:49,195.86,aud,Subscription update
ch_0009807,Paid,2025-10-11 13:24:19,200.52,aud,Subscription creation
ch_0009808,Paid,2025-10-11 13:37:53,591.04,aud,Subscription update
ch_0009809,Paid,2025-10-11 14:27:27,479.9,aud,IV League - Booking
ch_0009810,Paid,2025-10-11 14:59:48,344.32,aud,Subscription update
ch_0009811,Paid,2025-10-11 15:40:24,345.05,aud,Subscription update
ch_0009812,Paid,2025-10-11 17:10:57,194.51,aud,Subscription update
ch_0009813,Paid,2025-10-11 17:19:42,190.01,aud,Subscription update
ch_0009814,Paid,2025-10-11 19:05:02,188.51,aud,Subscription creation
ch_0009815,Paid,2025-10-11 19:28:37,594.59,aud,Subscription update
ch_0009816,Paid,2025-10-11 20:25:30,199.9,aud,Subscription update
ch_0009817,Paid,2025-10-12 09:40:31,198.31,aud,Subscription update
ch_0009818,Paid,2025-10-12 10:04:40,598.39,aud,Subscription update
ch_0009819,Paid,2025-10-12 16:17:02,197.5,aud,Subscription update
ch_0009820,Paid,2025-10-12 17:36:50,598.79,aud,Subscription update
ch_0009821,Paid,2025-10-12 18:14:18,194.34,aud,Subscription update
ch_0009822,Paid,2025-10-12 20:08:44,339.84,aud,Subscription update
ch_0009823,Paid,2025-10-12 20:23:19,1340.4,aud,Package initiation
ch_0009824,Paid,2025-10-13 06:05:55,196.79,aud,Subscription update
ch_0009825,Paid,2025-10-13 08:19:21,598.3,aud,Subscription update
ch_0009826,Paid,2025-10-13 10:32:37,346.17,aud,Subscription update
ch_0009827,Paid,2025-10-13 11:51:32,593.95,aud,Subscription update
ch_0009828,Paid,2025-10-13 13:28:00,190.9,aud,Subscription update
ch_0009829,Paid,2025-10-13 13:36:11,348.9,aud,Subscription update
ch_0009830,Paid,2025-10-13 15:08:56,347.88,aud,Subscription update
ch_0009831,Paid,2025-10-13 16:41:16,352.32,aud,Subscription update
ch_0009832,Paid,2025-10-13 17:12:08,350.81,aud,Subscription update
ch_0009833,Paid,2025-10-13 17:29:47,203.65,aud,Subscription update
ch_0009834,Paid,2025-10-13 18:29:10,203.85,aud,Subscription creation
ch_0009835,Paid,2025-10-13 20:03:16,201.09,aud,Subscription update
ch_0009836,Paid,2025-10-13 20:35:21,198.22,aud,Subscription update
ch_0009837,Paid,2025-10-13 20:45:08,190.48,aud,Subscription creation
ch_0009838,Paid,2025-10-14 07:43:17,347.55,aud,Subscription update
ch_0009839,Paid,2025-10-14 09:10:47,562.36,aud,Subscription update
ch_0009840,Paid,2025-10-14 09:54:38,347.58,aud,Subscription update
ch_0009841,Paid,2025-10-14 11:07:25,605.72,aud,Subscription update
ch_0009842,Paid,2025-10-14 12:20:21,188.21,aud,IV League - Booking
ch_0009843,Paid,2025-10-14 14:11:34,354.41,aud,Subscription update
ch_0009844,Paid,2025-10-14 14:30:43,194.21,aud,Subscription update
ch_0009845,Paid,2025-10-14 15:09:55,354.92,aud,Subscription update
ch_0009846,Paid,2025-10-14 18:46:16,202.32,aud,Subscription creation
ch_0009847,Paid,2025-10-14 20:09:06,191.91,aud,Subscription update
ch_0009848,Paid,2025-10-15 07:50:10,207.58,aud,Subscription update
ch_0009849,Paid,2025-10-15 08:21:56,347.82,aud,Subscription update
ch_0009850,Paid,2025-10-15 10:27:22,349.09,aud,Subscription update
ch_0009851,Paid,2025-10-15 12:11:29,194.93,aud,Subscription update
ch_0009852,Paid,2025-10-15 17:12:43,588.38,aud,Subscription update
ch_0009853,Paid,2025-10-15 17:47:19,195.64,aud,Subscription update
ch_0009854,Paid,2025-10-15 18:13:23,195.67,aud,Subscription update
ch_0009855,Paid,2025-10-15 19:01:10,204.05,aud,Subscription update
ch_0009856,Paid,2025-10-15 19:04:06,353.45,aud,Subscription update
ch_0009857,Paid,2025-10-15 19:50:09,200.01,aud,Subscription update
ch_0009858,Paid,2025-10-16 06:09:22,201.85,aud,Subscription update
ch_0009859,Paid,2025-10-16 07:52:09,199.17,aud,Subscription update
ch_0009860,Paid,2025-10-16 08:13:18,344.71,aud,Subscription update
ch_0009861,Paid,2025-10-16 10:05:23,353.27,aud,Subscription update
ch_0009862,Paid,2025-10-16 14:28:10,345.09,aud,Subscription update
ch_0009863,Paid,2025-10-16 14:32:31,205.48,aud,Subscription update
ch_0009864,Paid,2025-10-16 15:03:54,203.51,aud,Subscription update
ch_0009865,Paid,2025-10-16 15:15:22,347.1,aud,Subscription update
ch_0009866,Paid,2025-10-16 15:52:47,195.41,aud,Subscription creation
ch_0009867,Paid,2025-10-16 16:35:13,200.46,aud,Subscription update
ch_0009868,Paid,2025-10-16 18:55:16,202.28,aud,Subscription update
ch_0009869,Paid,2025-10-16 18:58:48,195.16,aud,Subscription update
ch_0009870,Paid,2025-10-16 19:09:27,201.0,aud,Subscription update
ch_0009871,Paid,2025-10-16 19:18:24,609.96,aud,Subscription creation
ch_0009872,Paid,2025-10-16 19:38:06,196.81,aud,Subscription update
ch_0009873,Paid,2025-10-16 20:29:06,345.91,aud,Subscription update
ch_0009874,Paid,2025-10-17 09:15:02,339.9,aud,Subscription update
ch_0009875,Paid,2025-10-17 09:27:55,198.26,aud,Subscription creation
ch_0009876,Paid,2025-10-17 09:46:33,348.89,aud,Subscription update
ch_0009877,Paid,2025-10-17 10:37:40,359.5,aud,Subscription update
ch_0009878,Paid,2025-10-17 11:11:49,202.38,aud,Subscription update
ch_0009879,Paid,2025-10-17 15:19:07,197.91,aud,Subscription update
ch_0009880,Paid,2025-10-17 16:25:45,206.05,aud,Subscription creation
ch_0009881,Paid,2025-10-17 18:03:45,198.43,aud,Subscription update
ch_0009882,Paid,2025-10-17 19:41:06,352.16,aud,Subscription update
ch_0009883,Paid,2025-10-17 19:56:51,199.82,aud,Subscription update
ch_0009884,Paid,2025-10-17 20:04:51,204.03,aud,Subscription update
ch_0009885,Paid,2025-10-18 07:09:45,356.9,aud,Subscription update
ch_0009886,Paid,2025-10-18 07:57:32,192.58,aud,Subscription update
ch_0009887,Paid,2025-10-18 10:10:55,200.2,aud,Subscription update
ch_0009888,Paid,2025-10-18 13:37:02,195.52,aud,Subscription update
ch_0009889,Paid,2025-10-18 13:42:03,195.48,aud,Subscription creation
ch_0009890,Paid,2025-10-18 19:09:39,350.65,aud,Subscription update
ch_0009891,Paid,2025-10-19 06:04:46,197.18,aud,Subscription creation
ch_0009892,Paid,2025-10-19 07:43:31,199.01,aud,Subscription creation
ch_0009893,Paid,2025-10-19 10:58:48,198.53,aud,Subscription update
ch_0009894,Paid,2025-10-19 12:43:35,331.0,aud,Subscription update
ch_0009895,Paid,2025-10-19 12:50:51,202.6,aud,Subscription update
ch_0009896,Paid,2025-10-19 13:50:15,199.17,aud,Subscription update
ch_0009897,Paid,2025-10-19 17:50:30,204.37,aud,Subscription update
ch_0009898,Paid,2025-10-20 11:12:52,198.86,aud,Subscription update
ch_0009899,Paid,2025-10-20 12:56:40,343.87,aud,Subscription update
ch_0009900,Paid,2025-10-20 15:34:38,194.2,aud,Subscription update
ch_0009901,Paid,2025-10-20 16:39:26,194.13,aud,Subscription update
ch_0009902,Paid,2025-10-20 18:13:27,591.81,aud,Subscription creation
ch_0009903,Paid,2025-10-20 19:33:33,2424.79,aud,Package initiation
ch_0009904,Paid,2025-10-21 07:09:02,195.08,aud,Subscription update
ch_0009905,Paid,2025-10-21 08:10:01,592.69,aud,Subscription update
ch_0009906,Paid,2025-10-21 08:15:24,203.2,aud,Subscription update
ch_0009907,Paid,2025-10-21 08:22:25,201.68,aud,Subscription update
ch_0009908,Paid,2025-10-21 10:19:53,203.48,aud,Subscription update
ch_0009909,Paid,2025-10-21 10:57:08,203.73,aud,Subscription update
ch_0009910,Paid,2025-10-21 13:29:51,197.77,aud,Subscription creation
ch_0009911,Paid,2025-10-21 14:08:49,339.46,aud,Subscription update
ch_0009912,Paid,2025-10-21 14:36:40,347.7,aud,Subscription update
ch_0009913,Paid,2025-10-21 19:25:08,176.58,aud,IV League - Booking
ch_0009914,Paid,2025-10-21 20:03:16,612.23,aud,Subscription update
ch_0009915,Paid,2025-10-22 07:46:43,687.48,aud,Longevity panel
ch_0009916,Paid,2025-10-22 08:20:34,346.52,aud,Subscription update
ch_0009917,Paid,2025-10-22 08:32:49,202.82,aud,Subscription update
ch_0009918,Paid,2025-10-22 11:52:00,344.77,aud,Subscription update
ch_0009919,Paid,2025-10-22 14:27:01,325.96,aud,IV League - Booking
ch_0009920,Paid,2025-10-22 15:23:33,679.61,aud,Longevity panel
ch_0009921,Paid,2025-10-22 15:37:09,199.98,aud,Subscription update
ch_0009922,Paid,2025-10-22 18:30:12,201.11,aud,Subscription update
ch_0009923,Paid,2025-10-23 10:17:54,613.27,aud,Subscription update
ch_0009924,Paid,2025-10-23 12:10:42,192.46,aud,Subscription update
ch_0009925,Paid,2025-10-23 16:20:43,197.51,aud,Subscription update
ch_0009926,Paid,2025-10-23 19:50:26,334.72,aud,Subscription update
ch_0009927,Paid,2025-10-23 20:12:03,206.11,aud,Subscription update
ch_0009928,Paid,2025-10-23 20:53:02,351.54,aud,Subscription update
ch_0009929,Paid,2025-10-24 06:54:41,367.39,aud,Subscription update
ch_0009930,Paid,2025-10-24 06:55:52,356.78,aud,Subscription update
ch_0009931,Paid,2025-10-24 08:04:35,200.07,aud,Subscription update
ch_0009932,Paid,2025-10-24 08:29:27,199.27,aud,Subscription update
ch_0009933,Paid,2025-10-24 10:27:19,198.87,aud,Subscription update
ch_0009934,Paid,2025-10-24 11:17:00,203.26,aud,Subscription update
ch_0009935,Paid,2025-10-24 11:38:44,198.45,aud,Subscription update
ch_0009936,Paid,2025-10-24 16:12:45,344.51,aud,Subscription update
ch_0009937,Paid,2025-10-24 19:10:18,199.03,aud,Subscription creation
ch_0009938,Paid,2025-10-24 20:29:54,204.54,aud,Subscription update
ch_0009939,Paid,2025-10-24 20:57:16,356.18,aud,Subscription update
ch_0009940,Paid,2025-10-25 06:40:11,599.83,aud,Subscription creation
ch_0009941,Paid,2025-10-25 09:04:26,195.32,aud,Subscription update
ch_0009942,Paid,2025-10-25 10:02:46,360.11,aud,Subscription creation
ch_0009943,Paid,2025-10-25 14:27:30,201.23,aud,Subscription update
ch_0009944,Paid,2025-10-25 17:03:59,1895.99,aud,Invoice payment
ch_0009945,Paid,2025-10-25 17:25:16,194.9,aud,Subscription update
ch_0009946,Paid,2025-10-25 18:53:35,196.2,aud,Subscription update
ch_0009947,Paid,2025-10-26 06:32:33,200.54,aud,Subscription update
ch_0009948,Paid,2025-10-26 07:44:52,253.78,aud,IV League - Booking
ch_0009949,Paid,2025-10-26 10:30:35,202.0,aud,Subscription update
ch_0009950,Paid,2025-10-26 10:34:04,197.62,aud,Subscription update
ch_0009951,Paid,2025-10-26 11:46:07,355.8,aud,Subscription update
ch_0009952,Paid,2025-10-26 11:53:24,200.58,aud,Subscription update
ch_0009953,Paid,2025-10-26 12:34:16,351.05,aud,Subscription update
ch_0009954,Paid,2025-10-26 15:45:07,211.85,aud,Subscription update
ch_0009955,Paid,2025-10-26 16:19:39,194.88,aud,Subscription update
ch_0009956,Paid,2025-10-26 16:52:49,196.52,aud,Subscription update
ch_0009957,Paid,2025-10-26 17:56:00,201.45,aud,Subscription update
ch_0009958,Paid,2025-10-26 18:18:41,348.91,aud,Subscription update
ch_0009959,Paid,2025-10-26 19:39:52,349.27,aud,Subscription update
ch_0009960,Paid,2025-10-27 07:00:49,604.82,aud,Subscription update
ch_0009961,Paid,2025-10-27 07:11:33,594.86,aud,Subscription update
ch_0009962,Paid,2025-10-27 13:10:27,193.73,aud,Subscription update
ch_0009963,Paid,2025-10-27 13:27:29,193.07,aud,Subscription update
ch_0009964,Paid,2025-10-27 13:46:37,600.37,aud,Subscription update
ch_0009965,Paid,2025-10-27 14:34:57,204.94,aud,Subscription update
ch_0009966,Paid,2025-10-27 16:13:21,201.7,aud,Subscription update
ch_0009967,Paid,2025-10-28 06:15:41,350.09,aud,Subscription update
ch_0009968,Paid,2025-10-28 09:25:58,194.77,aud,Subscription update
ch_0009969,Paid,2025-10-28 11:10:28,338.25,aud,Subscription update
ch_0009970,Paid,2025-10-28 12:21:04,201.59,aud,Subscription update
ch_0009971,Paid,2025-10-28 12:35:00,192.57,aud,Subscription update
ch_0009972,Paid,2025-10-28 14:23:40,197.55,aud,Subscription update
ch_0009973,Paid,2025-10-28 15:02:40,176.6,aud,IV League - Booking
ch_0009974,Paid,2025-10-28 16:41:14,606.77,aud,Subscription update
ch_0009975,Paid,2025-10-28 20:20:29,362.05,aud,Subscription update
ch_0009976,Paid,2025-10-29 06:47:08,184.78,aud,IV League - Booking
ch_0009977,Paid,2025-10-29 07:34:30,192.02,aud,Subscription update
ch_0009978,Paid,2025-10-29 08:26:38,367.91,aud,Subscription update
ch_0009979,Paid,2025-10-29 09:49:24,198.72,aud,Subscription creation
ch_0009980,Paid,2025-10-29 11:35:27,357.62,aud,Subscription creation
ch_0009981,Paid,2025-10-29 14:18:03,199.4,aud,Subscription update
ch_0009982,Paid,2025-10-29 15:24:14,197.88,aud,Subscription update
ch_0009983,Paid,2025-10-29 16:48:32,596.68,aud,Subscription update
ch_0009984,Paid,2025-10-29 16:55:57,199.7,aud,Subscription update
ch_0009985,Paid,2025-10-29 18:57:44,193.38,aud,Subscription update
ch_0009986,Paid,2025-10-29 20:59:07,197.85,aud,Subscription update
ch_0009987,Paid,2025-10-30 07:14:44,344.7,aud,Subscription update
ch_0009988,Paid,2025-10-30 07:48:05,591.84,aud,Subscription update
ch_0009989,Paid,2025-10-30 11:04:49,194.54,aud,Subscription update
ch_0009990,Paid,2025-10-30 12:56:43,199.73,aud,Subscription creation
ch_0009991,Paid,2025-10-30 13:58:23,196.52,aud,Subscription update
ch_0009992,Paid,2025-10-30 15:53:26,343.93,aud,Subscription update
ch_0009993,Paid,2025-10-30 16:58:45,200.66,aud,Subscription update
ch_0009994,Paid,2025-10-30 19:21:48,339.89,aud,Subscription creation
ch_0009995,Paid,2025-10-31 07:24:00,202.06,aud,Subscription update
ch_0009996,Paid,2025-10-31 09:33:02,339.38,aud,Subscription creation
ch_0009997,Paid,2025-10-31 10:51:36,339.46,aud,Subscription update
ch_0009998,Paid,2025-10-31 11:59:29,593.09,aud,Subscription creation
ch_0009999,Paid,2025-10-31 13:09:13,350.84,aud,Subscription update
ch_0010000,Paid,2025-10-31 13:21:44,343.28,aud,Subscription update
ch_0010001,Paid,2025-10-31 13:36:29,201.94,aud,Subscription update
ch_0010002,Paid,2025-10-31 13:43:04,196.94,aud,Subscription update
ch_0010003,Paid,2025-10-31 13:47:34,359.85,aud,Subscription update
ch_0010004,Paid,2025-10-31 13:53:03,198.9,aud,Subscription update
ch_0010005,Paid,2025-10-31 14:54:32,602.51,aud,Subscription update
ch_0010006,Paid,2025-10-31 17:34:25,195.69,aud,Subscription update
ch_0010007,Paid,2025-10-31 19:33:35,196.7,aud,Subscription update
ch_0010008,Paid,2025-11-01 09:09:18,199.23,aud,Subscription update
ch_0010009,Paid,2025-11-01 13:53:40,354.13,aud,Subscription update
ch_0010010,Paid,2025-11-01 14:07:34,196.56,aud,Subscription creation
ch_0010011,Paid,2025-11-01 16:45:32,346.76,aud,Subscription update
ch_0010012,Paid,2025-11-01 18:16:55,193.36,aud,Subscription update
ch_0010013,Paid,2025-11-01 18:21:36,355.7,aud,Subscription update
ch_0010014,Paid,2025-11-01 19:39:16,359.53,aud,Subscription update
ch_0010015,Paid,2025-11-02 06:06:34,200.82,aud,Subscription creation
ch_0010016,Paid,2025-11-02 07:14:31,250.0,usd,Initial consultation
ch_0010017,Paid,2025-11-02 07:55:29,200.35,aud,Subscription update
ch_0010018,Paid,2025-11-02 09:15:19,596.6,aud,Subscription update
ch_0010019,Paid,2025-11-02 10:51:31,344.56,aud,Subscription update
ch_0010020,Paid,2025-11-02 11:16:49,198.36,aud,Subscription update
ch_0010021,Paid,2025-11-02 13:35:23,202.76,aud,Subscription update
ch_0010022,Paid,2025-11-02 13:39:28,201.48,aud,Subscription update
ch_0010023,Paid,2025-11-02 14:51:35,347.43,aud,Subscription update
ch_0010024,Paid,2025-11-02 17:57:16,605.58,aud,Subscription update
ch_0010025,Paid,2025-11-02 18:51:30,196.41,aud,Subscription update
ch_0010026,Paid,2025-11-03 06:51:24,605.33,aud,Subscription update
ch_0010027,Paid,2025-11-03 11:25:04,197.35,aud,Subscription update
ch_0010028,Paid,2025-11-03 14:13:07,198.33,aud,Subscription update
ch_0010029,Paid,2025-11-03 14:30:42,188.18,aud,IV League - Booking
ch_0010030,Paid,2025-11-03 15:04:03,196.03,aud,Subscription update
ch_0010031,Paid,2025-11-03 15:20:53,200.45,aud,Subscription update
ch_0010032,Paid,2025-11-03 17:34:31,354.88,aud,Subscription update
ch_0010033,Paid,2025-11-03 17:38:04,618.51,aud,Subscription update
ch_0010034,Paid,2025-11-04 09:07:29,349.97,aud,Subscription update
ch_0010035,Paid,2025-11-04 10:26:50,584.91,aud,Subscription update
ch_0010036,Paid,2025-11-04 13:27:50,215.08,aud,Subscription update
ch_0010037,Paid,2025-11-04 13:39:23,617.49,aud,Subscription update
ch_0010038,Paid,2025-11-04 13:58:03,203.14,aud,Subscription update
ch_0010039,Paid,2025-11-04 17:17:41,337.01,aud,Subscription creation
ch_0010040,Paid,2025-11-04 17:59:34,343.39,aud,Subscription update
ch_0010041,Paid,2025-11-04 19:33:51,196.28,aud,Subscription update
ch_0010042,Paid,2025-11-04 20:19:34,195.47,aud,Subscription update
ch_0010043,Paid,2025-11-04 20:36:17,201.83,aud,Subscription update
ch_0010044,Paid,2025-11-04 20:53:18,199.48,aud,Subscription update
ch_0010045,Paid,2025-11-05 07:24:05,195.68,aud,Subscription update
ch_0010046,Paid,2025-11-05 08:00:08,197.61,aud,Subscription update
ch_0010047,Paid,2025-11-05 08:39:29,610.88,aud,Subscription update
ch_0010048,Paid,2025-11-05 08:42:26,198.52,aud,Subscription update
ch_0010049,Paid,2025-11-05 09:31:39,204.59,aud,Subscription update
ch_0010050,Paid,2025-11-05 10:00:44,337.6,aud,Subscription update
ch_0010051,Paid,2025-11-05 10:58:01,196.51,aud,Subscription update
ch_0010052,Paid,2025-11-05 14:10:48,199.21,aud,Subscription update
ch_0010053,Paid,2025-11-05 14:13:04,204.05,aud,Subscription update
ch_0010054,Paid,2025-11-05 14:47:02,201.19,aud,Subscription creation
ch_0010055,Paid,2025-11-05 15:02:04,354.11,aud,Subscription update
ch_0010056,Paid,2025-11-05 16:00:26,190.71,aud,Subscription update
ch_0010057,Paid,2025-11-05 16:34:45,351.83,aud,Subscription update
ch_0010058,Paid,2025-11-05 16:57:40,199.53,aud,Subscription update
ch_0010059,Paid,2025-11-05 19:00:08,355.02,aud,Subscription update
ch_0010060,Paid,2025-11-05 19:21:02,342.53,aud,Subscription update
ch_0010061,Paid,2025-11-06 08:46:25,351.74,aud,Subscription update
ch_0010062,Paid,2025-11-06 15:32:30,204.2,aud,Subscription update
ch_0010063,Paid,2025-11-06 16:00:58,194.89,aud,Subscription update
ch_0010064,Paid,2025-11-06 16:24:02,204.36,aud,Subscription update
ch_0010065,Paid,2025-11-06 19:31:32,199.85,aud,Subscription update
ch_0010066,Paid,2025-11-06 20:22:07,203.24,aud,Subscription update
ch_0010067,Paid,2025-11-07 06:39:24,195.44,aud,Subscription update
ch_0010068,Paid,2025-11-07 07:14:47,200.27,aud,Subscription update
ch_0010069,Paid,2025-11-07 07:44:10,200.61,aud,Subscription update
ch_0010070,Paid,2025-11-07 07:50:16,2242.03,aud,Package initiation
ch_0010071,Paid,2025-11-07 10:09:42,357.04,aud,Subscription update
ch_0010072,Paid,2025-11-07 10:10:56,602.83,aud,Subscription update
ch_0010073,Paid,2025-11-07 10:25:20,202.25,aud,Subscription update
ch_0010074,Paid,2025-11-07 11:09:02,201.23,aud,Subscription update
ch_0010075,Paid,2025-11-07 12:01:05,202.7,aud,Subscription update
ch_0010076,Paid,2025-11-07 12:20:01,349.96,aud,Subscription update
ch_0010077,Paid,2025-11-07 13:28:42,598.09,aud,Subscription update
ch_0010078,Paid,2025-11-07 14:23:35,1674.73,aud,Invoice payment
ch_0010079,Paid,2025-11-07 14:50:15,369.29,aud,Subscription update
ch_0010080,Paid,2025-11-07 15:15:31,346.31,aud,Subscription update
ch_0010081,Paid,2025-11-08 06:59:29,604.01,aud,Subscription update
ch_0010082,Paid,2025-11-08 10:11:37,201.27,aud,Subscription update
ch_0010083,Paid,2025-11-08 10:13:50,598.31,aud,Subscription update
ch_0010084,Paid,2025-11-08 10:21:38,343.2,aud,Subscription update
ch_0010085,Paid,2025-11-08 11:09:40,195.01,aud,Subscription update
ch_0010086,Paid,2025-11-08 12:20:03,359.23,aud,Subscription update
ch_0010087,Paid,2025-11-08 14:54:50,346.22,aud,Subscription update
ch_0010088,Paid,2025-11-08 15:44:12,609.05,aud,Subscription update
ch_0010089,Paid,2025-11-08 15:56:23,199.11,aud,Subscription creation
ch_0010090,Paid,2025-11-08 15:59:59,599.33,aud,Subscription update
ch_0010091,Paid,2025-11-08 17:35:36,206.59,aud,Subscription update
ch_0010092,Paid,2025-11-08 18:46:09,191.54,aud,Subscription update
ch_0010093,Paid,2025-11-08 19:43:29,197.46,aud,Subscription update
ch_0010094,Paid,2025-11-08 20:05:12,347.18,aud,Subscription update
ch_0010095,Paid,2025-11-09 06:06:15,357.91,aud,Subscription update
ch_0010096,Paid,2025-11-09 06:55:20,195.24,aud,Subscription update
ch_0010097,Paid,2025-11-09 11:24:58,360.67,aud,Subscription update
ch_0010098,Paid,2025-11-09 12:45:10,198.06,aud,Subscription update
ch_0010099,Paid,2025-11-09 14:34:55,351.17,aud,Subscription update
ch_0010100,Paid,2025-11-09 15:00:48,196.65,aud,Subscription creation
ch_0010101,Paid,2025-11-09 16:25:44,197.41,aud,Subscription update
ch_0010102,Paid,2025-11-09 16:48:41,194.76,aud,Subscription update
ch_0010103,Paid,2025-11-09 17:03:48,236.19,aud,IV League - Booking
ch_0010104,Paid,2025-11-09 17:04:13,198.54,aud,Subscription creation
ch_0010105,Paid,2025-11-09 18:41:11,196.76,aud,Subscription update
ch_0010106,Paid,2025-11-09 19:08:29,598.47,aud,Subscription update
ch_0010107,Paid,2025-11-09 19:42:54,342.68,aud,Subscription update
ch_0010108,Paid,2025-11-09 19:50:32,194.44,aud,Subscription update
ch_0010109,Paid,2025-11-10 06:51:29,200.13,aud,Subscription update
ch_0010110,Paid,2025-11-10 10:10:42,347.84,aud,Subscription creation
ch_0010111,Paid,2025-11-10 11:23:49,348.98,aud,Subscription update
ch_0010112,Paid,2025-11-10 13:47:03,605.36,aud,Subscription update
ch_0010113,Paid,2025-11-10 16:43:16,199.05,aud,Subscription update
ch_0010114,Paid,2025-11-10 17:36:33,353.98,aud,Subscription update
ch_0010115,Paid,2025-11-10 18:13:36,593.99,aud,Subscription update
ch_0010116,Paid,2025-11-10 19:34:14,450.21,aud,IV League - Booking
ch_0010117,Paid,2025-11-10 20:14:57,190.59,aud,Subscription update
ch_0010118,Paid,2025-11-11 07:41:56,191.63,aud,Subscription update
ch_0010119,Paid,2025-11-11 08:07:51,201.66,aud,Subscription update
ch_0010120,Paid,2025-11-11 09:42:16,356.59,aud,Subscription update
ch_0010121,Paid,2025-11-11 12:25:21,203.5,aud,Subscription update
ch_0010122,Paid,2025-11-11 13:30:51,195.95,aud,Subscription update
ch_0010123,Paid,2025-11-11 15:38:58,613.12,aud,Subscription update
ch_0010124,Paid,2025-11-11 16:22:25,203.11,aud,Subscription update
ch_0010125,Paid,2025-11-11 17:03:00,193.95,aud,Subscription update
ch_0010126,Paid,2025-11-11 20:14:48,613.41,aud,Subscription update
ch_0010127,Paid,2025-11-12 06:48:26,199.65,aud,Subscription update
ch_0010128,Paid,2025-11-12 08:47:23,346.72,aud,Subscription update
ch_0010129,Paid,2025-11-12 09:12:40,352.91,aud,Subscription update
ch_0010130,Paid,2025-11-12 09:16:06,347.87,aud,Subscription update
ch_0010131,Paid,2025-11-12 09:27:23,355.68,aud,Subscription update
ch_0010132,Paid,2025-11-12 09:42:34,193.24,aud,Subscription update
ch_0010133,Paid,2025-11-12 10:06:31,596.91,aud,Subscription update
ch_0010134,Paid,2025-11-12 17:12:21,172.06,aud,IV League - Booking
ch_0010135,Paid,2025-11-12 17:59:03,356.06,aud,Subscription update
ch_0010136,Paid,2025-11-12 18:59:12,352.53,aud,Subscription creation
ch_0010137,Paid,2025-11-13 06:05:54,203.67,aud,Subscription update
ch_0010138,Paid,2025-11-13 06:25:50,337.03,aud,Initial consultation
ch_0010139,Paid,2025-11-13 12:50:05,597.73,aud,Subscription update
ch_0010140,Paid,2025-11-13 13:53:23,200.92,aud,Subscription update
ch_0010141,Paid,2025-11-13 13:55:10,350.4,aud,Subscription update
ch_0010142,Paid,2025-11-13 14:54:02,192.3,aud,Subscription update
ch_0010143,Paid,2025-11-13 18:19:25,345.93,aud,Subscription update
ch_0010144,Paid,2025-11-13 20:16:48,208.09,aud,Subscription update
ch_0010145,Paid,2025-11-14 08:34:23,349.1,aud,Subscription update
ch_0010146,Paid,2025-11-14 10:33:12,607.34,aud,Subscription update
ch_0010147,Paid,2025-11-14 12:41:21,346.69,aud,Subscription update
ch_0010148,Paid,2025-11-14 13:09:32,200.84,aud,Subscription update
ch_0010149,Paid,2025-11-14 14:58:11,200.17,aud,Subscription update
ch_0010150,Paid,2025-11-14 15:52:16,346.66,aud,Subscription creation
ch_0010151,Paid,2025-11-14 15:55:36,198.89,aud,Subscription update
ch_0010152,Paid,2025-11-14 17:27:33,199.05,aud,Subscription update
ch_0010153,Paid,2025-11-14 18:43:23,194.45,aud,Subscription update
ch_0010154,Paid,2025-11-15 06:11:05,354.16,aud,Subscription update
ch_0010155,Paid,2025-11-15 08:33:42,1036.37,aud,Invoice payment
ch_0010156,Paid,2025-11-15 08:40:39,198.99,aud,Subscription update
ch_0010157,Paid,2025-11-15 09:12:19,598.43,aud,Subscription update
ch_0010158,Paid,2025-11-15 09:52:50,619.81,aud,Subscription update
ch_0010159,Paid,2025-11-15 11:50:04,197.0,aud,Subscription update
ch_0010160,Paid,2025-11-15 13:01:37,213.0,aud,Subscription update
ch_0010161,Paid,2025-11-16 06:06:50,353.37,aud,Subscription creation
ch_0010162,Paid,2025-11-16 06:59:25,200.71,aud,Subscription update
ch_0010163,Paid,2025-11-16 07:38:22,195.31,aud,Subscription update
ch_0010164,Paid,2025-11-16 15:30:32,351.22,aud,Subscription creation
ch_0010165,Paid,2025-11-16 16:02:15,199.1,aud,Subscription update
ch_0010166,Paid,2025-11-16 16:22:32,188.18,aud,Subscription update
ch_0010167,Paid,2025-11-16 20:18:40,353.18,aud,Subscription update
ch_0010168,Paid,2025-11-16 20:55:33,350.54,aud,Subscription update
ch_0010169,Paid,2025-11-17 06:40:37,196.35,aud,Subscription creation
ch_0010170,Paid,2025-11-17 08:24:05,195.1,aud,Subscription update
ch_0010171,Paid,2025-11-17 09:06:48,198.68,aud,Subscription update
ch_0010172,Paid,2025-11-17 09:15:25,347.41,aud,Subscription update
ch_0010173,Paid,2025-11-17 13:56:38,337.38,aud,Subscription update
ch_0010174,Paid,2025-11-17 14:23:55,606.33,aud,Subscription creation
ch_0010175,Paid,2025-11-17 15:59:33,196.63,aud,Subscription update
ch_0010176,Paid,2025-11-17 17:49:33,199.85,aud,Subscription creation
ch_0010177,Paid,2025-11-17 17:55:45,200.33,aud,Subscription update
ch_0010178,Paid,2025-11-17 19:45:56,194.0,aud,Subscription creation
ch_0010179,Paid,2025-11-17 20:52:04,202.19,aud,Subscription update
ch_0010180,Paid,2025-11-18 16:52:05,605.97,aud,Subscription update
ch_0010181,Paid,2025-11-18 18:36:17,351.97,aud,Subscription update
ch_0010182,Paid,2025-11-18 20:45:22,579.8,aud,Subscription update
ch_0010183,Paid,2025-11-19 09:06:59,202.96,aud,Subscription creation
ch_0010184,Paid,2025-11-19 10:03:18,194.69,aud,Subscription update
ch_0010185,Paid,2025-11-19 10:24:31,343.36,aud,Subscription update
ch_0010186,Paid,2025-11-19 10:36:49,341.44,aud,Subscription update
ch_0010187,Paid,2025-11-19 13:11:08,195.62,aud,Subscription update
ch_0010188,Paid,2025-11-19 14:05:55,349.12,aud,Subscription update
ch_0010189,Paid,2025-11-19 15:50:40,194.35,aud,Subscription update
ch_0010190,Paid,2025-11-19 16:45:38,203.9,aud,Subscription update
ch_0010191,Paid,2025-11-19 17:16:22,596.52,aud,Subscription update
ch_0010192,Paid,2025-11-19 19:09:09,361.77,aud,Subscription update
ch_0010193,Paid,2025-11-19 20:05:27,2701.75,aud,Package initiation
ch_0010194,Paid,2025-11-20 07:57:45,337.39,aud,Subscription update
ch_0010195,Paid,2025-11-20 08:05:55,337.86,aud,Subscription update
ch_0010196,Paid,2025-11-20 09:44:34,196.62,aud,Subscription update
ch_0010197,Paid,2025-11-20 13:16:22,572.34,aud,Subscription creation
ch_0010198,Paid,2025-11-20 15:13:53,200.45,aud,Subscription update
ch_0010199,Paid,2025-11-20 16:00:12,353.46,aud,Subscription update
ch_0010200,Paid,2025-11-20 16:06:53,203.24,aud,Subscription update
ch_0010201,Paid,2025-11-20 17:05:04,345.7,aud,Subscription update
ch_0010202,Paid,2025-11-20 20:44:02,198.89,aud,Subscription update
ch_0010203,Paid,2025-11-21 06:05:30,201.01,aud,Subscription update
ch_0010204,Paid,2025-11-21 07:59:48,198.38,aud,Subscription update
ch_0010205,Paid,2025-11-21 08:32:34,196.82,aud,Subscription creation
ch_0010206,Paid,2025-11-21 09:25:55,587.46,aud,Subscription update
ch_0010207,Paid,2025-11-21 09:31:21,194.77,aud,Subscription update
ch_0010208,Paid,2025-11-21 11:05:18,345.63,aud,Subscription update
ch_0010209,Paid,2025-11-21 16:04:51,199.53,aud,Subscription update
ch_0010210,Paid,2025-11-21 19:21:00,596.32,aud,Subscription update
ch_0010211,Paid,2025-11-21 19:24:22,199.24,aud,Subscription update
ch_0010212,Paid,2025-11-21 20:00:36,347.02,aud,Subscription update
ch_0010213,Paid,2025-11-22 06:34:19,357.53,aud,Subscription update
ch_0010214,Paid,2025-11-22 08:48:50,204.04,aud,Subscription creation
ch_0010215,Paid,2025-11-22 17:30:41,206.03,aud,Subscription update
ch_0010216,Paid,2025-11-22 19:19:01,199.94,aud,Subscription update
ch_0010217,Paid,2025-11-22 19:41:34,350.33,aud,Subscription update
ch_0010218,Paid,2025-11-22 20:17:38,338.92,aud,Subscription creation
ch_0010219,Paid,2025-11-23 06:35:12,202.21,aud,Subscription update
ch_0010220,Paid,2025-11-23 06:35:53,344.52,aud,Subscription creation
ch_0010221,Paid,2025-11-23 06:37:49,177.85,aud,IV League - Booking
ch_0010222,Paid,2025-11-23 08:29:45,192.74,aud,Subscription update
ch_0010223,Paid,2025-11-23 08:34:01,354.84,aud,Subscription update
ch_0010224,Paid,2025-11-23 08:37:28,195.48,aud,Subscription update
ch_0010225,Paid,2025-11-23 09:46:56,337.3,aud,Subscription update
ch_0010226,Paid,2025-11-23 10:46:48,587.94,aud,Subscription update
ch_0010227,Paid,2025-11-23 14:33:53,200.24,aud,Subscription update
ch_0010228,Paid,2025-11-23 15:09:08,344.02,aud,Subscription update
ch_0010229,Paid,2025-11-23 17:02:44,612.01,aud,Subscription update
ch_0010230,Paid,2025-11-23 18:17:00,200.3,aud,Subscription update
ch_0010231,Paid,2025-11-23 18:25:19,203.59,aud,Subscription update
ch_0010232,Paid,2025-11-23 18:50:53,205.6,aud,Subscription creation
ch_0010233,Paid,2025-11-23 19:39:39,348.77,aud,Subscription update
ch_0010234,Paid,2025-11-23 20:18:23,352.33,aud,Subscription update
ch_0010235,Paid,2025-11-24 08:07:33,340.62,aud,Subscription update
ch_0010236,Paid,2025-11-24 08:39:51,195.29,aud,Subscription update
ch_0010237,Paid,2025-11-24 08:56:20,196.64,aud,Subscription update
ch_0010238,Paid,2025-11-24 09:39:56,579.84,aud,Subscription update
ch_0010239,Paid,2025-11-24 09:48:09,355.86,aud,Subscription update
ch_0010240,Paid,2025-11-24 11:18:08,198.26,aud,IV League - Booking
ch_0010241,Paid,2025-11-24 11:22:02,614.54,aud,Subscription update
ch_0010242,Paid,2025-11-24 11:45:03,196.49,aud,Subscription creation
ch_0010243,Paid,2025-11-24 11:45:32,343.75,aud,Subscription update
ch_0010244,Paid,2025-11-24 13:34:36,200.02,aud,Subscription update
ch_0010245,Paid,2025-11-24 15:01:50,341.33,aud,Subscription update
ch_0010246,Paid,2025-11-24 15:34:13,197.07,aud,Subscription update
ch_0010247,Paid,2025-11-24 16:35:53,195.34,aud,Subscription update
ch_0010248,Paid,2025-11-24 17:26:33,194.41,aud,Subscription update
ch_0010249,Paid,2025-11-24 18:49:46,200.59,aud,Subscription update
ch_0010250,Paid,2025-11-24 19:20:45,348.79,aud,Subscription update
ch_0010251,Paid,2025-11-25 06:31:59,595.6,aud,Subscription update
ch_0010252,Paid,2025-11-25 06:53:17,198.06,aud,Subscription update
ch_0010253,Paid,2025-11-25 07:13:29,197.23,aud,Subscription update
ch_0010254,Paid,2025-11-25 08:06:52,601.08,aud,Subscription update
ch_0010255,Paid,2025-11-25 11:28:22,204.36,aud,Subscription update
ch_0010256,Paid,2025-11-25 12:09:26,1661.96,aud,Package initiation
ch_0010257,Paid,2025-11-25 17:46:38,347.77,aud,Subscription update
ch_0010258,Paid,2025-11-25 20:28:41,344.33,aud,Subscription update
ch_0010259,Paid,2025-11-25 20:49:42,194.49,aud,Subscription update
ch_0010260,Paid,2025-11-26 08:50:00,203.54,aud,Subscription update
ch_0010261,Paid,2025-11-26 10:12:34,196.17,aud,Subscription creation
ch_0010262,Paid,2025-11-26 10:23:01,196.21,aud,Subscription update
ch_0010263,Paid,2025-11-26 11:56:53,191.86,aud,Subscription update
ch_0010264,Paid,2025-11-26 12:47:02,197.64,aud,Subscription update
ch_0010265,Paid,2025-11-26 13:07:05,198.91,aud,Subscription update
ch_0010266,Paid,2025-11-26 13:11:49,354.13,aud,Subscription update
ch_0010267,Paid,2025-11-26 15:33:57,599.29,aud,Subscription update
ch_0010268,Paid,2025-11-26 15:50:49,336.94,aud,Subscription update
ch_0010269,Paid,2025-11-26 18:05:35,199.45,aud,Subscription update
ch_0010270,Paid,2025-11-27 08:16:39,198.83,aud,Subscription update
ch_0010271,Paid,2025-11-27 12:12:19,198.63,aud,Subscription creation
ch_0010272,Paid,2025-11-27 13:28:57,199.7,aud,Subscription update
ch_0010273,Paid,2025-11-27 15:36:17,362.07,aud,Subscription creation
ch_0010274,Paid,2025-11-27 18:02:53,313.39,aud,IV League - Booking
ch_0010275,Paid,2025-11-27 18:36:03,202.33,aud,Subscription update
ch_0010276,Paid,2025-11-27 19:09:31,576.79,aud,Subscription update
ch_0010277,Paid,2025-11-28 06:51:41,360.79,aud,Subscription update
ch_0010278,Paid,2025-11-28 06:53:29,202.48,aud,Subscription update
ch_0010279,Paid,2025-11-28 07:16:37,349.07,aud,Subscription update
ch_0010280,Paid,2025-11-28 07:20:43,188.04,aud,Subscription update
ch_0010281,Paid,2025-11-28 08:56:37,337.8,aud,Subscription update
ch_0010282,Paid,2025-11-28 11:03:22,586.5,aud,Subscription update
ch_0010283,Paid,2025-11-28 11:55:52,203.58,aud,Subscription creation
ch_0010284,Paid,2025-11-28 12:01:55,586.19,aud,Subscription creation
ch_0010285,Paid,2025-11-28 14:03:27,202.76,aud,Subscription update
ch_0010286,Paid,2025-11-28 15:25:25,595.83,aud,Subscription update
ch_0010287,Paid,2025-11-28 16:33:16,348.51,aud,Subscription update
ch_0010288,Paid,2025-11-28 17:52:16,200.04,aud,Subscription update
ch_0010289,Paid,2025-11-28 17:55:50,333.93,aud,Subscription update
ch_0010290,Paid,2025-11-28 18:34:37,196.82,aud,Subscription update
ch_0010291,Paid,2025-11-28 20:19:11,349.93,aud,Subscription update
ch_0010292,Paid,2025-11-29 07:09:54,341.29,aud,Subscription update
ch_0010293,Paid,2025-11-29 08:15:57,344.48,aud,Subscription update
ch_0010294,Paid,2025-11-29 08:43:49,204.08,aud,Subscription update
ch_0010295,Paid,2025-11-29 11:46:13,350.95,aud,Subscription update
ch_0010296,Paid,2025-11-29 12:19:27,194.79,aud,Subscription update
ch_0010297,Paid,2025-11-29 12:27:44,360.8,aud,Subscription update
ch_0010298,Paid,2025-11-29 13:15:39,191.07,aud,Subscription creation
ch_0010299,Paid,2025-11-29 14:24:54,620.29,aud,Subscription update
ch_0010300,Paid,2025-11-29 16:40:01,198.48,aud,Subscription update
ch_0010301,Paid,2025-11-29 17:32:41,197.82,aud,Subscription creation
ch_0010302,Paid,2025-11-29 19:33:53,194.21,aud,Subscription update
ch_0010303,Paid,2025-11-29 20:25:24,352.47,aud,Subscription update
ch_0010304,Paid,2025-11-30 06:04:05,357.34,aud,Subscription update
ch_0010305,Paid,2025-11-30 06:49:19,204.32,aud,Subscription update
ch_0010306,Paid,2025-11-30 06:51:28,194.25,aud,Subscription update
ch_0010307,Paid,2025-11-30 08:05:26,193.5,aud,Subscription creation
ch_0010308,Paid,2025-11-30 10:01:54,611.35,aud,Subscription update
ch_0010309,Paid,2025-11-30 10:22:14,194.2,aud,Subscription update
ch_0010310,Paid,2025-11-30 11:18:42,199.69,aud,Subscription update
ch_0010311,Paid,2025-11-30 12:57:52,200.08,aud,Subscription update
ch_0010312,Paid,2025-11-30 13:25:21,342.91,aud,Subscription update
ch_0010313,Paid,2025-11-30 16:04:12,196.94,aud,Subscription update
ch_0010314,Paid,2025-11-30 17:10:08,331.69,aud,IV League - Booking
ch_0010315,Paid,2025-11-30 17:10:36,344.14,aud,Subscription update
ch_0010316,Paid,2025-11-30 19:14:18,573.92,aud,Subscription creation
ch_0010317,Paid,2025-11-30 19:38:42,201.74,aud,Subscription update
ch_0010318,Paid,2025-12-01 08:37:38,201.9,aud,Subscription update
ch_0010319,Paid,2025-12-01 15:33:22,345.07,aud,Subscription update
ch_0010320,Paid,2025-12-01 19:06:05,199.68,aud,Subscription update
ch_0010321,Paid,2025-12-01 19:08:25,343.38,aud,Subscription update
ch_0010322,Paid,2025-12-01 19:20:36,356.17,aud,Subscription update
ch_0010323,Paid,2025-12-01 20:03:05,349.88,aud,Subscription update
ch_0010324,Paid,2025-12-02 06:15:34,595.42,aud,Subscription creation
ch_0010325,Paid,2025-12-02 08:22:41,199.24,aud,Subscription creation
ch_0010326,Paid,2025-12-02 09:38:00,359.75,aud,Subscription update
ch_0010327,Paid,2025-12-02 09:54:52,199.01,aud,Subscription update
ch_0010328,Paid,2025-12-02 12:02:47,349.27,aud,Subscription update
ch_0010329,Paid,2025-12-02 12:33:11,593.04,aud,Subscription update
ch_0010330,Paid,2025-12-02 12:45:30,195.22,aud,Subscription update
ch_0010331,Paid,2025-12-02 13:35:32,592.1,aud,Subscription update
ch_0010332,Paid,2025-12-02 14:36:15,349.99,aud,Subscription update
ch_0010333,Paid,2025-12-02 17:04:48,199.17,aud,Subscription update
ch_0010334,Paid,2025-12-02 17:32:18,203.58,aud,Subscription update
ch_0010335,Paid,2025-12-02 18:53:14,200.56,aud,Subscription creation
ch_0010336,Paid,2025-12-02 19:06:26,207.08,aud,Subscription update
ch_0010337,Paid,2025-12-03 08:36:27,202.19,aud,Subscription creation
ch_0010338,Paid,2025-12-03 12:45:25,203.45,aud,Subscription update
ch_0010339,Paid,2025-12-03 13:03:02,350.37,aud,Subscription update
ch_0010340,Paid,2025-12-03 13:56:28,201.18,aud,Subscription update
ch_0010341,Paid,2025-12-03 16:51:35,199.67,aud,Subscription update
ch_0010342,Paid,2025-12-03 17:34:35,191.27,aud,Subscription update
ch_0010343,Paid,2025-12-03 19:40:35,198.75,aud,Subscription update
ch_0010344,Paid,2025-12-04 07:48:32,200.93,aud,Subscription update
ch_0010345,Paid,2025-12-04 08:28:35,192.1,aud,Subscription update
ch_0010346,Paid,2025-12-04 11:42:13,198.43,aud,Subscription update
ch_0010347,Paid,2025-12-04 12:16:56,194.7,aud,Subscription update
ch_0010348,Paid,2025-12-04 12:55:38,196.21,aud,Subscription update
ch_0010349,Paid,2025-12-04 13:07:00,198.39,aud,Subscription update
ch_0010350,Paid,2025-12-04 13:46:32,605.3,aud,Subscription update
ch_0010351,Paid,2025-12-04 14:28:20,205.11,aud,Subscription update
ch_0010352,Paid,2025-12-04 15:55:18,199.32,aud,Subscription update
ch_0010353,Paid,2025-12-04 16:24:44,343.23,aud,Subscription update
ch_0010354,Paid,2025-12-04 17:34:16,197.4,aud,Subscription update
ch_0010355,Paid,2025-12-04 18:15:36,202.46,aud,Subscription update
ch_0010356,Paid,2025-12-04 19:28:25,603.52,aud,Subscription update
ch_0010357,Paid,2025-12-04 19:59:36,345.2,aud,Subscription update
ch_0010358,Paid,2025-12-04 20:13:17,202.09,aud,Subscription update
ch_0010359,Paid,2025-12-05 06:01:58,358.69,aud,Subscription update
ch_0010360,Paid,2025-12-05 07:34:03,203.56,aud,Subscription update
ch_0010361,Paid,2025-12-05 10:43:03,254.69,aud,IV League - Booking
ch_0010362,Paid,2025-12-05 11:01:13,352.42,aud,Subscription update
ch_0010363,Paid,2025-12-05 11:23:49,201.53,aud,Subscription update
ch_0010364,Paid,2025-12-05 12:30:18,354.01,aud,Subscription update
ch_0010365,Paid,2025-12-05 13:01:33,197.51,aud,Subscription update
ch_0010366,Paid,2025-12-05 13:38:40,345.77,aud,Subscription update
ch_0010367,Paid,2025-12-05 17:19:31,195.63,aud,Subscription update
ch_0010368,Paid,2025-12-05 20:07:48,350.28,aud,Subscription update
ch_0010369,Paid,2025-12-05 20:25:59,349.72,aud,Subscription update
ch_0010370,Paid,2025-12-06 06:46:43,196.85,aud,Subscription update
ch_0010371,Paid,2025-12-06 07:36:41,197.09,aud,Subscription update
ch_0010372,Paid,2025-12-06 08:03:07,194.2,aud,Subscription creation
ch_0010373,Paid,2025-12-06 09:29:29,197.89,aud,Subscription update
ch_0010374,Paid,2025-12-06 13:46:38,199.24,aud,Subscription update
ch_0010375,Paid,2025-12-06 13:49:48,349.34,aud,Subscription update
ch_0010376,Paid,2025-12-06 14:14:14,201.18,aud,Subscription update
ch_0010377,Paid,2025-12-06 15:51:58,346.15,aud,Subscription creation
ch_0010378,Paid,2025-12-06 16:03:47,198.7,aud,Subscription update
ch_0010379,Paid,2025-12-06 17:41:16,202.67,aud,Subscription update
ch_0010380,Paid,2025-12-06 18:33:07,348.04,aud,Subscription creation
ch_0010381,Paid,2025-12-06 20:28:49,198.82,aud,Subscription update
ch_0010382,Paid,2025-12-07 08:43:57,204.73,aud,Subscription update
ch_0010383,Paid,2025-12-07 08:50:53,717.8,aud,Longevity panel
ch_0010384,Paid,2025-12-07 09:12:56,199.28,aud,Subscription update
ch_0010385,Paid,2025-12-07 12:04:11,352.96,aud,Subscription update
ch_0010386,Paid,2025-12-07 12:24:32,198.1,aud,Subscription update
ch_0010387,Paid,2025-12-07 15:00:14,350.52,aud,Subscription creation
ch_0010388,Paid,2025-12-07 16:21:37,192.13,aud,Subscription update
ch_0010389,Paid,2025-12-07 16:32:19,197.68,aud,Subscription update
ch_0010390,Paid,2025-12-07 17:28:49,356.04,aud,Subscription creation
ch_0010391,Paid,2025-12-07 19:25:52,200.86,aud,Subscription update
ch_0010392,Paid,2025-12-07 19:51:27,341.95,aud,Subscription creation
ch_0010393,Paid,2025-12-08 06:42:23,344.17,aud,Subscription update
ch_0010394,Paid,2025-12-08 06:48:12,203.9,aud,Subscription update
ch_0010395,Paid,2025-12-08 07:13:01,207.99,aud,Subscription update
ch_0010396,Paid,2025-12-08 07:54:42,198.2,aud,Subscription update
ch_0010397,Paid,2025-12-08 07:56:24,227.43,aud,IV League - Booking
ch_0010398,Paid,2025-12-08 09:01:55,343.24,aud,Subscription update
ch_0010399,Paid,2025-12-08 09:36:44,195.7,aud,Subscription update
ch_0010400,Paid,2025-12-08 09:58:18,352.15,aud,Subscription creation
ch_0010401,Paid,2025-12-08 11:29:21,2505.96,aud,Package initiation
ch_0010402,Paid,2025-12-08 11:31:55,195.6,aud,Subscription update
ch_0010403,Paid,2025-12-08 11:41:12,357.6,aud,Subscription update
ch_0010404,Paid,2025-12-08 14:10:07,207.83,aud,Subscription update
ch_0010405,Paid,2025-12-08 16:47:46,341.48,aud,Subscription update
ch_0010406,Paid,2025-12-08 17:52:59,602.33,aud,Subscription update
ch_0010407,Paid,2025-12-08 19:49:29,201.39,aud,Subscription creation
ch_0010408,Paid,2025-12-09 08:07:10,197.16,aud,Subscription update
ch_0010409,Paid,2025-12-09 10:56:21,588.0,aud,Subscription creation
ch_0010410,Paid,2025-12-09 16:37:54,197.78,aud,Subscription update
ch_0010411,Paid,2025-12-09 18:11:27,349.74,aud,Subscription update
ch_0010412,Paid,2025-12-09 18:52:30,343.55,aud,Subscription update
ch_0010413,Paid,2025-12-09 19:24:55,199.66,aud,Subscription update
ch_0010414,Paid,2025-12-10 06:30:41,191.41,aud,Subscription creation
ch_0010415,Paid,2025-12-10 15:16:15,199.84,aud,Subscription update
ch_0010416,Paid,2025-12-10 15:57:17,362.71,aud,Subscription update
ch_0010417,Paid,2025-12-10 17:19:54,358.88,aud,Subscription update
ch_0010418,Paid,2025-12-11 06:43:55,574.87,aud,Subscription update
ch_0010419,Paid,2025-12-11 07:40:13,358.73,aud,Subscription update
ch_0010420,Paid,2025-12-11 08:14:05,197.61,aud,Subscription update
ch_0010421,Refunded,2025-12-11 10:40:22,349.0,aud,Subscription update
ch_0010422,Paid,2025-12-11 10:55:36,196.89,aud,Subscription update
ch_0010423,Paid,2025-12-11 12:59:38,189.29,aud,Subscription update
ch_0010424,Paid,2025-12-11 14:24:24,201.93,aud,Subscription update
ch_0010425,Paid,2025-12-11 19:54:34,196.24,aud,Subscription creation
ch_0010426,Paid,2025-12-12 08:09:46,196.31,aud,Subscription creation
ch_0010427,Paid,2025-12-12 08:21:04,355.28,aud,Subscription update
ch_0010428,Paid,2025-12-12 09:15:34,351.71,aud,Subscription update
ch_0010429,Paid,2025-12-12 09:24:18,350.32,aud,Subscription update
ch_0010430,Paid,2025-12-12 10:47:22,191.97,aud,Subscription update
ch_0010431,Paid,2025-12-12 11:36:19,339.98,aud,Subscription update
ch_0010432,Paid,2025-12-12 20:26:16,355.01,aud,Subscription update
ch_0010433,Paid,2025-12-12 20:50:00,345.38,aud,Subscription update
ch_0010434,Paid,2025-12-13 06:29:12,194.98,aud,Subscription update
ch_0010435,Paid,2025-12-13 06:42:15,347.29,aud,Subscription update
ch_0010436,Paid,2025-12-13 06:51:15,8114.91,aud,Corporate wellness - Keyman
ch_0010437,Paid,2025-12-13 07:13:36,348.39,aud,Subscription update
ch_0010438,Paid,2025-12-13 08:00:31,203.87,aud,Subscription update
ch_0010439,Paid,2025-12-13 08:37:48,337.91,aud,Subscription update
ch_0010440,Paid,2025-12-13 09:06:20,296.24,aud,Initial consultation
ch_0010441,Paid,2025-12-13 09:18:44,347.39,aud,Subscription update
ch_0010442,Paid,2025-12-13 10:47:18,198.81,aud,Subscription update
ch_0010443,Paid,2025-12-13 17:49:03,194.76,aud,Subscription update
ch_0010444,Paid,2025-12-13 18:39:45,346.8,aud,Subscription update
ch_0010445,Paid,2025-12-13 20:16:46,599.61,aud,Subscription update
ch_0010446,Paid,2025-12-14 06:12:50,330.47,aud,Subscription update
ch_0010447,Paid,2025-12-14 07:32:25,343.67,aud,Subscription update
ch_0010448,Paid,2025-12-14 11:30:02,196.21,aud,Subscription update
ch_0010449,Paid,2025-12-14 11:40:51,197.08,aud,Subscription update
ch_0010450,Paid,2025-12-14 13:04:48,199.76,aud,Subscription update
ch_0010451,Paid,2025-12-14 14:02:08,356.27,aud,Subscription update
ch_0010452,Paid,2025-12-14 14:17:05,201.44,aud,Subscription update
ch_0010453,Paid,2025-12-14 14:37:23,202.12,aud,Subscription update
ch_0010454,Paid,2025-12-14 14:53:32,197.08,aud,Subscription update
ch_0010455,Paid,2025-12-14 15:23:30,601.96,aud,Subscription update
ch_0010456,Paid,2025-12-14 15:29:57,355.25,aud,Subscription update
ch_0010457,Paid,2025-12-14 16:14:22,198.29,aud,Subscription update
ch_0010458,Paid,2025-12-14 18:12:30,343.11,aud,Subscription update
ch_0010459,Paid,2025-12-14 18:21:05,194.38,aud,Subscription creation
ch_0010460,Paid,2025-12-14 18:29:24,358.23,aud,Subscription creation
ch_0010461,Paid,2025-12-15 07:11:26,197.1,aud,Subscription update
ch_0010462,Paid,2025-12-15 07:24:14,350.76,aud,Subscription update
ch_0010463,Paid,2025-12-15 08:10:57,351.98,aud,Subscription update
ch_0010464,Paid,2025-12-15 08:20:16,342.88,aud,Subscription update
ch_0010465,Paid,2025-12-15 09:25:04,199.8,aud,Subscription creation
ch_0010466,Paid,2025-12-15 09:47:19,194.12,aud,Subscription update
ch_0010467,Refunded,2025-12-15 12:13:42,349.0,aud,Subscription update
ch_0010468,Paid,2025-12-15 13:29:34,204.26,aud,Subscription creation
ch_0010469,Paid,2025-12-15 13:36:50,200.95,aud,Subscription update
ch_0010470,Paid,2025-12-15 14:23:05,198.95,aud,Subscription update
ch_0010471,Paid,2025-12-15 14:58:37,200.61,aud,Subscription update
ch_0010472,Paid,2025-12-15 15:52:40,590.23,aud,Subscription update
ch_0010473,Paid,2025-12-15 16:07:25,189.65,aud,Subscription creation
ch_0010474,Paid,2025-12-15 16:09:41,196.87,aud,Subscription update
ch_0010475,Paid,2025-12-15 16:31:57,199.29,aud,Subscription update
ch_0010476,Paid,2025-12-15 17:14:35,339.36,aud,Subscription creation
ch_0010477,Paid,2025-12-15 19:32:21,2808.21,aud,Package initiation
ch_0010478,Paid,2025-12-16 09:15:55,202.57,aud,Subscription update
ch_0010479,Paid,2025-12-16 09:16:25,194.86,aud,Subscription update
ch_0010480,Paid,2025-12-16 10:32:19,191.09,aud,Subscription update
ch_0010481,Paid,2025-12-16 11:14:22,195.91,aud,Subscription update
ch_0010482,Paid,2025-12-16 12:22:18,196.21,aud,Subscription update
ch_0010483,Paid,2025-12-16 15:41:34,199.06,aud,Subscription update
ch_0010484,Paid,2025-12-16 15:51:38,353.77,aud,Subscription update
ch_0010485,Paid,2025-12-16 18:07:28,597.14,aud,Subscription update
ch_0010486,Paid,2025-12-16 18:34:00,350.97,aud,Subscription update
ch_0010487,Paid,2025-12-16 18:36:00,345.82,aud,Subscription update
ch_0010488,Paid,2025-12-16 18:37:29,578.31,aud,Subscription update
ch_0010489,Paid,2025-12-17 06:17:31,461.85,aud,IV League - Booking
ch_0010490,Paid,2025-12-17 06:42:15,204.78,aud,Subscription update
ch_0010491,Paid,2025-12-17 06:49:52,203.56,aud,Subscription update
ch_0010492,Paid,2025-12-17 09:23:09,346.35,aud,Subscription update
ch_0010493,Paid,2025-12-17 09:40:49,202.55,aud,Subscription creation
ch_0010494,Paid,2025-12-17 13:34:25,346.23,aud,Subscription update
ch_0010495,Paid,2025-12-17 17:38:25,191.15,aud,Subscription creation
ch_0010496,Paid,2025-12-17 18:34:21,592.26,aud,Subscription update
ch_0010497,Paid,2025-12-17 20:35:20,202.04,aud,Subscription update
ch_0010498,Paid,2025-12-17 20:46:40,201.34,aud,Subscription update
ch_0010499,Paid,2025-12-18 08:23:05,196.64,aud,Subscription update
ch_0010500,Paid,2025-12-18 10:57:08,201.69,aud,Subscription update
ch_0010501,Paid,2025-12-18 12:09:41,364.85,aud,Subscription update
ch_0010502,Paid,2025-12-18 12:42:11,340.27,aud,Subscription creation
ch_0010503,Paid,2025-12-18 12:58:16,353.28,aud,Subscription creation
ch_0010504,Paid,2025-12-18 14:07:08,203.83,aud,Subscription creation
ch_0010505,Paid,2025-12-18 19:12:38,201.71,aud,Subscription update
ch_0010506,Paid,2025-12-18 19:49:14,201.76,aud,Subscription update
ch_0010507,Paid,2025-12-19 06:21:22,351.55,aud,Subscription update
ch_0010508,Paid,2025-12-19 07:45:40,201.23,aud,Subscription update
ch_0010509,Paid,2025-12-19 10:54:17,197.77,aud,Subscription update
ch_0010510,Paid,2025-12-19 12:12:49,194.29,aud,Subscription creation
ch_0010511,Paid,2025-12-19 13:06:28,199.21,aud,Subscription update
ch_0010512,Paid,2025-12-19 14:54:15,347.16,aud,Subscription update
ch_0010513,Paid,2025-12-19 17:25:05,592.95,aud,Subscription update
ch_0010514,Paid,2025-12-19 20:33:08,197.62,aud,Subscription update
ch_0010515,Paid,2025-12-20 06:50:04,428.79,aud,Initial consultation
ch_0010516,Paid,2025-12-20 07:31:06,187.44,aud,Subscription update
ch_0010517,Paid,2025-12-20 08:25:04,204.31,aud,Subscription update
ch_0010518,Paid,2025-12-20 11:30:24,835.61,aud,Longevity panel
ch_0010519,Paid,2025-12-20 14:49:56,203.13,aud,Subscription update
ch_0010520,Paid,2025-12-20 15:25:54,202.82,aud,Subscription creation
ch_0010521,Paid,2025-12-20 15:51:42,199.04,aud,Subscription update
ch_0010522,Paid,2025-12-20 17:45:15,199.07,aud,Subscription update
ch_0010523,Paid,2025-12-20 18:11:20,192.41,aud,Subscription update
ch_0010524,Paid,2025-12-20 18:51:28,614.9,aud,Subscription update
ch_0010525,Paid,2025-12-20 19:37:01,197.17,aud,Subscription update
ch_0010526,Paid,2025-12-21 06:04:14,251.99,aud,IV League - Booking
ch_0010527,Paid,2025-12-21 08:13:00,358.72,aud,Subscription creation
ch_0010528,Paid,2025-12-21 08:29:00,346.34,aud,Subscription update
ch_0010529,Paid,2025-12-21 09:43:45,196.82,aud,Subscription update
ch_0010530,Paid,2025-12-21 14:06:07,348.39,aud,Subscription update
ch_0010531,Paid,2025-12-21 14:28:46,208.86,aud,Subscription update
ch_0010532,Paid,2025-12-22 06:05:05,345.94,aud,Subscription update
ch_0010533,Paid,2025-12-22 10:29:30,198.29,aud,Subscription update
ch_0010534,Paid,2025-12-22 10:56:21,200.89,aud,Subscription update
ch_0010535,Paid,2025-12-22 11:33:17,583.97,aud,Subscription creation
ch_0010536,Paid,2025-12-22 14:24:58,201.47,aud,Subscription update
ch_0010537,Paid,2025-12-22 17:07:32,614.06,aud,Subscription update
ch_0010538,Paid,2025-12-22 17:37:48,595.61,aud,Subscription update
ch_0010539,Paid,2025-12-22 17:42:15,199.7,aud,Subscription update
ch_0010540,Paid,2025-12-22 19:59:38,201.37,aud,Subscription update
ch_0010541,Paid,2025-12-23 06:14:45,196.19,aud,Subscription update
ch_0010542,Paid,2025-12-23 08:55:10,338.86,aud,Subscription update
ch_0010543,Paid,2025-12-23 09:55:14,195.85,aud,Subscription update
ch_0010544,Paid,2025-12-23 13:04:57,195.36,aud,Subscription update
ch_0010545,Paid,2025-12-23 13:15:43,609.57,aud,Subscription update
ch_0010546,Paid,2025-12-23 13:54:15,203.76,aud,Subscription creation
ch_0010547,Paid,2025-12-23 15:09:35,208.71,aud,Subscription update
ch_0010548,Paid,2025-12-23 16:29:19,201.06,aud,Subscription update
ch_0010549,Paid,2025-12-23 17:11:45,351.76,aud,Subscription update
ch_0010550,Paid,2025-12-23 17:48:16,346.49,aud,Subscription update
ch_0010551,Paid,2025-12-23 18:01:41,200.46,aud,Subscription update
ch_0010552,Paid,2025-12-24 06:00:37,201.01,aud,Subscription update
ch_0010553,Paid,2025-12-24 08:07:39,199.92,aud,Subscription update
ch_0010554,Paid,2025-12-24 09:19:12,199.21,aud,Subscription update
ch_0010555,Paid,2025-12-24 09:50:20,196.8,aud,Subscription update
ch_0010556,Paid,2025-12-24 10:04:43,203.0,aud,Subscription creation
ch_0010557,Paid,2025-12-24 12:36:47,613.89,aud,Subscription update
ch_0010558,Paid,2025-12-24 15:01:56,588.5,aud,Subscription creation
ch_0010559,Paid,2025-12-24 16:42:39,196.78,aud,Subscription update
ch_0010560,Paid,2025-12-24 20:13:56,196.21,aud,Subscription update
ch_0010561,Paid,2025-12-25 09:16:14,595.21,aud,Subscription update
ch_0010562,Paid,2025-12-25 10:06:55,197.68,aud,Subscription update
ch_0010563,Paid,2025-12-25 10:24:42,200.61,aud,Subscription update
ch_0010564,Paid,2025-12-25 10:26:52,199.4,aud,Subscription update
ch_0010565,Paid,2025-12-25 13:24:49,199.79,aud,Subscription update
ch_0010566,Paid,2025-12-25 18:19:18,342.88,aud,Subscription update
ch_0010567,Paid,2025-12-26 06:25:24,592.9,aud,Subscription update
ch_0010568,Paid,2025-12-26 06:36:12,358.08,aud,Subscription update
ch_0010569,Paid,2025-12-26 10:08:45,352.23,aud,Subscription update
ch_0010570,Paid,2025-12-26 10:56:16,203.23,aud,Subscription update
ch_0010571,Paid,2025-12-26 11:07:14,588.68,aud,Subscription update
ch_0010572,Paid,2025-12-26 11:24:11,358.91,aud,Initial consultation
ch_0010573,Paid,2025-12-26 12:16:37,345.93,aud,Subscription update
ch_0010574,Paid,2025-12-26 14:24:25,193.83,aud,Subscription update
ch_0010575,Paid,2025-12-26 15:31:22,195.71,aud,Subscription update
ch_0010576,Paid,2025-12-26 17:09:45,602.49,aud,Subscription update
ch_0010577,Paid,2025-12-26 17:30:06,193.69,aud,Subscription creation
ch_0010578,Paid,2025-12-26 18:06:38,191.08,aud,Subscription update
ch_0010579,Paid,2025-12-26 18:26:40,198.59,aud,Subscription update
ch_0010580,Paid,2025-12-27 06:40:47,200.93,aud,Subscription update
ch_0010581,Paid,2025-12-27 07:56:53,202.4,aud,Subscription update
ch_0010582,Paid,2025-12-27 08:37:41,333.87,aud,Subscription update
ch_0010583,Paid,2025-12-27 11:10:25,577.81,aud,Subscription update
ch_0010584,Paid,2025-12-27 13:07:24,347.21,aud,Subscription update
ch_0010585,Paid,2025-12-27 14:22:13,352.76,aud,Subscription update
ch_0010586,Paid,2025-12-27 16:55:38,631.59,aud,Package initiation
ch_0010587,Paid,2025-12-27 18:46:45,198.99,aud,Subscription update
ch_0010588,Paid,2025-12-27 19:17:36,197.42,aud,Subscription update
ch_0010589,Paid,2025-12-28 06:32:12,195.88,aud,Subscription update
ch_0010590,Paid,2025-12-28 06:36:29,336.16,aud,Subscription update
ch_0010591,Paid,2025-12-28 07:03:23,597.87,aud,Subscription update
ch_0010592,Paid,2025-12-28 08:00:43,195.86,aud,Subscription update
ch_0010593,Paid,2025-12-28 10:31:51,203.36,aud,Subscription update
ch_0010594,Paid,2025-12-28 12:10:21,202.39,aud,Subscription update
ch_0010595,Paid,2025-12-28 13:13:09,2331.91,aud,Package initiation
ch_0010596,Paid,2025-12-28 15:15:37,577.39,aud,Subscription update
ch_0010597,Paid,2025-12-28 15:45:41,585.48,aud,Subscription update
ch_0010598,Paid,2025-12-28 19:26:02,350.95,aud,Subscription update
ch_0010599,Paid,2025-12-28 20:53:01,198.0,aud,Subscription update
ch_0010600,Paid,2025-12-29 06:25:31,355.43,aud,Subscription update
ch_0010601,Paid,2025-12-29 07:04:53,2435.2,aud,Package initiation
ch_0010602,Paid,2025-12-29 07:43:01,199.53,aud,Subscription update
ch_0010603,Paid,2025-12-29 10:42:20,357.51,aud,Subscription update
ch_0010604,Paid,2025-12-29 11:23:43,256.61,aud,IV League - Booking
ch_0010605,Paid,2025-12-29 14:50:23,193.24,aud,Subscription update
ch_0010606,Paid,2025-12-29 15:55:28,199.93,aud,Subscription update
ch_0010607,Paid,2025-12-29 16:35:34,208.42,aud,Subscription update
ch_0010608,Paid,2025-12-29 17:40:00,200.82,aud,Subscription update
ch_0010609,Paid,2025-12-29 20:11:23,356.24,aud,Subscription update
ch_0010610,Paid,2025-12-30 06:54:10,348.96,aud,Subscription update
ch_0010611,Paid,2025-12-30 07:38:59,198.8,aud,Subscription creation
ch_0010612,Paid,2025-12-30 07:47:42,204.26,aud,Subscription update
ch_0010613,Paid,2025-12-30 10:57:25,206.35,aud,Subscription update
ch_0010614,Paid,2025-12-30 13:35:36,600.91,aud,Subscription update
ch_0010615,Paid,2025-12-30 13:55:59,201.94,aud,Subscription update
ch_0010616,Paid,2025-12-30 15:15:13,349.57,aud,Subscription update
ch_0010617,Paid,2025-12-30 15:16:18,590.66,aud,Subscription creation
ch_0010618,Paid,2025-12-30 16:10:47,203.18,aud,Subscription update
ch_0010619,Paid,2025-12-30 17:29:41,203.8,aud,Subscription update
ch_0010620,Paid,2025-12-30 19:43:51,200.84,aud,Subscription creation
ch_0010621,Paid,2025-12-30 20:10:35,584.67,aud,Subscription update
ch_0010622,Paid,2025-12-30 20:37:29,197.53,aud,Subscription update
ch_0010623,Paid,2025-12-31 06:42:24,198.55,aud,Subscription creation
ch_0010624,Failed,2025-12-31 09:02:26,349.0,aud,Subscription update
ch_0010625,Paid,2025-12-31 10:34:12,352.23,aud,Subscription update
ch_0010626,Paid,2025-12-31 11:21:53,200.69,aud,Subscription update
ch_0010627,Paid,2025-12-31 11:56:35,202.32,aud,Subscription update
ch_0010628,Paid,2025-12-31 12:18:52,201.2,aud,Subscription update
ch_0010629,Paid,2025-12-31 12:29:43,355.68,aud,Subscription update
ch_0010630,Paid,2025-12-31 15:40:31,1371.43,aud,Invoice payment
ch_0010631,Paid,2025-12-31 17:18:44,199.78,aud,Subscription update
ch_0010632,Paid,2025-12-31 18:12:28,596.7,aud,Subscription update
ch_0010633,Paid,2025-12-31 19:29:03,200.51,aud,Subscription update
ch_0010634,Paid,2026-01-01 06:34:57,197.41,aud,Subscription update
ch_0010635,Paid,2026-01-01 06:36:42,354.1,aud,Subscription update
ch_0010636,Paid,2026-01-01 06:47:12,198.24,aud,Subscription update
ch_0010637,Paid,2026-01-01 07:10:05,347.56,aud,Subscription update
ch_0010638,Paid,2026-01-01 09:40:23,349.95,aud,Subscription update
ch_0010639,Paid,2026-01-01 09:49:47,590.95,aud,Subscription creation
ch_0010640,Paid,2026-01-01 11:29:29,201.71,aud,Subscription update
ch_0010641,Paid,2026-01-01 12:01:32,198.76,aud,Subscription update
ch_0010642,Paid,2026-01-01 15:17:33,604.05,aud,Subscription creation
ch_0010643,Paid,2026-01-01 15:34:07,347.3,aud,Subscription update
ch_0010644,Paid,2026-01-01 17:39:46,198.36,aud,Subscription update
ch_0010645,Paid,2026-01-02 06:30:53,196.45,aud,Subscription update
ch_0010646,Paid,2026-01-02 08:41:07,616.24,aud,Subscription update
ch_0010647,Paid,2026-01-02 10:22:15,199.54,aud,Subscription update
ch_0010648,Paid,2026-01-02 14:31:32,344.44,aud,Subscription update
ch_0010649,Paid,2026-01-02 14:31:57,203.98,aud,Subscription creation
ch_0010650,Paid,2026-01-02 19:43:43,199.55,aud,Subscription update
ch_0010651,Paid,2026-01-02 20:02:05,198.49,aud,Subscription update
ch_0010652,Paid,2026-01-03 06:12:50,353.8,aud,Subscription update
ch_0010653,Paid,2026-01-03 06:17:02,196.9,aud,Subscription update
ch_0010654,Paid,2026-01-03 06:50:47,1568.91,aud,Package initiation
ch_0010655,Paid,2026-01-03 07:14:46,195.0,aud,Subscription update
ch_0010656,Paid,2026-01-03 07:37:26,204.91,aud,Subscription creation
ch_0010657,Paid,2026-01-03 07:52:24,200.56,aud,IV League - Booking
ch_0010658,Paid,2026-01-03 08:06:12,337.27,aud,Subscription update
ch_0010659,Paid,2026-01-03 09:11:40,353.07,aud,Subscription creation
ch_0010660,Paid,2026-01-03 10:20:52,201.61,aud,Subscription update
ch_0010661,Paid,2026-01-03 11:16:37,342.76,aud,Subscription update
ch_0010662,Paid,2026-01-03 12:49:36,351.61,aud,Subscription update
ch_0010663,Paid,2026-01-03 13:01:34,206.2,aud,Subscription creation
ch_0010664,Paid,2026-01-03 13:21:10,355.19,aud,Subscription update
ch_0010665,Paid,2026-01-03 14:18:02,197.02,aud,Subscription update
ch_0010666,Paid,2026-01-03 16:37:09,199.53,aud,Subscription creation
ch_0010667,Paid,2026-01-03 16:46:42,358.65,aud,Subscription update
ch_0010668,Paid,2026-01-03 19:27:08,197.07,aud,Subscription update
ch_0010669,Paid,2026-01-04 06:14:44,604.15,aud,Subscription update
ch_0010670,Paid,2026-01-04 06:59:07,203.89,aud,Subscription update
ch_0010671,Paid,2026-01-04 07:34:02,361.95,aud,Subscription update
ch_0010672,Paid,2026-01-04 13:22:15,191.63,aud,Subscription update
ch_0010673,Paid,2026-01-04 14:19:06,619.2,aud,Subscription update
ch_0010674,Paid,2026-01-04 15:36:20,590.89,aud,Subscription update
ch_0010675,Paid,2026-01-04 15:36:56,193.32,aud,Subscription update
ch_0010676,Paid,2026-01-04 17:03:16,358.19,aud,Subscription update
ch_0010677,Paid,2026-01-04 17:57:27,194.62,aud,Subscription update
ch_0010678,Paid,2026-01-04 19:28:48,197.13,aud,Subscription update
ch_0010679,Paid,2026-01-04 20:44:12,196.4,aud,Subscription update
ch_0010680,Paid,2026-01-05 08:03:33,195.54,aud,Subscription update
ch_0010681,Paid,2026-01-05 08:10:40,355.07,aud,Subscription update
ch_0010682,Paid,2026-01-05 11:03:05,200.99,aud,Subscription update
ch_0010683,Paid,2026-01-05 11:49:10,344.46,aud,Subscription update
ch_0010684,Paid,2026-01-05 12:23:51,358.08,aud,Subscription creation
ch_0010685,Paid,2026-01-05 13:55:46,350.69,aud,Subscription update
ch_0010686,Paid,2026-01-05 14:25:14,197.73,aud,Subscription update
ch_0010687,Paid,2026-01-05 14:48:44,1534.2,aud,Invoice payment
ch_0010688,Paid,2026-01-05 18:43:13,207.47,aud,Subscription update
ch_0010689,Paid,2026-01-05 19:27:49,601.63,aud,Subscription update
ch_0010690,Paid,2026-01-06 09:14:43,191.62,aud,Subscription update
ch_0010691,Paid,2026-01-06 09:31:07,197.37,aud,Subscription update
ch_0010692,Paid,2026-01-06 09:48:53,200.9,aud,Subscription creation
ch_0010693,Paid,2026-01-06 10:32:25,584.49,aud,Subscription update
ch_0010694,Paid,2026-01-06 10:35:57,347.71,aud,Subscription update
ch_0010695,Paid,2026-01-06 12:50:06,194.6,aud,Subscription update
ch_0010696,Paid,2026-01-06 12:52:56,196.15,aud,Subscription creation
ch_0010697,Paid,2026-01-06 16:24:40,200.17,aud,Subscription creation
ch_0010698,Paid,2026-01-06 17:15:40,193.01,aud,Subscription creation
ch_0010699,Paid,2026-01-06 17:54:11,202.62,aud,Subscription update
ch_0010700,Paid,2026-01-06 18:26:06,357.6,aud,Subscription update
ch_0010701,Paid,2026-01-07 07:12:28,200.9,aud,Subscription update
ch_0010702,Paid,2026-01-07 08:58:16,205.74,aud,Subscription update
ch_0010703,Paid,2026-01-07 09:18:21,348.78,aud,Subscription update
ch_0010704,Paid,2026-01-07 12:04:17,359.82,aud,Subscription update
ch_0010705,Paid,2026-01-07 12:22:17,200.08,aud,Subscription update
ch_0010706,Paid,2026-01-07 12:52:08,205.62,aud,Subscription update
ch_0010707,Paid,2026-01-07 13:11:05,205.39,aud,Subscription creation
ch_0010708,Paid,2026-01-07 13:15:22,201.39,aud,Subscription update
ch_0010709,Paid,2026-01-07 14:06:09,351.37,aud,Subscription update
ch_0010710,Paid,2026-01-07 17:21:26,195.2,aud,Subscription update
ch_0010711,Paid,2026-01-07 19:59:42,607.31,aud,Subscription creation
ch_0010712,Paid,2026-01-07 20:28:27,194.68,aud,Subscription update
ch_0010713,Paid,2026-01-08 06:18:30,352.3,aud,Subscription update
ch_0010714,Paid,2026-01-08 06:45:24,600.93,aud,Subscription update
ch_0010715,Paid,2026-01-08 08:51:59,348.1,aud,Subscription creation
ch_0010716,Paid,2026-01-08 11:20:47,329.72,aud,Subscription update
ch_0010717,Paid,2026-01-08 11:31:40,208.22,aud,Subscription update
ch_0010718,Paid,2026-01-08 14:07:05,345.27,aud,Subscription update
ch_0010719,Paid,2026-01-08 16:08:44,193.92,aud,Subscription update
ch_0010720,Paid,2026-01-08 16:24:08,196.4,aud,Subscription update
ch_0010721,Paid,2026-01-08 16:34:28,201.92,aud,Subscription creation
ch_0010722,Paid,2026-01-08 16:40:29,194.4,aud,Subscription update
ch_0010723,Paid,2026-01-08 19:55:14,607.63,aud,Subscription update
ch_0010724,Paid,2026-01-09 15:49:15,344.95,aud,Subscription update
ch_0010725,Paid,2026-01-09 16:22:59,196.17,aud,Subscription update
ch_0010726,Paid,2026-01-10 06:03:09,201.61,aud,Subscription update
ch_0010727,Paid,2026-01-10 07:27:46,195.58,aud,Subscription update
ch_0010728,Paid,2026-01-10 07:45:26,603.81,aud,Subscription update
ch_0010729,Paid,2026-01-10 08:44:37,196.59,aud,Subscription update
ch_0010730,Paid,2026-01-10 10:17:12,262.9,aud,IV League - Booking
ch_0010731,Paid,2026-01-10 11:31:47,350.45,aud,Subscription update
ch_0010732,Paid,2026-01-10 12:39:01,202.88,aud,Subscription update
ch_0010733,Paid,2026-01-10 13:15:28,204.73,aud,Subscription update
ch_0010734,Paid,2026-01-10 15:46:59,202.71,aud,Subscription update
ch_0010735,Paid,2026-01-11 07:16:47,206.58,aud,Subscription update
ch_0010736,Paid,2026-01-11 07:28:04,588.76,aud,Subscription update
ch_0010737,Paid,2026-01-11 10:54:29,198.63,aud,Subscription creation
ch_0010738,Paid,2026-01-11 11:52:49,357.19,aud,Subscription creation
ch_0010739,Paid,2026-01-11 12:23:47,348.86,aud,Subscription update
ch_0010740,Paid,2026-01-11 15:40:24,197.96,aud,Subscription update
ch_0010741,Paid,2026-01-12 06:38:48,222.73,aud,IV League - Booking
ch_0010742,Paid,2026-01-12 08:30:24,342.84,aud,Subscription update
ch_0010743,Paid,2026-01-12 08:45:14,201.11,aud,Subscription update
ch_0010744,Paid,2026-01-12 12:10:10,358.26,aud,Subscription creation
ch_0010745,Paid,2026-01-12 12:12:31,346.55,aud,Subscription update
ch_0010746,Paid,2026-01-12 15:28:37,601.63,aud,Subscription update
ch_0010747,Paid,2026-01-12 15:48:58,346.78,aud,Subscription update
ch_0010748,Paid,2026-01-12 16:11:31,199.93,aud,Subscription creation
ch_0010749,Paid,2026-01-12 17:17:53,203.71,aud,Subscription update
ch_0010750,Paid,2026-01-12 17:21:39,198.36,aud,Subscription creation
ch_0010751,Paid,2026-01-12 20:24:44,192.82,aud,Subscription update
ch_0010752,Paid,2026-01-13 07:42:24,610.53,aud,Subscription update
ch_0010753,Paid,2026-01-13 08:15:01,341.87,aud,Subscription creation
ch_0010754,Paid,2026-01-13 08:27:22,203.89,aud,Subscription update
ch_0010755,Paid,2026-01-13 10:15:29,603.54,aud,Subscription update
ch_0010756,Paid,2026-01-13 10:21:20,344.85,aud,Subscription update
ch_0010757,Paid,2026-01-13 10:51:58,201.68,aud,Subscription update
ch_0010758,Paid,2026-01-13 12:48:44,204.58,aud,Subscription update
ch_0010759,Paid,2026-01-13 15:22:03,191.8,aud,Subscription update
ch_0010760,Paid,2026-01-13 16:48:17,198.32,aud,Subscription creation
ch_0010761,Paid,2026-01-13 17:45:22,355.09,aud,Subscription update
ch_0010762,Paid,2026-01-13 18:38:00,356.83,aud,Subscription update
ch_0010763,Paid,2026-01-14 08:29:55,199.18,aud,Subscription update
ch_0010764,Paid,2026-01-14 11:55:04,343.73,aud,Subscription update
ch_0010765,Paid,2026-01-14 12:22:27,346.61,aud,Subscription update
ch_0010766,Paid,2026-01-14 15:11:13,193.19,aud,Subscription creation
ch_0010767,Paid,2026-01-14 15:39:44,209.6,aud,Subscription creation
ch_0010768,Paid,2026-01-14 16:46:47,209.36,aud,Subscription update
ch_0010769,Paid,2026-01-14 17:04:22,199.49,aud,Subscription update
ch_0010770,Paid,2026-01-14 18:35:54,200.5,aud,Subscription update
ch_0010771,Paid,2026-01-15 06:23:15,590.7,aud,Subscription update
ch_0010772,Paid,2026-01-15 06:51:53,345.23,aud,Subscription update
ch_0010773,Paid,2026-01-15 06:59:31,200.62,aud,Subscription update
ch_0010774,Paid,2026-01-15 07:46:15,196.85,aud,Subscription update
ch_0010775,Paid,2026-01-15 08:01:07,203.0,aud,Subscription update
ch_0010776,Paid,2026-01-15 11:51:22,202.53,aud,Subscription update
ch_0010777,Paid,2026-01-15 12:41:04,198.23,aud,Subscription creation
ch_0010778,Paid,2026-01-15 13:45:43,196.82,aud,Subscription creation
ch_0010779,Paid,2026-01-15 15:20:32,205.03,aud,Subscription update
ch_0010780,Paid,2026-01-15 15:36:07,614.4,aud,Subscription creation
ch_0010781,Paid,2026-01-15 15:37:37,593.84,aud,Subscription update
ch_0010782,Paid,2026-01-15 16:11:15,201.24,aud,Subscription update
ch_0010783,Paid,2026-01-15 17:04:04,587.96,aud,Subscription update
ch_0010784,Paid,2026-01-15 18:22:32,352.82,aud,Subscription update
ch_0010785,Paid,2026-01-15 18:42:52,204.98,aud,Subscription update
ch_0010786,Paid,2026-01-15 18:44:58,199.82,aud,Subscription update
ch_0010787,Paid,2026-01-15 18:53:37,203.64,aud,Subscription update
ch_0010788,Paid,2026-01-15 19:30:16,203.34,aud,Subscription update
ch_0010789,Paid,2026-01-15 20:06:56,364.71,aud,Subscription update
ch_0010790,Paid,2026-01-16 10:41:19,188.94,aud,Subscription update
ch_0010791,Paid,2026-01-16 12:58:07,354.35,aud,Subscription update
ch_0010792,Paid,2026-01-16 13:16:00,613.38,aud,Subscription update
ch_0010793,Paid,2026-01-16 13:31:13,201.09,aud,Subscription update
ch_0010794,Paid,2026-01-16 13:53:43,200.68,aud,Subscription update
ch_0010795,Paid,2026-01-16 14:27:01,200.22,aud,Subscription update
ch_0010796,Paid,2026-01-16 18:32:00,193.48,aud,Subscription update
ch_0010797,Paid,2026-01-16 19:17:05,616.13,aud,Subscription update
ch_0010798,Paid,2026-01-17 07:34:02,198.86,aud,Subscription creation
ch_0010799,Paid,2026-01-17 08:02:13,194.34,aud,Subscription update
ch_0010800,Paid,2026-01-17 09:29:45,200.97,aud,Subscription update
ch_0010801,Paid,2026-01-17 10:39:26,351.3,aud,Subscription creation
ch_0010802,Paid,2026-01-17 11:19:58,357.67,aud,Subscription update
ch_0010803,Paid,2026-01-17 11:21:44,203.63,aud,Subscription update
ch_0010804,Paid,2026-01-17 11:52:54,202.32,aud,Subscription update
ch_0010805,Paid,2026-01-17 12:30:40,205.4,aud,Subscription update
ch_0010806,Paid,2026-01-17 13:32:30,202.17,aud,Subscription creation
ch_0010807,Paid,2026-01-17 15:12:31,338.27,aud,Subscription update
ch_0010808,Paid,2026-01-17 19:34:56,2021.56,aud,Package initiation
ch_0010809,Paid,2026-01-18 06:42:49,197.86,aud,Subscription creation
ch_0010810,Paid,2026-01-18 08:07:01,344.51,aud,Subscription update
ch_0010811,Paid,2026-01-18 10:44:22,198.6,aud,Subscription update
ch_0010812,Paid,2026-01-18 12:45:56,601.34,aud,Subscription update
ch_0010813,Paid,2026-01-18 13:29:08,207.82,aud,Subscription update
ch_0010814,Paid,2026-01-18 14:45:08,593.1,aud,Subscription update
ch_0010815,Paid,2026-01-18 16:56:15,356.84,aud,Subscription update
ch_0010816,Paid,2026-01-19 09:13:10,198.71,aud,Subscription creation
ch_0010817,Paid,2026-01-19 10:07:14,196.4,aud,Subscription update
ch_0010818,Paid,2026-01-19 12:07:12,355.75,aud,Subscription update
ch_0010819,Paid,2026-01-19 12:19:53,357.19,aud,Subscription update
ch_0010820,Paid,2026-01-19 17:10:42,199.62,aud,Subscription update
ch_0010821,Paid,2026-01-19 17:16:17,195.15,aud,Subscription update
ch_0010822,Paid,2026-01-20 07:14:42,357.75,aud,Subscription update
ch_0010823,Paid,2026-01-20 08:18:15,586.26,aud,Subscription update
ch_0010824,Paid,2026-01-20 09:42:06,195.59,aud,Subscription creation
ch_0010825,Paid,2026-01-20 09:45:20,205.24,aud,Subscription update
ch_0010826,Paid,2026-01-20 12:06:41,200.63,aud,Subscription creation
ch_0010827,Paid,2026-01-20 12:37:19,593.71,aud,Subscription creation
ch_0010828,Paid,2026-01-20 13:21:03,607.68,aud,Subscription update
ch_0010829,Paid,2026-01-20 15:44:33,346.6,aud,Subscription update
ch_0010830,Paid,2026-01-20 16:02:13,612.7,aud,Subscription update
ch_0010831,Paid,2026-01-20 16:23:24,358.85,aud,Subscription creation
ch_0010832,Paid,2026-01-20 17:02:45,631.09,aud,Subscription update
ch_0010833,Paid,2026-01-20 19:36:42,339.42,aud,Subscription update
ch_0010834,Paid,2026-01-20 20:46:53,606.36,aud,Subscription update
ch_0010835,Paid,2026-01-21 07:20:49,598.54,aud,Subscription update
ch_0010836,Paid,2026-01-21 08:28:03,198.74,aud,Subscription update
ch_0010837,Paid,2026-01-21 11:30:43,198.16,aud,Subscription update
ch_0010838,Paid,2026-01-21 12:31:16,352.13,aud,Subscription update
ch_0010839,Paid,2026-01-21 13:53:37,197.4,aud,Subscription update
ch_0010840,Paid,2026-01-22 15:11:29,197.6,aud,Subscription update
ch_0010841,Paid,2026-01-22 16:59:23,207.19,aud,Subscription update
ch_0010842,Paid,2026-01-22 17:43:48,352.58,aud,Subscription update
ch_0010843,Paid,2026-01-22 19:13:34,342.28,aud,Subscription update
ch_0010844,Paid,2026-01-22 20:29:44,195.45,aud,Subscription update
ch_0010845,Paid,2026-01-23 07:43:38,612.61,aud,Subscription update
ch_0010846,Paid,2026-01-23 10:33:26,201.68,aud,Subscription creation
ch_0010847,Paid,2026-01-23 11:37:32,346.3,aud,Subscription update
ch_0010848,Paid,2026-01-23 15:15:35,203.76,aud,Subscription update
ch_0010849,Paid,2026-01-23 15:53:04,1460.83,aud,Package initiation
ch_0010850,Paid,2026-01-23 17:09:26,347.19,aud,Subscription update
ch_0010851,Paid,2026-01-23 19:02:13,197.76,aud,Subscription update
ch_0010852,Paid,2026-01-23 19:25:34,182.1,aud,IV League - Booking
ch_0010853,Paid,2026-01-23 19:36:12,360.62,aud,Subscription update
ch_0010854,Paid,2026-01-23 19:56:52,201.06,aud,Subscription update
ch_0010855,Paid,2026-01-23 20:39:16,339.9,aud,Subscription update
ch_0010856,Paid,2026-01-23 20:48:03,347.38,aud,Subscription update
ch_0010857,Paid,2026-01-24 06:32:46,197.01,aud,Subscription update
ch_0010858,Paid,2026-01-24 07:34:42,352.35,aud,Subscription update
ch_0010859,Paid,2026-01-24 12:38:30,197.77,aud,Subscription update
ch_0010860,Paid,2026-01-24 15:30:47,197.7,aud,Subscription update
ch_0010861,Paid,2026-01-24 15:56:03,352.1,aud,Subscription update
ch_0010862,Paid,2026-01-24 17:04:33,201.05,aud,Subscription update
ch_0010863,Paid,2026-01-24 17:20:46,584.25,aud,Subscription update
ch_0010864,Paid,2026-01-24 18:01:32,606.41,aud,Subscription update
ch_0010865,Paid,2026-01-24 19:31:24,341.23,aud,Subscription update
ch_0010866,Paid,2026-01-25 06:33:41,344.87,aud,Subscription creation
ch_0010867,Paid,2026-01-25 06:51:54,606.56,aud,Subscription update
ch_0010868,Paid,2026-01-25 10:21:32,608.78,aud,Subscription update
ch_0010869,Paid,2026-01-25 10:28:11,202.3,aud,Subscription update
ch_0010870,Paid,2026-01-25 13:17:17,192.22,aud,Subscription update
ch_0010871,Paid,2026-01-25 14:02:21,196.96,aud,Subscription update
ch_0010872,Paid,2026-01-25 15:09:01,345.91,aud,Subscription update
ch_0010873,Paid,2026-01-25 15:31:39,199.42,aud,Subscription update
ch_0010874,Paid,2026-01-26 13:45:17,347.81,aud,Subscription update
ch_0010875,Paid,2026-01-26 14:49:09,198.06,aud,Subscription update
ch_0010876,Paid,2026-01-26 14:55:49,200.98,aud,Subscription update
ch_0010877,Paid,2026-01-26 17:31:50,340.27,aud,Subscription update
ch_0010878,Paid,2026-01-26 18:23:02,199.84,aud,Subscription update
ch_0010879,Paid,2026-01-26 19:48:30,472.51,aud,Initial consultation
ch_0010880,Paid,2026-01-26 19:50:28,609.98,aud,Subscription creation
ch_0010881,Paid,2026-01-27 06:35:53,199.05,aud,Subscription creation
ch_0010882,Paid,2026-01-27 10:04:24,352.66,aud,Subscription update
ch_0010883,Paid,2026-01-27 12:55:11,601.3,aud,Subscription update
ch_0010884,Paid,2026-01-27 15:48:00,354.0,aud,Subscription update
ch_0010885,Paid,2026-01-27 15:58:31,192.65,aud,Subscription update
ch_0010886,Paid,2026-01-27 17:04:35,197.93,aud,Subscription update
ch_0010887,Paid,2026-01-27 20:15:46,196.68,aud,Subscription update
ch_0010888,Paid,2026-01-28 07:36:54,204.13,aud,Subscription update
ch_0010889,Paid,2026-01-28 09:00:32,335.54,aud,Subscription update
ch_0010890,Paid,2026-01-28 11:12:01,199.08,aud,Subscription update
ch_0010891,Paid,2026-01-28 11:15:18,199.8,aud,Subscription creation
ch_0010892,Paid,2026-01-28 12:08:09,349.44,aud,Subscription update
ch_0010893,Paid,2026-01-28 13:30:08,203.28,aud,Subscription creation
ch_0010894,Paid,2026-01-28 15:00:02,195.59,aud,Subscription update
ch_0010895,Paid,2026-01-29 06:11:10,347.34,aud,Subscription update
ch_0010896,Paid,2026-01-29 06:21:56,199.5,aud,Subscription update
ch_0010897,Paid,2026-01-29 06:32:34,201.43,aud,Subscription creation
ch_0010898,Paid,2026-01-29 08:37:24,200.75,aud,Subscription update
ch_0010899,Paid,2026-01-29 09:31:18,335.28,aud,Subscription update
ch_0010900,Paid,2026-01-29 10:44:08,347.4,aud,Subscription update
ch_0010901,Paid,2026-01-29 14:34:44,190.63,aud,Subscription update
ch_0010902,Paid,2026-01-29 16:54:31,353.86,aud,Subscription creation
ch_0010903,Paid,2026-01-29 18:36:47,203.33,aud,Subscription update
ch_0010904,Paid,2026-01-29 18:53:30,192.3,aud,Subscription update
ch_0010905,Paid,2026-01-29 19:27:39,340.69,aud,Subscription update
ch_0010906,Paid,2026-01-30 06:06:36,347.52,aud,Subscription update
ch_0010907,Paid,2026-01-30 08:39:54,201.47,aud,Subscription update
ch_0010908,Paid,2026-01-30 09:35:32,197.13,aud,Subscription update
ch_0010909,Paid,2026-01-30 09:55:47,195.8,aud,Subscription update
ch_0010910,Paid,2026-01-30 11:56:33,193.45,aud,Subscription creation
ch_0010911,Paid,2026-01-30 12:12:59,609.45,aud,Subscription update
ch_0010912,Paid,2026-01-30 12:37:54,196.2,aud,Subscription update
ch_0010913,Paid,2026-01-30 14:18:18,199.78,aud,Subscription creation
ch_0010914,Paid,2026-01-30 15:02:31,201.02,aud,Subscription update
ch_0010915,Paid,2026-01-30 15:05:57,196.96,aud,Subscription update
ch_0010916,Paid,2026-01-30 20:51:17,603.97,aud,Subscription creation
ch_0010917,Paid,2026-01-31 06:01:17,348.61,aud,Subscription update
ch_0010918,Paid,2026-01-31 06:26:39,198.71,aud,Subscription update
ch_0010919,Paid,2026-01-31 06:26:46,341.1,aud,Subscription update
ch_0010920,Paid,2026-01-31 07:17:08,194.0,aud,Subscription update
ch_0010921,Paid,2026-01-31 08:05:54,367.45,aud,Subscription update
ch_0010922,Paid,2026-01-31 08:25:02,187.79,aud,Subscription update
ch_0010923,Paid,2026-01-31 09:03:54,353.38,aud,Subscription update
ch_0010924,Paid,2026-01-31 09:49:10,199.81,aud,Subscription update
ch_0010925,Paid,2026-01-31 09:57:16,199.39,aud,Subscription update
ch_0010926,Paid,2026-01-31 11:17:54,350.68,aud,Subscription update
ch_0010927,Paid,2026-01-31 12:08:09,199.56,aud,Subscription update
ch_0010928,Paid,2026-01-31 13:29:53,194.43,aud,Subscription update
ch_0010929,Paid,2026-01-31 14:25:36,593.47,aud,Subscription update
ch_0010930,Paid,2026-01-31 14:25:45,205.54,aud,Subscription update
ch_0010931,Paid,2026-01-31 15:43:03,337.41,aud,Subscription update
ch_0010932,Paid,2026-01-31 18:25:01,355.71,aud,Subscription update
ch_0010933,Paid,2026-01-31 20:18:28,193.9,aud,Subscription update
ch_0010934,Paid,2026-01-31 20:23:25,204.37,aud,Subscription creation
ch_0010935,Paid,2026-02-01 06:13:06,200.88,aud,Subscription update
ch_0010936,Paid,2026-02-01 10:45:47,590.49,aud,Subscription update
ch_0010937,Paid,2026-02-01 11:29:10,364.83,aud,Subscription update
ch_0010938,Paid,2026-02-01 11:39:21,338.52,aud,Subscription update
ch_0010939,Paid,2026-02-01 12:02:11,194.24,aud,Subscription update
ch_0010940,Paid,2026-02-01 12:47:58,346.9,aud,Subscription update
ch_0010941,Paid,2026-02-01 13:53:49,195.43,aud,Subscription update
ch_0010942,Paid,2026-02-01 14:50:01,359.09,aud,Subscription update
ch_0010943,Paid,2026-02-01 16:40:55,345.98,aud,Subscription update
ch_0010944,Paid,2026-02-01 19:17:20,197.23,aud,Subscription update
ch_0010945,Paid,2026-02-02 06:39:43,197.04,aud,Subscription update
ch_0010946,Paid,2026-02-02 09:38:34,202.72,aud,Subscription update
ch_0010947,Paid,2026-02-02 10:17:10,355.69,aud,Subscription creation
ch_0010948,Paid,2026-02-02 10:44:24,355.32,aud,Subscription update
ch_0010949,Paid,2026-02-02 11:10:01,197.67,aud,Subscription update
ch_0010950,Paid,2026-02-02 12:59:25,347.3,aud,Subscription update
ch_0010951,Paid,2026-02-02 13:04:52,2711.29,aud,Package initiation
ch_0010952,Paid,2026-02-02 13:05:07,203.44,aud,Subscription update
ch_0010953,Paid,2026-02-02 13:50:56,206.55,aud,Subscription update
ch_0010954,Paid,2026-02-02 13:53:58,189.74,aud,Subscription update
ch_0010955,Paid,2026-02-02 14:20:42,350.09,aud,Subscription update
ch_0010956,Paid,2026-02-02 14:36:37,197.74,aud,Subscription update
ch_0010957,Paid,2026-02-02 14:47:24,2396.23,aud,Package initiation
ch_0010958,Paid,2026-02-02 14:52:54,198.93,aud,Subscription update
ch_0010959,Paid,2026-02-02 14:57:48,196.47,aud,Subscription update
ch_0010960,Paid,2026-02-02 15:25:18,192.87,aud,Subscription update
ch_0010961,Paid,2026-02-02 19:12:43,198.99,aud,Subscription update
ch_0010962,Paid,2026-02-02 20:28:48,574.14,aud,Subscription update
ch_0010963,Refunded,2026-02-02 20:41:55,349.0,aud,Subscription update
ch_0010964,Paid,2026-02-02 20:55:44,354.15,aud,Subscription update
ch_0010965,Paid,2026-02-03 07:00:00,199.76,aud,Subscription update
ch_0010966,Paid,2026-02-03 07:22:57,202.36,aud,Subscription update
ch_0010967,Paid,2026-02-03 11:13:43,198.04,aud,Subscription update
ch_0010968,Paid,2026-02-03 14:09:04,205.63,aud,Subscription update
ch_0010969,Paid,2026-02-03 15:20:56,198.42,aud,Subscription update
ch_0010970,Paid,2026-02-03 15:30:29,198.2,aud,Subscription update
ch_0010971,Paid,2026-02-03 15:57:17,603.02,aud,Subscription update
ch_0010972,Paid,2026-02-03 16:12:31,197.52,aud,Subscription update
ch_0010973,Paid,2026-02-03 16:37:02,202.58,aud,Subscription update
ch_0010974,Paid,2026-02-03 20:51:40,355.64,aud,Subscription update
ch_0010975,Paid,2026-02-04 06:21:40,198.75,aud,Subscription update
ch_0010976,Paid,2026-02-04 10:13:23,202.34,aud,Subscription update
ch_0010977,Paid,2026-02-04 18:59:32,206.87,aud,Subscription update
ch_0010978,Paid,2026-02-04 19:06:52,204.81,aud,Subscription update
ch_0010979,Paid,2026-02-05 08:15:21,595.0,aud,Subscription creation
ch_0010980,Paid,2026-02-05 08:26:32,201.68,aud,Subscription update
ch_0010981,Paid,2026-02-05 09:33:11,206.69,aud,Subscription update
ch_0010982,Paid,2026-02-05 09:46:18,339.79,aud,Subscription update
ch_0010983,Paid,2026-02-05 11:08:29,345.51,aud,Subscription update
ch_0010984,Paid,2026-02-05 11:28:02,592.33,aud,Subscription update
ch_0010985,Paid,2026-02-05 12:39:15,340.08,aud,Subscription update
ch_0010986,Paid,2026-02-05 15:11:52,346.4,aud,Subscription update
ch_0010987,Paid,2026-02-05 15:46:18,202.51,aud,Subscription update
ch_0010988,Paid,2026-02-05 19:02:17,192.98,aud,Subscription update
ch_0010989,Paid,2026-02-05 20:08:16,200.13,aud,Subscription update
ch_0010990,Paid,2026-02-05 20:43:21,198.35,aud,Subscription update
ch_0010991,Paid,2026-02-06 07:12:03,191.35,aud,Subscription update
ch_0010992,Paid,2026-02-06 11:03:06,198.87,aud,Subscription creation
ch_0010993,Paid,2026-02-06 11:57:33,594.88,aud,Subscription update
ch_0010994,Paid,2026-02-06 13:55:53,201.4,aud,Subscription update
ch_0010995,Paid,2026-02-06 13:57:08,331.91,aud,Subscription creation
ch_0010996,Paid,2026-02-06 14:13:08,348.54,aud,Subscription update
ch_0010997,Paid,2026-02-06 14:17:55,585.15,aud,Subscription update
ch_0010998,Paid,2026-02-06 16:59:13,342.83,aud,Subscription update
ch_0010999,Paid,2026-02-06 17:26:08,344.73,aud,Subscription update
ch_0011000,Paid,2026-02-06 18:04:10,197.97,aud,Subscription update
ch_0011001,Paid,2026-02-06 18:17:08,199.85,aud,Subscription update
ch_0011002,Paid,2026-02-06 18:34:49,202.94,aud,Subscription update
ch_0011003,Paid,2026-02-06 18:59:12,345.39,aud,Subscription update
ch_0011004,Paid,2026-02-06 19:03:59,196.1,aud,Subscription update
ch_0011005,Paid,2026-02-06 19:05:57,614.87,aud,Subscription update
ch_0011006,Paid,2026-02-06 19:20:26,198.45,aud,Subscription update
ch_0011007,Paid,2026-02-06 20:11:12,202.81,aud,Subscription update
ch_0011008,Paid,2026-02-07 08:04:55,202.5,aud,Subscription update
ch_0011009,Paid,2026-02-07 08:27:23,203.57,aud,Subscription update
ch_0011010,Paid,2026-02-07 11:41:53,199.5,aud,Subscription update
ch_0011011,Paid,2026-02-07 12:00:47,351.29,aud,Subscription update
ch_0011012,Paid,2026-02-07 12:21:36,584.75,aud,Subscription update
ch_0011013,Paid,2026-02-07 12:27:46,201.45,aud,Subscription update
ch_0011014,Paid,2026-02-07 12:28:21,197.65,aud,Subscription update
ch_0011015,Paid,2026-02-07 15:03:17,197.7,aud,Subscription update
ch_0011016,Paid,2026-02-07 15:48:46,201.4,aud,Subscription update
ch_0011017,Paid,2026-02-07 18:20:40,342.77,aud,Subscription creation
ch_0011018,Paid,2026-02-07 18:41:48,199.51,aud,Subscription creation
ch_0011019,Paid,2026-02-07 18:46:32,205.69,aud,Subscription creation
ch_0011020,Paid,2026-02-07 19:57:59,349.97,aud,Subscription update
ch_0011021,Paid,2026-02-07 20:25:30,189.61,aud,Subscription update
ch_0011022,Paid,2026-02-08 08:44:13,198.04,aud,Subscription update
ch_0011023,Paid,2026-02-08 10:00:36,338.11,aud,Subscription creation
ch_0011024,Paid,2026-02-08 15:04:45,201.77,aud,Subscription update
ch_0011025,Paid,2026-02-08 16:19:51,191.94,aud,Subscription update
ch_0011026,Paid,2026-02-08 18:19:52,199.34,aud,Subscription update
ch_0011027,Paid,2026-02-08 18:38:24,349.37,aud,Subscription update
ch_0011028,Paid,2026-02-08 19:45:52,200.01,aud,Subscription update
ch_0011029,Paid,2026-02-08 20:31:48,349.89,aud,Subscription creation
ch_0011030,Paid,2026-02-08 20:33:50,203.1,aud,Subscription update
ch_0011031,Paid,2026-02-09 07:38:46,353.61,aud,Subscription update
ch_0011032,Paid,2026-02-09 08:37:30,198.84,aud,Subscription creation
ch_0011033,Paid,2026-02-09 09:38:31,351.89,aud,Subscription update
ch_0011034,Paid,2026-02-09 11:15:14,197.31,aud,Subscription update
ch_0011035,Paid,2026-02-09 14:52:16,341.84,aud,Subscription creation
ch_0011036,Paid,2026-02-09 15:22:11,200.09,aud,Subscription update
ch_0011037,Paid,2026-02-09 15:52:20,201.12,aud,Subscription update
ch_0011038,Paid,2026-02-10 08:19:48,600.69,aud,Subscription update
ch_0011039,Paid,2026-02-10 16:36:09,343.55,aud,Subscription update
ch_0011040,Paid,2026-02-10 17:08:57,194.52,aud,Subscription update
ch_0011041,Paid,2026-02-10 17:49:26,342.48,aud,Subscription creation
ch_0011042,Paid,2026-02-10 19:38:33,334.57,aud,Subscription update
ch_0011043,Paid,2026-02-11 07:02:01,199.01,aud,Subscription update
ch_0011044,Paid,2026-02-11 07:06:33,355.44,aud,Subscription update
ch_0011045,Paid,2026-02-11 11:26:43,198.22,aud,Subscription update
ch_0011046,Paid,2026-02-11 12:01:58,349.91,aud,Subscription update
ch_0011047,Paid,2026-02-11 14:47:09,200.17,aud,Subscription creation
ch_0011048,Paid,2026-02-11 18:01:27,197.24,aud,Subscription update
ch_0011049,Paid,2026-02-11 18:15:48,603.96,aud,Subscription update
ch_0011050,Paid,2026-02-11 20:31:16,198.97,aud,Subscription update
ch_0011051,Paid,2026-02-11 20:34:34,200.02,aud,Subscription update
ch_0011052,Paid,2026-02-12 06:29:05,197.75,aud,Subscription update
ch_0011053,Paid,2026-02-12 09:26:52,341.87,aud,Subscription update
ch_0011054,Paid,2026-02-12 15:57:25,250.0,usd,Initial consultation
ch_0011055,Paid,2026-02-12 17:01:23,348.58,aud,Subscription creation
ch_0011056,Paid,2026-02-12 17:07:53,594.26,aud,Subscription update
ch_0011057,Paid,2026-02-12 19:24:44,341.02,aud,Subscription update
ch_0011058,Paid,2026-02-12 20:16:06,353.14,aud,Subscription update
ch_0011059,Paid,2026-02-13 07:07:00,198.23,aud,Subscription update
ch_0011060,Paid,2026-02-13 08:18:12,336.64,aud,Subscription update
ch_0011061,Paid,2026-02-13 08:33:26,196.57,aud,Subscription update
ch_0011062,Paid,2026-02-13 11:59:41,203.2,aud,Subscription update
ch_0011063,Paid,2026-02-13 13:56:35,196.23,aud,Subscription update
ch_0011064,Paid,2026-02-13 15:06:07,606.46,aud,Subscription update
ch_0011065,Paid,2026-02-13 15:25:03,358.42,aud,Subscription update
ch_0011066,Paid,2026-02-13 15:42:09,207.43,aud,Subscription update
ch_0011067,Paid,2026-02-13 16:18:20,596.16,aud,Subscription update
ch_0011068,Paid,2026-02-13 16:48:15,200.2,aud,Subscription update
ch_0011069,Paid,2026-02-13 16:52:14,590.96,aud,Subscription update
ch_0011070,Paid,2026-02-13 17:14:18,355.24,aud,Subscription update
ch_0011071,Paid,2026-02-13 17:42:41,580.92,aud,Subscription update
ch_0011072,Paid,2026-02-13 20:23:55,349.3,aud,Subscription update
ch_0011073,Paid,2026-02-14 07:06:11,611.2,aud,Subscription update
ch_0011074,Paid,2026-02-14 09:11:58,345.99,aud,Subscription update
ch_0011075,Paid,2026-02-14 09:17:54,198.02,aud,Subscription update
ch_0011076,Paid,2026-02-14 10:32:46,196.0,aud,Subscription update
ch_0011077,Paid,2026-02-14 11:32:19,202.36,aud,Subscription update
ch_0011078,Paid,2026-02-14 13:37:07,198.7,aud,Subscription creation
ch_0011079,Paid,2026-02-14 14:14:11,197.9,aud,Subscription creation
ch_0011080,Paid,2026-02-14 16:05:54,347.21,aud,Subscription update
ch_0011081,Paid,2026-02-14 19:36:10,198.2,aud,Subscription update
ch_0011082,Paid,2026-02-15 08:05:57,343.48,aud,Subscription update
ch_0011083,Paid,2026-02-15 08:55:17,973.13,aud,Longevity panel
ch_0011084,Paid,2026-02-15 09:41:58,352.83,aud,Subscription update
ch_0011085,Paid,2026-02-15 10:13:50,197.22,aud,Subscription update
ch_0011086,Paid,2026-02-15 10:15:43,201.17,aud,Subscription update
ch_0011087,Paid,2026-02-15 12:19:06,194.53,aud,Subscription update
ch_0011088,Paid,2026-02-15 13:17:46,195.12,aud,Subscription update
ch_0011089,Paid,2026-02-15 15:02:20,349.34,aud,Subscription update
ch_0011090,Paid,2026-02-15 16:01:34,206.89,aud,Subscription update
ch_0011091,Paid,2026-02-15 17:52:46,198.66,aud,Subscription update
ch_0011092,Paid,2026-02-15 17:59:17,195.0,aud,Subscription update
ch_0011093,Paid,2026-02-16 09:14:25,359.08,aud,Subscription update
ch_0011094,Paid,2026-02-16 09:29:03,193.36,aud,Subscription update
ch_0011095,Paid,2026-02-16 11:35:32,198.43,aud,Subscription update
ch_0011096,Paid,2026-02-16 11:38:40,206.05,aud,Subscription update
ch_0011097,Paid,2026-02-16 12:27:48,196.73,aud,Subscription update
ch_0011098,Paid,2026-02-16 13:47:56,201.37,aud,Subscription update
ch_0011099,Paid,2026-02-16 14:11:16,342.05,aud,Subscription update
ch_0011100,Paid,2026-02-16 16:00:16,347.72,aud,Subscription update
ch_0011101,Paid,2026-02-16 18:11:34,354.11,aud,Subscription update
ch_0011102,Paid,2026-02-16 19:10:53,201.01,aud,Subscription update
ch_0011103,Paid,2026-02-16 20:55:42,356.0,aud,Subscription update
ch_0011104,Paid,2026-02-17 08:53:07,344.47,aud,Subscription update
ch_0011105,Paid,2026-02-17 09:51:59,197.54,aud,Subscription creation
ch_0011106,Paid,2026-02-17 10:59:30,345.43,aud,Subscription update
ch_0011107,Paid,2026-02-17 11:06:31,196.61,aud,Subscription update
ch_0011108,Paid,2026-02-17 12:21:14,199.52,aud,Subscription creation
ch_0011109,Paid,2026-02-17 14:45:05,354.05,aud,Subscription update
ch_0011110,Paid,2026-02-17 17:39:23,203.15,aud,Subscription update
ch_0011111,Paid,2026-02-17 17:55:34,343.77,aud,Subscription update
ch_0011112,Paid,2026-02-17 17:58:18,195.26,aud,Subscription update
ch_0011113,Paid,2026-02-17 20:24:06,339.92,aud,Subscription creation
ch_0011114,Paid,2026-02-18 06:25:23,329.75,aud,Subscription update
ch_0011115,Paid,2026-02-18 07:18:10,199.61,aud,Subscription creation
ch_0011116,Paid,2026-02-18 09:02:50,348.08,aud,Subscription update
ch_0011117,Paid,2026-02-18 09:23:15,198.88,aud,Subscription update
ch_0011118,Paid,2026-02-18 09:56:45,195.47,aud,Subscription update
ch_0011119,Paid,2026-02-18 10:33:21,198.0,aud,Subscription update
ch_0011120,Paid,2026-02-18 11:26:36,592.56,aud,Subscription update
ch_0011121,Paid,2026-02-18 12:15:36,206.71,aud,Subscription update
ch_0011122,Paid,2026-02-18 12:25:06,204.04,aud,Subscription update
ch_0011123,Paid,2026-02-18 12:59:35,352.36,aud,Subscription update
ch_0011124,Paid,2026-02-18 13:44:22,338.9,aud,Subscription update
ch_0011125,Paid,2026-02-18 15:31:24,341.35,aud,Subscription update
ch_0011126,Paid,2026-02-18 15:50:14,348.98,aud,Subscription update
ch_0011127,Paid,2026-02-18 17:06:57,182.57,aud,IV League - Booking
ch_0011128,Paid,2026-02-19 10:07:14,345.22,aud,Subscription update
ch_0011129,Paid,2026-02-19 10:57:28,204.81,aud,Subscription update
ch_0011130,Paid,2026-02-19 13:37:34,201.32,aud,Subscription update
ch_0011131,Paid,2026-02-19 14:05:09,336.67,aud,Subscription update
ch_0011132,Paid,2026-02-19 15:02:58,200.47,aud,Subscription update
ch_0011133,Paid,2026-02-19 19:38:10,588.98,aud,Subscription creation
ch_0011134,Paid,2026-02-19 20:13:21,200.74,aud,Subscription update
ch_0011135,Paid,2026-02-19 20:18:51,196.52,aud,Subscription update
ch_0011136,Paid,2026-02-20 06:02:33,200.55,aud,Subscription update
ch_0011137,Paid,2026-02-20 07:49:01,204.39,aud,Subscription update
ch_0011138,Paid,2026-02-20 08:05:23,203.99,aud,Subscription update
ch_0011139,Paid,2026-02-20 09:33:13,195.31,aud,Subscription update
ch_0011140,Paid,2026-02-20 10:35:40,203.86,aud,Subscription update
ch_0011141,Paid,2026-02-20 13:03:28,352.05,aud,Subscription update
ch_0011142,Paid,2026-02-20 13:27:27,350.65,aud,Subscription update
ch_0011143,Paid,2026-02-20 14:19:27,346.73,aud,Subscription update
ch_0011144,Paid,2026-02-20 14:43:00,354.84,aud,Subscription update
ch_0011145,Paid,2026-02-20 15:53:05,201.09,aud,Subscription update
ch_0011146,Paid,2026-02-20 19:20:17,347.07,aud,Subscription update
ch_0011147,Paid,2026-02-20 20:22:52,347.95,aud,Subscription update
ch_0011148,Paid,2026-02-20 20:28:45,201.28,aud,Subscription update
ch_0011149,Paid,2026-02-21 06:07:06,205.66,aud,Subscription creation
ch_0011150,Paid,2026-02-21 08:29:38,606.98,aud,Subscription update
ch_0011151,Paid,2026-02-21 10:49:32,343.23,aud,Subscription update
ch_0011152,Paid,2026-02-21 17:28:56,358.07,aud,Subscription update
ch_0011153,Paid,2026-02-21 17:40:44,354.98,aud,Subscription update
ch_0011154,Paid,2026-02-21 17:47:11,191.58,aud,Subscription update
ch_0011155,Paid,2026-02-21 18:08:43,205.5,aud,Subscription update
ch_0011156,Paid,2026-02-21 19:20:13,355.15,aud,Subscription update
ch_0011157,Paid,2026-02-21 19:47:18,197.45,aud,Subscription update
ch_0011158,Paid,2026-02-21 20:47:04,202.9,aud,Subscription update
ch_0011159,Paid,2026-02-22 07:15:50,193.38,aud,Subscription update
ch_0011160,Paid,2026-02-22 07:26:10,352.69,aud,Subscription update
ch_0011161,Paid,2026-02-22 07:56:26,617.14,aud,Subscription creation
ch_0011162,Paid,2026-02-22 09:49:56,585.56,aud,Subscription creation
ch_0011163,Paid,2026-02-22 11:46:23,204.09,aud,Subscription update
ch_0011164,Paid,2026-02-22 12:26:19,198.08,aud,Subscription update
ch_0011165,Paid,2026-02-22 13:21:51,193.49,aud,Subscription creation
ch_0011166,Paid,2026-02-22 13:39:19,200.07,aud,Subscription update
ch_0011167,Paid,2026-02-22 16:00:42,200.46,aud,Subscription update
ch_0011168,Paid,2026-02-22 18:38:05,193.93,aud,Subscription update
ch_0011169,Paid,2026-02-23 06:49:27,208.09,aud,Subscription update
ch_0011170,Paid,2026-02-23 08:46:58,606.12,aud,Subscription update
ch_0011171,Paid,2026-02-23 08:54:39,206.36,aud,Subscription update
ch_0011172,Paid,2026-02-23 09:15:17,595.84,aud,Subscription update
ch_0011173,Paid,2026-02-23 12:34:04,199.49,aud,Subscription update
ch_0011174,Paid,2026-02-23 12:42:19,196.14,aud,Subscription update
ch_0011175,Paid,2026-02-23 13:45:04,358.35,aud,Subscription update
ch_0011176,Paid,2026-02-23 14:38:24,347.65,aud,Subscription update
ch_0011177,Paid,2026-02-23 16:28:18,588.94,aud,Subscription update
ch_0011178,Paid,2026-02-23 17:57:52,190.46,aud,Subscription update
ch_0011179,Paid,2026-02-23 18:10:35,342.61,aud,Subscription update
ch_0011180,Paid,2026-02-23 18:34:16,605.55,aud,Subscription update
ch_0011181,Paid,2026-02-23 19:45:40,611.67,aud,Subscription update
ch_0011182,Paid,2026-02-24 13:01:22,188.39,aud,Subscription update
ch_0011183,Paid,2026-02-24 14:36:39,196.23,aud,Subscription update
ch_0011184,Paid,2026-02-24 16:39:56,200.53,aud,Subscription update
ch_0011185,Paid,2026-02-24 16:50:51,196.18,aud,Subscription update
ch_0011186,Paid,2026-02-24 17:42:35,194.19,aud,Subscription update
ch_0011187,Paid,2026-02-24 19:12:16,344.51,aud,Subscription update
ch_0011188,Paid,2026-02-24 19:19:06,363.59,aud,Subscription update
ch_0011189,Paid,2026-02-24 20:32:31,589.63,aud,Subscription update
ch_0011190,Paid,2026-02-25 07:26:29,207.02,aud,Subscription update
ch_0011191,Paid,2026-02-25 09:41:18,557.91,aud,Invoice payment
ch_0011192,Paid,2026-02-25 10:35:45,203.16,aud,Subscription update
ch_0011193,Paid,2026-02-25 11:48:53,200.61,aud,Subscription update
ch_0011194,Paid,2026-02-25 12:19:26,192.77,aud,Subscription update
ch_0011195,Paid,2026-02-25 12:41:25,197.86,aud,Subscription update
ch_0011196,Paid,2026-02-25 12:46:49,598.62,aud,Subscription update
ch_0011197,Paid,2026-02-25 15:13:46,190.68,aud,Subscription creation
ch_0011198,Paid,2026-02-25 19:52:37,624.3,aud,Subscription update
ch_0011199,Paid,2026-02-26 10:23:43,575.59,aud,Subscription update
ch_0011200,Paid,2026-02-26 10:35:56,354.12,aud,Subscription update
ch_0011201,Paid,2026-02-26 10:52:13,352.02,aud,Subscription update
ch_0011202,Paid,2026-02-26 12:02:16,200.17,aud,Subscription update
ch_0011203,Paid,2026-02-26 13:05:15,198.49,aud,Subscription update
ch_0011204,Paid,2026-02-26 14:25:53,358.89,aud,Subscription update
ch_0011205,Paid,2026-02-26 15:41:52,199.48,aud,Subscription creation
ch_0011206,Paid,2026-02-26 18:01:35,337.06,aud,Subscription creation
ch_0011207,Paid,2026-02-26 19:26:55,198.07,aud,Subscription update
ch_0011208,Paid,2026-02-27 06:08:51,610.18,aud,Subscription update
ch_0011209,Failed,2026-02-27 07:50:28,349.0,aud,Subscription update
ch_0011210,Paid,2026-02-27 08:03:34,356.04,aud,Subscription update
ch_0011211,Paid,2026-02-27 08:22:03,603.53,aud,Subscription update
ch_0011212,Paid,2026-02-27 08:39:42,196.92,aud,Subscription update
ch_0011213,Paid,2026-02-27 09:10:39,198.86,aud,Subscription update
ch_0011214,Paid,2026-02-27 10:57:28,196.37,aud,Subscription update
ch_0011215,Paid,2026-02-27 12:07:15,194.41,aud,Subscription update
ch_0011216,Paid,2026-02-27 12:49:16,197.72,aud,Subscription update
ch_0011217,Paid,2026-02-27 14:55:35,345.84,aud,Subscription update
ch_0011218,Paid,2026-02-27 15:13:04,195.88,aud,Subscription update
ch_0011219,Paid,2026-02-27 20:53:54,198.3,aud,Subscription update
ch_0011220,Paid,2026-02-28 06:47:26,356.2,aud,Subscription update
ch_0011221,Paid,2026-02-28 07:28:13,197.71,aud,Subscription update
ch_0011222,Paid,2026-02-28 09:52:26,357.08,aud,Subscription update
ch_0011223,Paid,2026-02-28 10:33:01,338.53,aud,Subscription update
ch_0011224,Paid,2026-02-28 11:35:29,201.27,aud,Subscription update
ch_0011225,Paid,2026-02-28 12:29:46,351.44,aud,Subscription update
ch_0011226,Paid,2026-02-28 16:16:49,197.99,aud,Subscription creation
ch_0011227,Paid,2026-02-28 20:59:49,347.42,aud,Subscription update
ch_0011228,Paid,2026-03-01 06:16:42,195.11,aud,Subscription update
ch_0011229,Paid,2026-03-01 08:47:43,296.74,aud,IV League - Booking
ch_0011230,Paid,2026-03-01 10:34:00,196.72,aud,Subscription update
ch_0011231,Paid,2026-03-01 14:10:53,203.2,aud,Subscription update
ch_0011232,Paid,2026-03-01 17:28:47,205.98,aud,Subscription update
ch_0011233,Paid,2026-03-01 17:34:22,200.23,aud,Subscription update
ch_0011234,Paid,2026-03-01 18:57:11,591.27,aud,Subscription creation
ch_0011235,Paid,2026-03-02 06:30:31,191.98,aud,Subscription update
ch_0011236,Paid,2026-03-02 06:47:11,592.92,aud,Subscription update
ch_0011237,Paid,2026-03-02 06:50:38,348.33,aud,Subscription update
ch_0011238,Paid,2026-03-02 07:30:27,198.23,aud,Subscription update
ch_0011239,Paid,2026-03-02 08:48:04,348.11,aud,Subscription update
ch_0011240,Paid,2026-03-02 08:50:15,194.72,aud,Subscription update
ch_0011241,Paid,2026-03-02 10:13:44,605.83,aud,Subscription update
ch_0011242,Paid,2026-03-02 10:46:32,339.32,aud,Subscription update
ch_0011243,Paid,2026-03-02 12:10:49,348.3,aud,Subscription update
ch_0011244,Paid,2026-03-02 13:00:02,199.7,aud,Subscription update
ch_0011245,Paid,2026-03-02 15:14:26,346.45,aud,Subscription update
ch_0011246,Paid,2026-03-02 18:40:47,362.5,aud,Subscription update
ch_0011247,Paid,2026-03-02 18:41:25,596.76,aud,Subscription update
ch_0011248,Paid,2026-03-03 09:49:57,198.86,aud,Subscription update
ch_0011249,Paid,2026-03-03 12:26:33,198.39,aud,Subscription update
ch_0011250,Paid,2026-03-03 17:06:25,345.58,aud,Subscription update
ch_0011251,Paid,2026-03-03 19:44:14,352.88,aud,Subscription update
ch_0011252,Paid,2026-03-03 20:00:59,594.14,aud,Subscription update
ch_0011253,Paid,2026-03-04 06:44:13,200.22,aud,Subscription update
ch_0011254,Paid,2026-03-04 07:44:32,198.32,aud,Subscription update
ch_0011255,Paid,2026-03-04 09:28:33,350.23,aud,Subscription update
ch_0011256,Paid,2026-03-04 11:57:31,359.15,aud,Subscription creation
ch_0011257,Paid,2026-03-04 13:37:56,596.58,aud,Subscription update
ch_0011258,Paid,2026-03-04 14:34:26,353.86,aud,Subscription update
ch_0011259,Paid,2026-03-04 17:03:12,201.18,aud,Subscription creation
ch_0011260,Paid,2026-03-04 19:17:04,335.1,aud,Subscription update
ch_0011261,Paid,2026-03-05 10:02:10,190.16,aud,Subscription update
ch_0011262,Paid,2026-03-05 10:19:57,366.73,aud,Subscription update
ch_0011263,Paid,2026-03-05 11:13:08,202.93,aud,Subscription update
ch_0011264,Paid,2026-03-05 12:40:19,200.76,aud,Subscription creation
ch_0011265,Paid,2026-03-05 16:27:27,202.68,aud,Subscription update
ch_0011266,Paid,2026-03-05 19:18:29,203.88,aud,Subscription update
ch_0011267,Paid,2026-03-05 20:17:26,614.33,aud,Subscription update
ch_0011268,Paid,2026-03-06 12:45:49,624.39,aud,Subscription update
ch_0011269,Paid,2026-03-06 12:57:25,602.8,aud,Subscription update
ch_0011270,Paid,2026-03-06 15:50:44,195.28,aud,Subscription update
ch_0011271,Paid,2026-03-06 16:22:14,201.27,aud,Subscription update
ch_0011272,Paid,2026-03-06 16:33:21,192.23,aud,Subscription update
ch_0011273,Paid,2026-03-06 16:41:05,199.36,aud,Subscription update
ch_0011274,Paid,2026-03-06 17:06:13,198.0,aud,Subscription update
ch_0011275,Paid,2026-03-06 20:04:04,346.09,aud,Subscription update
ch_0011276,Paid,2026-03-06 20:04:08,191.26,aud,Subscription update
ch_0011277,Paid,2026-03-06 20:07:56,340.58,aud,Subscription update
ch_0011278,Paid,2026-03-07 07:11:33,198.36,aud,Subscription creation
ch_0011279,Paid,2026-03-07 08:51:35,195.9,aud,Subscription update
ch_0011280,Paid,2026-03-07 08:53:40,600.25,aud,Subscription update
ch_0011281,Paid,2026-03-07 09:53:34,342.95,aud,Subscription update
ch_0011282,Paid,2026-03-07 12:54:38,196.76,aud,Subscription update
ch_0011283,Paid,2026-03-07 14:02:17,204.39,aud,Subscription update
ch_0011284,Paid,2026-03-07 15:45:16,197.26,aud,Subscription update
ch_0011285,Paid,2026-03-07 17:03:13,192.53,aud,Subscription update
ch_0011286,Paid,2026-03-07 19:48:33,355.13,aud,Subscription update
ch_0011287,Paid,2026-03-08 06:36:21,204.51,aud,Subscription update
ch_0011288,Paid,2026-03-08 06:47:00,201.29,aud,Subscription creation
ch_0011289,Paid,2026-03-08 08:29:26,197.01,aud,Subscription update
ch_0011290,Paid,2026-03-08 09:31:58,179.59,aud,IV League - Booking
ch_0011291,Paid,2026-03-08 09:44:42,197.68,aud,Subscription update
ch_0011292,Paid,2026-03-08 13:26:27,197.5,aud,Subscription update
ch_0011293,Paid,2026-03-08 15:11:13,344.84,aud,Subscription creation
ch_0011294,Paid,2026-03-08 15:46:37,206.34,aud,Subscription creation
ch_0011295,Paid,2026-03-08 17:04:09,200.92,aud,Subscription update
ch_0011296,Paid,2026-03-09 07:10:34,347.07,aud,Subscription update
ch_0011297,Paid,2026-03-09 07:36:28,192.05,aud,Subscription update
ch_0011298,Paid,2026-03-09 09:06:22,194.55,aud,Subscription update
ch_0011299,Paid,2026-03-09 12:13:46,592.68,aud,Subscription update
ch_0011300,Paid,2026-03-09 14:07:50,601.57,aud,Subscription update
ch_0011301,Paid,2026-03-09 15:55:19,358.55,aud,Subscription update
ch_0011302,Paid,2026-03-09 18:34:33,194.39,aud,Subscription update
ch_0011303,Paid,2026-03-09 19:10:29,195.07,aud,Subscription update
ch_0011304,Paid,2026-03-09 19:24:05,342.69,aud,Subscription update
ch_0011305,Paid,2026-03-09 20:29:24,351.84,aud,Subscription update
ch_0011306,Paid,2026-03-09 20:39:38,360.25,aud,Subscription update
ch_0011307,Paid,2026-03-09 20:48:05,340.9,aud,Subscription update
ch_0011308,Paid,2026-03-10 10:58:16,351.21,aud,Subscription update
ch_0011309,Paid,2026-03-10 12:21:28,351.23,aud,Subscription update
ch_0011310,Paid,2026-03-10 13:44:49,197.85,aud,Subscription update
ch_0011311,Paid,2026-03-10 16:43:44,194.08,aud,Subscription update
ch_0011312,Paid,2026-03-10 17:01:04,205.38,aud,Subscription update
ch_0011313,Paid,2026-03-10 19:16:23,574.4,aud,Subscription update
ch_0011314,Paid,2026-03-10 20:03:59,203.27,aud,Subscription update
ch_0011315,Paid,2026-03-11 09:44:59,197.28,aud,Subscription update
ch_0011316,Paid,2026-03-11 09:46:14,357.26,aud,Subscription update
ch_0011317,Paid,2026-03-11 09:52:56,344.66,aud,Subscription update
ch_0011318,Paid,2026-03-11 11:51:40,343.58,aud,Subscription update
ch_0011319,Paid,2026-03-11 13:42:08,198.74,aud,Subscription update
ch_0011320,Paid,2026-03-11 14:40:01,335.18,aud,Subscription creation
ch_0011321,Paid,2026-03-11 16:24:39,356.18,aud,Subscription update
ch_0011322,Paid,2026-03-11 17:35:37,330.81,aud,Subscription creation
ch_0011323,Paid,2026-03-11 18:14:01,196.48,aud,Subscription update
ch_0011324,Paid,2026-03-11 19:00:39,202.05,aud,Subscription update
ch_0011325,Paid,2026-03-11 19:24:05,597.06,aud,Subscription update
ch_0011326,Paid,2026-03-11 19:26:56,202.34,aud,Subscription update
ch_0011327,Paid,2026-03-12 08:48:20,342.33,aud,Subscription update
ch_0011328,Paid,2026-03-12 09:20:01,353.53,aud,Subscription update
ch_0011329,Paid,2026-03-12 10:49:31,593.83,aud,Subscription update
ch_0011330,Paid,2026-03-12 11:18:06,197.68,aud,Subscription update
ch_0011331,Paid,2026-03-12 19:02:01,350.92,aud,Subscription update
ch_0011332,Paid,2026-03-12 19:24:53,196.05,aud,Subscription update
ch_0011333,Paid,2026-03-12 19:34:05,200.82,aud,Subscription update
ch_0011334,Paid,2026-03-12 20:25:35,203.43,aud,Subscription update
ch_0011335,Paid,2026-03-13 07:00:41,250.0,usd,Initial consultation
ch_0011336,Paid,2026-03-13 09:02:29,198.36,aud,Subscription update
ch_0011337,Paid,2026-03-13 09:06:09,603.48,aud,Subscription update
ch_0011338,Paid,2026-03-13 10:11:23,354.9,aud,Subscription update
ch_0011339,Paid,2026-03-13 11:26:31,349.64,aud,Subscription update
ch_0011340,Paid,2026-03-13 14:28:07,197.7,aud,Subscription update
ch_0011341,Paid,2026-03-13 14:32:55,201.57,aud,Subscription update
ch_0011342,Paid,2026-03-13 14:48:37,197.42,aud,Subscription update
ch_0011343,Paid,2026-03-13 16:29:13,196.6,aud,Subscription update
ch_0011344,Paid,2026-03-13 18:32:23,200.31,aud,Subscription update
ch_0011345,Paid,2026-03-14 08:16:02,354.66,aud,Subscription update
ch_0011346,Paid,2026-03-14 09:29:40,349.67,aud,Subscription update
ch_0011347,Paid,2026-03-14 11:03:57,203.21,aud,Subscription update
ch_0011348,Paid,2026-03-14 11:50:23,348.38,aud,Subscription update
ch_0011349,Paid,2026-03-14 12:10:50,204.86,aud,Subscription update
ch_0011350,Paid,2026-03-14 12:58:23,197.77,aud,Subscription update
ch_0011351,Paid,2026-03-14 13:37:52,597.19,aud,Subscription update
ch_0011352,Paid,2026-03-14 14:22:03,198.61,aud,Subscription update
ch_0011353,Paid,2026-03-14 15:05:09,352.66,aud,Subscription update
ch_0011354,Paid,2026-03-14 18:01:53,199.75,aud,Subscription update
ch_0011355,Paid,2026-03-15 08:01:50,195.17,aud,Subscription update
ch_0011356,Paid,2026-03-15 10:07:07,198.83,aud,Subscription update
ch_0011357,Paid,2026-03-15 14:45:58,587.72,aud,Subscription update
ch_0011358,Paid,2026-03-15 14:51:59,611.68,aud,Subscription update
ch_0011359,Paid,2026-03-15 15:19:14,205.38,aud,Subscription update
ch_0011360,Paid,2026-03-15 15:41:48,194.84,aud,Subscription update
ch_0011361,Paid,2026-03-15 18:53:15,203.68,aud,Subscription update
ch_0011362,Paid,2026-03-15 19:13:05,351.87,aud,Subscription update
ch_0011363,Paid,2026-03-15 19:21:57,342.31,aud,Subscription update
ch_0011364,Paid,2026-03-15 20:47:16,597.73,aud,Subscription update
ch_0011365,Paid,2026-03-16 06:02:19,199.68,aud,Subscription update
ch_0011366,Paid,2026-03-16 06:40:59,198.12,aud,Subscription update
ch_0011367,Paid,2026-03-16 09:27:32,352.2,aud,Subscription creation
ch_0011368,Paid,2026-03-16 12:12:46,337.31,aud,Subscription update
ch_0011369,Paid,2026-03-16 12:12:56,347.61,aud,Subscription update
ch_0011370,Paid,2026-03-16 15:59:16,201.45,aud,Subscription update
ch_0011371,Paid,2026-03-16 17:07:53,201.74,aud,Subscription update
ch_0011372,Paid,2026-03-16 18:23:43,358.93,aud,Subscription update
ch_0011373,Paid,2026-03-16 18:24:46,345.19,aud,Subscription update
ch_0011374,Paid,2026-03-16 19:18:30,195.08,aud,Subscription update
ch_0011375,Paid,2026-03-16 19:29:41,197.58,aud,Subscription update
ch_0011376,Paid,2026-03-17 07:33:25,208.25,aud,Subscription update
ch_0011377,Paid,2026-03-17 10:07:18,201.1,aud,Subscription update
ch_0011378,Paid,2026-03-17 11:51:34,197.05,aud,Subscription update
ch_0011379,Paid,2026-03-17 16:13:27,347.84,aud,Subscription update
ch_0011380,Paid,2026-03-17 16:15:03,201.88,aud,Subscription update
ch_0011381,Paid,2026-03-17 16:50:31,349.35,aud,Subscription creation
ch_0011382,Refunded,2026-03-17 18:37:48,349.0,aud,Subscription update
ch_0011383,Paid,2026-03-17 20:10:12,350.61,aud,Subscription update
ch_0011384,Paid,2026-03-17 20:17:02,335.18,aud,Subscription update
ch_0011385,Paid,2026-03-18 10:31:07,199.6,aud,Subscription update
ch_0011386,Paid,2026-03-18 11:02:55,351.82,aud,Subscription update
ch_0011387,Paid,2026-03-18 13:55:40,192.18,aud,Subscription update
ch_0011388,Paid,2026-03-18 17:46:45,425.65,aud,Initial consultation
ch_0011389,Paid,2026-03-18 17:48:40,196.28,aud,Subscription update
ch_0011390,Paid,2026-03-18 18:36:13,195.74,aud,Subscription update
ch_0011391,Paid,2026-03-18 18:59:10,195.26,aud,Subscription update
ch_0011392,Paid,2026-03-18 20:07:47,604.67,aud,Subscription update
ch_0011393,Paid,2026-03-19 06:00:57,342.57,aud,Subscription update
ch_0011394,Paid,2026-03-19 08:18:00,177.11,aud,IV League - Booking
ch_0011395,Paid,2026-03-19 08:30:38,348.93,aud,Subscription creation
ch_0011396,Paid,2026-03-19 10:32:30,357.75,aud,Subscription update
ch_0011397,Paid,2026-03-19 10:55:14,345.59,aud,Subscription update
ch_0011398,Paid,2026-03-19 14:32:20,203.05,aud,Subscription creation
ch_0011399,Paid,2026-03-19 15:17:39,360.34,aud,Subscription update
ch_0011400,Paid,2026-03-19 16:23:11,202.85,aud,Subscription update
ch_0011401,Paid,2026-03-19 18:37:53,196.97,aud,Subscription update
ch_0011402,Paid,2026-03-20 08:41:09,199.48,aud,Subscription update
ch_0011403,Paid,2026-03-20 11:51:45,354.0,aud,Subscription update
ch_0011404,Paid,2026-03-20 11:54:24,197.29,aud,Subscription update
ch_0011405,Paid,2026-03-20 15:01:53,191.66,aud,Subscription update
ch_0011406,Paid,2026-03-20 18:19:16,201.98,aud,Subscription update
ch_0011407,Paid,2026-03-20 19:04:38,616.29,aud,Subscription update
ch_0011408,Paid,2026-03-21 07:53:31,361.72,aud,Subscription update
ch_0011409,Paid,2026-03-21 08:04:37,201.7,aud,Subscription creation
ch_0011410,Paid,2026-03-21 11:07:59,198.74,aud,Subscription update
ch_0011411,Paid,2026-03-21 15:08:45,351.59,aud,Subscription update
ch_0011412,Paid,2026-03-21 15:09:21,198.91,aud,Subscription update
ch_0011413,Paid,2026-03-21 16:17:53,609.85,aud,Subscription creation
ch_0011414,Paid,2026-03-21 17:04:54,594.43,aud,Subscription creation
ch_0011415,Paid,2026-03-21 17:33:59,202.84,aud,Subscription update
ch_0011416,Paid,2026-03-21 18:01:05,350.28,aud,Subscription update
ch_0011417,Paid,2026-03-21 18:40:30,353.8,aud,Subscription update
ch_0011418,Paid,2026-03-21 19:31:17,198.37,aud,Subscription update
ch_0011419,Paid,2026-03-22 06:47:16,197.14,aud,Subscription update
ch_0011420,Paid,2026-03-22 07:10:26,203.59,aud,Subscription update
ch_0011421,Paid,2026-03-22 07:20:44,597.09,aud,Subscription update
ch_0011422,Paid,2026-03-22 10:04:56,349.32,aud,Subscription update
ch_0011423,Paid,2026-03-22 11:24:51,353.18,aud,Subscription update
ch_0011424,Paid,2026-03-22 12:09:20,198.64,aud,Subscription update
ch_0011425,Paid,2026-03-22 13:06:55,202.87,aud,Subscription update
ch_0011426,Paid,2026-03-22 13:07:26,196.48,aud,Subscription update
ch_0011427,Paid,2026-03-22 14:41:39,195.46,aud,Subscription update
ch_0011428,Paid,2026-03-22 17:32:47,580.68,aud,Subscription update
ch_0011429,Paid,2026-03-22 18:51:32,623.27,aud,Subscription update
ch_0011430,Paid,2026-03-22 19:16:38,204.56,aud,Subscription update
ch_0011431,Paid,2026-03-22 19:47:30,604.98,aud,Subscription update
ch_0011432,Paid,2026-03-22 20:30:02,194.75,aud,Subscription creation
ch_0011433,Paid,2026-03-23 06:17:20,593.31,aud,Subscription update
ch_0011434,Paid,2026-03-23 10:06:16,205.12,aud,Subscription update
ch_0011435,Paid,2026-03-23 10:41:04,593.54,aud,Subscription update
ch_0011436,Paid,2026-03-23 16:35:37,199.51,aud,Subscription update
ch_0011437,Paid,2026-03-23 17:03:03,204.14,aud,Subscription update
ch_0011438,Paid,2026-03-23 17:49:38,349.58,aud,Subscription update
ch_0011439,Paid,2026-03-24 06:12:38,195.61,aud,Subscription update
ch_0011440,Paid,2026-03-24 06:42:17,171.49,aud,IV League - Booking
ch_0011441,Paid,2026-03-24 08:07:50,605.36,aud,Subscription creation
ch_0011442,Paid,2026-03-24 08:36:37,204.2,aud,Subscription update
ch_0011443,Paid,2026-03-24 09:03:24,2423.23,aud,Package initiation
ch_0011444,Paid,2026-03-24 12:10:58,198.0,aud,Subscription creation
ch_0011445,Paid,2026-03-24 18:51:25,190.36,aud,Subscription update
ch_0011446,Paid,2026-03-24 19:30:43,600.9,aud,Subscription creation
ch_0011447,Paid,2026-03-24 19:30:48,358.73,aud,Subscription update
ch_0011448,Paid,2026-03-25 08:11:44,341.0,aud,Subscription creation
ch_0011449,Paid,2026-03-25 08:16:16,348.91,aud,Subscription update
ch_0011450,Paid,2026-03-25 08:41:43,346.4,aud,Subscription update
ch_0011451,Paid,2026-03-25 09:04:31,201.21,aud,Subscription update
ch_0011452,Paid,2026-03-25 10:38:51,201.8,aud,Subscription creation
ch_0011453,Paid,2026-03-25 13:07:35,203.58,aud,Subscription update
ch_0011454,Paid,2026-03-25 13:32:22,192.42,aud,Subscription update
ch_0011455,Paid,2026-03-25 14:04:42,198.49,aud,Subscription update
ch_0011456,Paid,2026-03-25 16:05:59,353.72,aud,Subscription update
ch_0011457,Paid,2026-03-25 16:13:23,197.46,aud,Subscription update
ch_0011458,Paid,2026-03-25 17:16:32,348.76,aud,Subscription update
ch_0011459,Paid,2026-03-25 20:12:01,199.05,aud,Subscription update
ch_0011460,Paid,2026-03-25 20:15:36,200.8,aud,Subscription update
ch_0011461,Paid,2026-03-26 07:36:53,201.97,aud,Subscription update
ch_0011462,Paid,2026-03-26 09:20:50,195.76,aud,Subscription update
ch_0011463,Paid,2026-03-26 11:14:21,352.12,aud,Subscription update
ch_0011464,Paid,2026-03-26 11:24:38,195.44,aud,Subscription update
ch_0011465,Paid,2026-03-26 11:29:08,191.46,aud,IV League - Booking
ch_0011466,Paid,2026-03-26 11:54:11,364.6,aud,Subscription update
ch_0011467,Paid,2026-03-26 12:11:09,199.04,aud,Subscription update
ch_0011468,Paid,2026-03-26 13:00:37,196.35,aud,Subscription update
ch_0011469,Paid,2026-03-26 14:55:02,336.89,aud,Subscription update
ch_0011470,Paid,2026-03-26 16:05:32,202.6,aud,Subscription update
ch_0011471,Paid,2026-03-26 18:51:48,191.91,aud,Subscription creation
ch_0011472,Paid,2026-03-26 19:44:34,202.7,aud,Subscription update
ch_0011473,Paid,2026-03-26 19:57:59,347.61,aud,Subscription update
ch_0011474,Paid,2026-03-26 20:09:36,347.46,aud,Subscription update
ch_0011475,Paid,2026-03-26 20:33:25,590.59,aud,Subscription update
ch_0011476,Paid,2026-03-26 20:34:02,202.48,aud,Subscription update
ch_0011477,Paid,2026-03-27 08:43:01,191.68,aud,Subscription update
ch_0011478,Paid,2026-03-27 09:50:19,194.48,aud,Subscription creation
ch_0011479,Paid,2026-03-27 11:06:03,586.87,aud,Subscription update
ch_0011480,Paid,2026-03-27 11:25:52,192.61,aud,Subscription update
ch_0011481,Paid,2026-03-27 13:47:45,356.29,aud,Subscription update
ch_0011482,Paid,2026-03-27 15:23:33,352.04,aud,Subscription update
ch_0011483,Paid,2026-03-27 15:40:59,347.48,aud,Subscription update
ch_0011484,Paid,2026-03-27 16:06:58,347.09,aud,Subscription creation
ch_0011485,Paid,2026-03-27 19:43:44,346.65,aud,Subscription update
ch_0011486,Paid,2026-03-28 08:00:48,206.63,aud,Subscription update
ch_0011487,Paid,2026-03-28 16:23:59,573.82,aud,Subscription update
ch_0011488,Paid,2026-03-28 16:43:46,611.62,aud,Subscription update
ch_0011489,Paid,2026-03-28 20:16:36,205.06,aud,Subscription update
ch_0011490,Paid,2026-03-28 20:32:09,195.31,aud,Subscription update
ch_0011491,Paid,2026-03-29 06:08:37,201.64,aud,Subscription creation
ch_0011492,Paid,2026-03-29 08:29:45,581.4,aud,Subscription update
ch_0011493,Paid,2026-03-29 10:01:42,199.0,aud,Subscription update
ch_0011494,Paid,2026-03-29 11:28:04,194.92,aud,Subscription update
ch_0011495,Paid,2026-03-29 11:44:07,347.58,aud,Subscription update
ch_0011496,Paid,2026-03-29 11:56:23,348.28,aud,Subscription update
ch_0011497,Paid,2026-03-29 16:15:07,593.32,aud,Subscription creation
ch_0011498,Paid,2026-03-29 18:53:59,613.88,aud,Subscription update
ch_0011499,Paid,2026-03-30 09:01:52,202.9,aud,Subscription update
ch_0011500,Paid,2026-03-30 10:56:21,194.85,aud,Subscription update
ch_0011501,Paid,2026-03-30 12:11:45,199.3,aud,Subscription update
ch_0011502,Paid,2026-03-30 13:25:06,347.08,aud,Subscription update
ch_0011503,Paid,2026-03-30 18:58:20,354.6,aud,Subscription update
ch_0011504,Paid,2026-03-31 08:12:56,203.19,aud,Subscription update
ch_0011505,Paid,2026-03-31 11:09:29,345.97,aud,Subscription update
ch_0011506,Paid,2026-03-31 13:38:09,202.61,aud,Subscription update
ch_0011507,Paid,2026-03-31 14:07:49,586.06,aud,Subscription update
ch_0011508,Paid,2026-03-31 14:26:53,1576.35,aud,Package initiation
ch_0011509,Paid,2026-03-31 14:29:06,347.64,aud,Subscription update
ch_0011510,Paid,2026-03-31 15:12:36,611.26,aud,Subscription update
ch_0011511,Paid,2026-03-31 15:42:49,611.16,aud,Subscription update
ch_0011512,Paid,2026-03-31 16:29:59,340.49,aud,Subscription update
ch_0011513,Paid,2026-03-31 18:16:39,340.94,aud,Subscription creation
ch_0011514,Paid,2026-03-31 18:49:42,191.17,aud,Subscription update
ch_0011515,Paid,2026-04-01 08:08:39,204.48,aud,Subscription update
ch_0011516,Paid,2026-04-01 08:19:38,203.68,aud,Subscription update
ch_0011517,Paid,2026-04-01 08:48:27,342.31,aud,Subscription update
ch_0011518,Paid,2026-04-01 08:56:40,354.19,aud,Subscription update
ch_0011519,Paid,2026-04-01 10:06:39,197.62,aud,Subscription update
ch_0011520,Paid,2026-04-01 10:13:46,197.98,aud,Subscription update
ch_0011521,Paid,2026-04-01 10:29:57,342.39,aud,Subscription update
ch_0011522,Paid,2026-04-01 10:53:26,587.89,aud,Subscription creation
ch_0011523,Paid,2026-04-01 10:54:14,198.33,aud,Subscription update
ch_0011524,Paid,2026-04-01 12:05:52,195.22,aud,Subscription creation
ch_0011525,Paid,2026-04-01 13:34:31,348.22,aud,Subscription update
ch_0011526,Paid,2026-04-01 14:35:23,198.42,aud,Subscription update
ch_0011527,Paid,2026-04-01 19:04:46,199.77,aud,Subscription update
ch_0011528,Paid,2026-04-01 19:05:16,201.3,aud,Subscription update
ch_0011529,Paid,2026-04-01 20:41:48,201.44,aud,Subscription creation
ch_0011530,Paid,2026-04-02 06:15:21,373.25,aud,Subscription update
ch_0011531,Paid,2026-04-02 06:30:16,343.24,aud,Subscription update
ch_0011532,Paid,2026-04-02 06:53:03,201.5,aud,Subscription update
ch_0011533,Paid,2026-04-02 11:19:32,607.51,aud,Subscription creation
ch_0011534,Paid,2026-04-02 12:43:10,192.17,aud,Subscription update
ch_0011535,Paid,2026-04-02 19:08:32,591.19,aud,Subscription update
ch_0011536,Paid,2026-04-02 19:18:01,195.99,aud,Subscription update
ch_0011537,Paid,2026-04-03 07:01:27,193.82,aud,Subscription creation
ch_0011538,Paid,2026-04-03 08:57:58,350.08,aud,Subscription update
ch_0011539,Paid,2026-04-03 12:48:53,200.49,aud,Subscription update
ch_0011540,Paid,2026-04-03 15:11:05,603.79,aud,Subscription update
ch_0011541,Paid,2026-04-03 15:38:43,191.71,aud,Subscription update
ch_0011542,Paid,2026-04-03 19:30:52,577.9,aud,Subscription update
ch_0011543,Paid,2026-04-03 19:35:57,349.3,aud,Subscription update
ch_0011544,Paid,2026-04-03 20:45:35,198.1,aud,Subscription update
ch_0011545,Paid,2026-04-04 09:18:52,347.95,aud,Subscription update
ch_0011546,Paid,2026-04-04 10:14:37,191.75,aud,Subscription update
ch_0011547,Paid,2026-04-04 10:33:38,202.76,aud,Subscription update
ch_0011548,Paid,2026-04-04 13:39:57,610.72,aud,Subscription update
ch_0011549,Paid,2026-04-04 15:14:58,205.97,aud,Subscription update
ch_0011550,Paid,2026-04-04 15:31:23,618.37,aud,Longevity panel
ch_0011551,Paid,2026-04-04 16:50:09,335.54,aud,Subscription creation
ch_0011552,Paid,2026-04-04 19:40:29,360.64,aud,Subscription update
ch_0011553,Paid,2026-04-04 20:07:07,181.93,aud,IV League - Booking
ch_0011554,Paid,2026-04-05 07:49:00,1829.61,aud,Package initiation
ch_0011555,Paid,2026-04-05 12:04:49,208.34,aud,Subscription update
ch_0011556,Paid,2026-04-05 12:15:45,197.55,aud,Subscription update
ch_0011557,Paid,2026-04-06 06:34:28,198.96,aud,Subscription update
ch_0011558,Paid,2026-04-06 07:05:26,193.53,aud,Subscription update
ch_0011559,Paid,2026-04-06 08:33:04,359.27,aud,Subscription creation
ch_0011560,Paid,2026-04-06 13:48:45,593.99,aud,Subscription update
ch_0011561,Paid,2026-04-06 14:40:07,197.92,aud,Subscription update
ch_0011562,Paid,2026-04-06 15:15:24,606.18,aud,Subscription update
ch_0011563,Paid,2026-04-06 15:33:52,341.71,aud,Subscription update
ch_0011564,Paid,2026-04-06 18:31:55,343.16,aud,Subscription update
ch_0011565,Paid,2026-04-06 19:10:18,197.68,aud,Subscription update
ch_0011566,Paid,2026-04-07 07:57:47,338.6,aud,Subscription creation
ch_0011567,Paid,2026-04-07 10:18:15,204.36,aud,Subscription creation
ch_0011568,Paid,2026-04-07 11:51:29,606.71,aud,Subscription update
ch_0011569,Paid,2026-04-07 14:51:19,598.1,aud,Subscription update
ch_0011570,Paid,2026-04-07 17:01:00,2020.57,aud,Package initiation
ch_0011571,Paid,2026-04-07 19:09:26,199.53,aud,Subscription update
ch_0011572,Paid,2026-04-07 19:37:37,196.12,aud,Subscription update
ch_0011573,Paid,2026-04-07 20:30:39,193.98,aud,Subscription update
ch_0011574,Paid,2026-04-07 20:45:13,595.55,aud,Subscription update
ch_0011575,Paid,2026-04-08 07:42:45,342.23,aud,Subscription update
ch_0011576,Paid,2026-04-08 11:22:48,335.73,aud,Subscription update
ch_0011577,Paid,2026-04-08 11:22:55,200.93,aud,Subscription update
ch_0011578,Paid,2026-04-08 12:33:00,328.07,aud,Subscription update
ch_0011579,Paid,2026-04-08 16:09:52,346.37,aud,Subscription update
ch_0011580,Paid,2026-04-08 17:28:44,201.11,aud,Subscription creation
ch_0011581,Paid,2026-04-08 18:52:13,197.63,aud,Subscription update
ch_0011582,Paid,2026-04-08 19:37:07,352.41,aud,Subscription creation
ch_0011583,Paid,2026-04-09 07:14:43,341.77,aud,Subscription update
ch_0011584,Paid,2026-04-09 07:53:01,341.2,aud,Subscription update
ch_0011585,Paid,2026-04-09 08:24:41,338.24,aud,Subscription update
ch_0011586,Paid,2026-04-09 09:43:39,197.87,aud,Subscription update
ch_0011587,Paid,2026-04-09 12:26:04,344.63,aud,Subscription update
ch_0011588,Paid,2026-04-09 17:09:45,203.46,aud,Subscription update
ch_0011589,Paid,2026-04-09 18:43:48,202.66,aud,Subscription update
ch_0011590,Paid,2026-04-10 06:09:18,348.57,aud,Subscription update
ch_0011591,Paid,2026-04-10 08:30:47,199.95,aud,Subscription update
ch_0011592,Paid,2026-04-10 08:37:46,1533.26,aud,Package initiation
ch_0011593,Paid,2026-04-10 11:30:10,350.71,aud,Subscription update
ch_0011594,Paid,2026-04-10 13:32:43,601.34,aud,Subscription update
ch_0011595,Paid,2026-04-10 15:13:17,352.34,aud,Subscription update
ch_0011596,Paid,2026-04-10 16:17:38,197.29,aud,Subscription update
ch_0011597,Paid,2026-04-10 16:17:43,346.35,aud,Subscription update
ch_0011598,Paid,2026-04-10 19:15:14,199.14,aud,Subscription update
ch_0011599,Paid,2026-04-11 07:06:56,353.37,aud,Subscription update
ch_0011600,Paid,2026-04-11 07:44:31,192.19,aud,Subscription update
ch_0011601,Paid,2026-04-11 11:09:39,200.14,aud,Subscription update
ch_0011602,Paid,2026-04-11 14:12:32,370.71,aud,Subscription creation
ch_0011603,Paid,2026-04-11 14:23:50,195.5,aud,Subscription update
ch_0011604,Paid,2026-04-11 14:28:07,200.6,aud,Subscription update
ch_0011605,Paid,2026-04-11 16:03:17,206.39,aud,Subscription update
ch_0011606,Paid,2026-04-11 18:21:05,195.01,aud,Subscription update
ch_0011607,Paid,2026-04-12 06:20:23,196.94,aud,Subscription update
ch_0011608,Paid,2026-04-12 06:21:19,612.78,aud,Subscription update
ch_0011609,Paid,2026-04-12 07:05:16,352.19,aud,Subscription update
ch_0011610,Paid,2026-04-12 08:59:21,204.86,aud,Subscription update
ch_0011611,Paid,2026-04-12 10:15:34,335.54,aud,Subscription update
ch_0011612,Paid,2026-04-12 10:28:28,354.73,aud,Subscription update
ch_0011613,Paid,2026-04-12 13:13:01,607.77,aud,Subscription update
ch_0011614,Paid,2026-04-12 15:17:15,200.02,aud,Subscription creation
ch_0011615,Paid,2026-04-12 16:37:44,349.87,aud,Subscription update
ch_0011616,Paid,2026-04-12 17:23:51,340.38,aud,Subscription update
ch_0011617,Paid,2026-04-12 18:20:57,195.73,aud,Subscription creation
ch_0011618,Paid,2026-04-12 20:09:00,604.39,aud,Subscription creation
ch_0011619,Paid,2026-04-13 08:59:10,616.67,aud,Subscription update
ch_0011620,Paid,2026-04-13 09:16:10,591.42,aud,Subscription creation
ch_0011621,Paid,2026-04-13 13:43:45,347.1,aud,Subscription update
ch_0011622,Paid,2026-04-13 14:17:59,1065.26,aud,Longevity panel
ch_0011623,Paid,2026-04-13 15:24:39,347.67,aud,Subscription creation
ch_0011624,Paid,2026-04-13 16:13:52,623.84,aud,Subscription update
ch_0011625,Paid,2026-04-13 16:18:30,340.02,aud,Subscription update
ch_0011626,Paid,2026-04-13 16:21:50,347.45,aud,Subscription update
ch_0011627,Paid,2026-04-13 19:35:03,202.31,aud,Subscription creation
ch_0011628,Paid,2026-04-14 06:10:17,200.1,aud,Subscription creation
ch_0011629,Paid,2026-04-14 07:48:00,365.62,aud,Subscription creation
ch_0011630,Paid,2026-04-14 09:43:49,611.2,aud,Subscription update
ch_0011631,Paid,2026-04-14 10:46:23,351.6,aud,Subscription update
ch_0011632,Paid,2026-04-14 11:00:55,201.27,aud,Subscription update
ch_0011633,Paid,2026-04-14 11:13:43,201.44,aud,Subscription update
ch_0011634,Paid,2026-04-14 12:38:32,198.87,aud,Subscription update
ch_0011635,Paid,2026-04-14 14:12:24,605.15,aud,Subscription creation
ch_0011636,Paid,2026-04-14 14:22:42,588.81,aud,Subscription update
ch_0011637,Paid,2026-04-14 15:39:33,346.4,aud,Subscription update
ch_0011638,Paid,2026-04-14 16:07:13,190.93,aud,Subscription update
ch_0011639,Paid,2026-04-14 19:54:09,209.96,aud,Subscription creation
ch_0011640,Paid,2026-04-14 20:19:49,355.83,aud,Subscription update
ch_0011641,Paid,2026-04-14 20:33:36,195.97,aud,Subscription update
ch_0011642,Paid,2026-04-15 07:21:03,605.17,aud,Subscription update
ch_0011643,Paid,2026-04-15 08:27:03,202.93,aud,Subscription update
ch_0011644,Paid,2026-04-15 08:56:24,198.78,aud,Subscription update
ch_0011645,Paid,2026-04-15 09:44:03,337.79,aud,Subscription update
ch_0011646,Paid,2026-04-15 09:45:55,207.29,aud,Subscription creation
ch_0011647,Paid,2026-04-15 10:07:45,202.59,aud,Subscription update
ch_0011648,Paid,2026-04-15 11:51:30,200.87,aud,Subscription update
ch_0011649,Paid,2026-04-15 14:24:50,204.36,aud,Subscription update
ch_0011650,Paid,2026-04-15 17:01:10,601.46,aud,Subscription update
ch_0011651,Paid,2026-04-15 18:45:48,579.97,aud,Subscription update
ch_0011652,Paid,2026-04-15 20:04:05,202.52,aud,Subscription update
ch_0011653,Paid,2026-04-16 09:28:04,347.06,aud,Subscription update
ch_0011654,Paid,2026-04-16 11:53:26,198.73,aud,Subscription creation
ch_0011655,Paid,2026-04-16 15:47:58,615.51,aud,Subscription update
ch_0011656,Paid,2026-04-16 16:56:02,348.03,aud,Subscription update
ch_0011657,Paid,2026-04-16 17:36:57,349.75,aud,Subscription update
ch_0011658,Paid,2026-04-16 19:21:58,592.57,aud,Subscription update
ch_0011659,Paid,2026-04-16 20:25:03,195.14,aud,Subscription update
ch_0011660,Paid,2026-04-16 20:33:47,199.62,aud,Subscription update
ch_0011661,Paid,2026-04-16 20:57:59,238.73,aud,IV League - Booking
ch_0011662,Paid,2026-04-17 07:07:00,195.21,aud,Subscription update
ch_0011663,Paid,2026-04-17 09:27:42,196.58,aud,Subscription update
ch_0011664,Paid,2026-04-17 12:49:03,198.08,aud,Subscription update
ch_0011665,Paid,2026-04-17 13:11:11,346.95,aud,Subscription update
ch_0011666,Paid,2026-04-17 13:49:56,345.62,aud,Subscription update
ch_0011667,Paid,2026-04-17 15:37:09,198.95,aud,Subscription update
ch_0011668,Paid,2026-04-17 15:43:02,198.79,aud,Subscription update
ch_0011669,Paid,2026-04-17 18:26:29,318.05,aud,Invoice payment
ch_0011670,Paid,2026-04-17 18:53:52,191.37,aud,Subscription update
ch_0011671,Paid,2026-04-18 06:33:26,200.77,aud,Subscription update
ch_0011672,Paid,2026-04-18 08:53:21,359.71,aud,Subscription update
ch_0011673,Paid,2026-04-18 09:42:47,354.5,aud,Subscription update
ch_0011674,Paid,2026-04-18 11:41:35,193.18,aud,Subscription update
ch_0011675,Paid,2026-04-18 14:41:07,204.27,aud,Subscription update
ch_0011676,Paid,2026-04-18 16:46:27,342.69,aud,Subscription update
ch_0011677,Paid,2026-04-18 18:47:43,350.92,aud,Subscription update
ch_0011678,Paid,2026-04-18 19:17:36,346.09,aud,Subscription update
ch_0011679,Paid,2026-04-18 19:45:32,197.14,aud,Subscription update
ch_0011680,Paid,2026-04-18 19:59:57,592.45,aud,Subscription update
ch_0011681,Paid,2026-04-19 07:04:30,208.76,aud,Subscription update
ch_0011682,Paid,2026-04-19 09:37:36,192.31,aud,Subscription update
ch_0011683,Paid,2026-04-19 10:06:57,2398.82,aud,Package initiation
ch_0011684,Paid,2026-04-19 13:34:09,590.36,aud,Subscription update
ch_0011685,Paid,2026-04-19 14:56:30,199.9,aud,Subscription update
ch_0011686,Paid,2026-04-19 15:32:27,360.02,aud,Subscription update
ch_0011687,Paid,2026-04-19 16:41:44,199.01,aud,Subscription update
ch_0011688,Paid,2026-04-19 19:21:38,201.6,aud,Subscription update
ch_0011689,Paid,2026-04-19 20:35:51,347.9,aud,Subscription update
ch_0011690,Paid,2026-04-20 07:18:57,196.81,aud,Subscription creation
ch_0011691,Paid,2026-04-20 08:18:44,344.37,aud,Subscription update
ch_0011692,Paid,2026-04-20 08:43:46,339.68,aud,Subscription update
ch_0011693,Paid,2026-04-20 11:45:13,198.66,aud,Subscription update
ch_0011694,Paid,2026-04-20 12:27:44,356.66,aud,Subscription update
ch_0011695,Paid,2026-04-20 13:31:50,195.39,aud,Subscription update
ch_0011696,Paid,2026-04-20 13:35:33,576.77,aud,Subscription update
ch_0011697,Paid,2026-04-20 18:37:53,338.08,aud,Subscription update
ch_0011698,Paid,2026-04-20 19:14:42,354.53,aud,Subscription update
ch_0011699,Paid,2026-04-21 07:55:51,198.12,aud,Subscription update
ch_0011700,Paid,2026-04-21 08:57:48,358.41,aud,Subscription update
ch_0011701,Paid,2026-04-21 09:05:40,348.94,aud,Subscription update
ch_0011702,Paid,2026-04-21 09:19:50,194.58,aud,Subscription update
ch_0011703,Paid,2026-04-21 10:07:41,630.47,aud,Subscription update
ch_0011704,Paid,2026-04-21 11:11:05,199.31,aud,Subscription update
ch_0011705,Paid,2026-04-21 11:44:08,343.2,aud,Subscription creation
ch_0011706,Paid,2026-04-21 12:59:20,346.36,aud,Subscription update
ch_0011707,Paid,2026-04-21 14:54:04,194.01,aud,Subscription update
ch_0011708,Paid,2026-04-21 15:33:25,601.76,aud,Subscription update
ch_0011709,Paid,2026-04-21 16:15:13,594.26,aud,Subscription update
ch_0011710,Paid,2026-04-21 18:37:43,199.42,aud,Subscription update
ch_0011711,Paid,2026-04-21 18:50:25,614.29,aud,Subscription update
ch_0011712,Paid,2026-04-21 19:09:45,596.57,aud,Subscription update
ch_0011713,Paid,2026-04-21 19:14:22,203.75,aud,Subscription update
ch_0011714,Paid,2026-04-21 19:58:26,337.22,aud,Subscription update
ch_0011715,Paid,2026-04-22 07:12:38,593.63,aud,Subscription update
ch_0011716,Paid,2026-04-22 07:49:12,197.38,aud,Subscription creation
ch_0011717,Paid,2026-04-22 10:07:44,193.42,aud,Subscription update
ch_0011718,Paid,2026-04-22 11:06:09,354.03,aud,Subscription update
ch_0011719,Paid,2026-04-22 11:30:57,202.15,aud,Subscription update
ch_0011720,Paid,2026-04-22 13:40:55,348.82,aud,Subscription update
ch_0011721,Paid,2026-04-22 20:14:46,339.63,aud,Subscription creation
ch_0011722,Paid,2026-04-22 20:42:03,602.81,aud,Subscription update
ch_0011723,Paid,2026-04-23 06:09:11,598.53,aud,Subscription update
ch_0011724,Paid,2026-04-23 08:24:42,350.65,aud,Subscription update
ch_0011725,Paid,2026-04-23 09:01:13,361.75,aud,Subscription update
ch_0011726,Paid,2026-04-23 10:57:18,599.15,aud,Subscription update
ch_0011727,Paid,2026-04-23 13:38:59,602.67,aud,Subscription creation
ch_0011728,Paid,2026-04-23 15:18:44,199.59,aud,Subscription creation
ch_0011729,Paid,2026-04-23 18:40:45,349.31,aud,Subscription update
ch_0011730,Paid,2026-04-23 20:15:34,203.69,aud,Subscription update
ch_0011731,Paid,2026-04-24 08:17:44,352.05,aud,Subscription update
ch_0011732,Paid,2026-04-24 18:17:38,196.74,aud,Subscription update
ch_0011733,Paid,2026-04-24 18:41:34,197.8,aud,Subscription update
ch_0011734,Paid,2026-04-25 08:08:33,349.6,aud,Subscription update
ch_0011735,Paid,2026-04-25 09:34:37,200.23,aud,Subscription update
ch_0011736,Paid,2026-04-25 10:53:54,199.49,aud,Subscription update
ch_0011737,Paid,2026-04-25 11:03:49,338.46,aud,Subscription update
ch_0011738,Paid,2026-04-25 11:44:43,198.12,aud,Subscription update
ch_0011739,Paid,2026-04-25 13:39:09,204.44,aud,Subscription update
ch_0011740,Paid,2026-04-25 16:40:45,199.27,aud,Subscription update
ch_0011741,Paid,2026-04-25 17:27:18,352.64,aud,IV League - Booking
ch_0011742,Paid,2026-04-25 19:33:41,202.46,aud,Subscription update
ch_0011743,Paid,2026-04-25 20:11:10,193.56,aud,Subscription update
ch_0011744,Paid,2026-04-26 06:12:44,346.04,aud,Subscription update
ch_0011745,Paid,2026-04-26 09:17:27,204.15,aud,Subscription update
ch_0011746,Paid,2026-04-26 09:34:46,207.48,aud,Subscription update
ch_0011747,Paid,2026-04-26 10:48:44,345.95,aud,Subscription update
ch_0011748,Paid,2026-04-26 13:08:18,193.73,aud,Subscription update
ch_0011749,Paid,2026-04-26 13:17:17,349.71,aud,Subscription update
ch_0011750,Paid,2026-04-26 17:34:20,197.29,aud,Subscription update
ch_0011751,Paid,2026-04-26 19:40:52,346.29,aud,Subscription update
ch_0011752,Paid,2026-04-26 20:04:59,350.56,aud,Subscription update
ch_0011753,Paid,2026-04-26 20:28:11,342.89,aud,Subscription update
ch_0011754,Paid,2026-04-27 07:46:10,193.05,aud,Subscription update
ch_0011755,Paid,2026-04-27 08:38:16,597.41,aud,Subscription update
ch_0011756,Paid,2026-04-27 11:51:40,587.79,aud,Subscription update
ch_0011757,Paid,2026-04-27 13:45:04,197.98,aud,Subscription update
ch_0011758,Paid,2026-04-27 15:07:34,196.83,aud,Subscription update
ch_0011759,Paid,2026-04-27 16:41:09,200.67,aud,Subscription update
ch_0011760,Paid,2026-04-27 16:49:18,592.95,aud,Subscription update
ch_0011761,Paid,2026-04-27 17:46:49,201.66,aud,Subscription update
ch_0011762,Paid,2026-04-27 18:46:31,340.2,aud,Subscription update
ch_0011763,Paid,2026-04-27 19:50:41,203.29,aud,Subscription update
ch_0011764,Paid,2026-04-28 11:37:03,350.6,aud,Subscription update
ch_0011765,Paid,2026-04-28 11:57:03,203.12,aud,Subscription update
ch_0011766,Paid,2026-04-28 12:41:28,201.88,aud,Subscription update
ch_0011767,Paid,2026-04-28 13:18:44,203.95,aud,Subscription update
ch_0011768,Paid,2026-04-28 15:28:10,583.97,aud,Subscription update
ch_0011769,Paid,2026-04-28 15:51:39,347.24,aud,Subscription update
ch_0011770,Paid,2026-04-28 16:10:34,191.68,aud,Subscription update
ch_0011771,Paid,2026-04-28 16:11:04,349.12,aud,Subscription update
ch_0011772,Paid,2026-04-28 17:59:18,583.01,aud,Subscription update
ch_0011773,Paid,2026-04-28 18:06:50,201.65,aud,Subscription creation
ch_0011774,Paid,2026-04-28 20:25:44,198.5,aud,Subscription update
ch_0011775,Paid,2026-04-28 20:26:30,195.89,aud,Subscription update
ch_0011776,Paid,2026-04-28 20:45:35,204.54,aud,Subscription update
ch_0011777,Paid,2026-04-29 07:22:37,197.12,aud,Subscription creation
ch_0011778,Paid,2026-04-29 09:48:50,199.59,aud,Subscription update
ch_0011779,Paid,2026-04-29 10:37:31,585.24,aud,Subscription update
ch_0011780,Paid,2026-04-29 11:13:39,207.01,aud,Subscription update
ch_0011781,Paid,2026-04-29 13:30:49,352.16,aud,Subscription update
ch_0011782,Paid,2026-04-29 14:46:09,202.24,aud,Subscription update
ch_0011783,Paid,2026-04-29 15:30:51,361.59,aud,Subscription update
ch_0011784,Paid,2026-04-29 18:35:08,594.72,aud,Subscription update
ch_0011785,Paid,2026-04-29 20:18:36,596.4,aud,Subscription update
ch_0011786,Paid,2026-04-29 20:22:15,193.85,aud,Subscription update
ch_0011787,Paid,2026-04-30 07:24:49,350.39,aud,Subscription update
ch_0011788,Paid,2026-04-30 08:42:55,196.87,aud,Subscription creation
ch_0011789,Paid,2026-04-30 11:00:52,194.27,aud,Subscription update
ch_0011790,Paid,2026-04-30 11:16:20,192.66,aud,Subscription update
ch_0011791,Paid,2026-04-30 11:41:49,346.72,aud,Subscription update
ch_0011792,Paid,2026-04-30 14:23:27,199.6,aud,Subscription update
ch_0011793,Paid,2026-04-30 18:19:39,336.38,aud,Subscription creation
ch_0011794,Paid,2026-04-30 18:34:16,196.76,aud,Subscription update
ch_0011795,Paid,2026-04-30 18:57:36,357.41,aud,Subscription update
ch_0011796,Paid,2026-04-30 20:54:16,206.15,aud,Subscription update
ch_0011797,Paid,2026-05-01 07:49:53,358.31,aud,Subscription update
ch_0011798,Paid,2026-05-01 08:21:36,201.56,aud,Subscription update
ch_0011799,Paid,2026-05-01 09:02:03,201.32,aud,Subscription update
ch_0011800,Paid,2026-05-01 09:16:11,194.08,aud,Subscription update
ch_0011801,Paid,2026-05-01 09:17:26,203.97,aud,Subscription creation
ch_0011802,Paid,2026-05-01 09:53:45,193.3,aud,Subscription update
ch_0011803,Paid,2026-05-01 11:00:07,193.84,aud,Subscription update
ch_0011804,Paid,2026-05-01 17:00:04,590.61,aud,Subscription creation
ch_0011805,Paid,2026-05-01 17:51:11,598.08,aud,Subscription creation
ch_0011806,Paid,2026-05-01 18:21:09,198.5,aud,Subscription update
ch_0011807,Paid,2026-05-01 20:46:10,198.03,aud,Subscription update
ch_0011808,Paid,2026-05-02 06:26:32,190.73,aud,Subscription update
ch_0011809,Paid,2026-05-02 08:26:29,198.5,aud,Subscription update
ch_0011810,Paid,2026-05-02 08:41:18,197.06,aud,Subscription update
ch_0011811,Paid,2026-05-02 09:41:40,585.15,aud,Subscription update
ch_0011812,Paid,2026-05-02 09:45:12,589.24,aud,Subscription update
ch_0011813,Paid,2026-05-02 12:14:16,243.48,aud,IV League - Booking
ch_0011814,Paid,2026-05-02 15:12:54,593.38,aud,Subscription update
ch_0011815,Paid,2026-05-03 07:08:57,198.38,aud,Subscription update
ch_0011816,Paid,2026-05-03 09:01:54,336.66,aud,Subscription update
ch_0011817,Paid,2026-05-03 09:02:02,347.35,aud,Subscription update
ch_0011818,Paid,2026-05-03 09:14:24,360.91,aud,Subscription update
ch_0011819,Paid,2026-05-03 15:16:04,203.24,aud,Subscription update
ch_0011820,Paid,2026-05-03 16:50:06,192.8,aud,Subscription update
ch_0011821,Paid,2026-05-04 06:56:53,203.47,aud,Subscription update
ch_0011822,Paid,2026-05-04 08:07:49,361.66,aud,Subscription update
ch_0011823,Paid,2026-05-04 09:05:11,350.48,aud,Subscription update
ch_0011824,Paid,2026-05-04 10:40:05,191.24,aud,Subscription creation
ch_0011825,Paid,2026-05-04 10:57:35,191.21,aud,IV League - Booking
ch_0011826,Paid,2026-05-04 11:07:32,356.86,aud,Subscription update
ch_0011827,Paid,2026-05-04 11:32:20,592.8,aud,Subscription update
ch_0011828,Paid,2026-05-04 12:25:55,352.84,aud,Subscription update
ch_0011829,Paid,2026-05-04 17:42:28,350.06,aud,Subscription update
ch_0011830,Paid,2026-05-04 19:54:13,197.18,aud,Subscription update
ch_0011831,Paid,2026-05-05 06:05:15,607.68,aud,Subscription update
ch_0011832,Paid,2026-05-05 09:50:49,3208.22,aud,Package initiation
ch_0011833,Paid,2026-05-05 14:00:08,196.78,aud,Subscription update
ch_0011834,Paid,2026-05-05 14:26:56,201.16,aud,Subscription update
ch_0011835,Paid,2026-05-05 17:51:34,194.39,aud,Subscription update
ch_0011836,Paid,2026-05-05 18:18:59,595.92,aud,Subscription update
ch_0011837,Paid,2026-05-05 19:08:38,201.95,aud,Subscription update
ch_0011838,Paid,2026-05-06 06:28:25,349.54,aud,Subscription update
ch_0011839,Paid,2026-05-06 07:01:00,193.99,aud,Subscription update
ch_0011840,Paid,2026-05-06 07:46:31,202.54,aud,Subscription update
ch_0011841,Paid,2026-05-06 11:02:13,326.69,aud,IV League - Booking
ch_0011842,Paid,2026-05-06 12:18:55,601.63,aud,Subscription update
ch_0011843,Paid,2026-05-06 14:10:27,201.8,aud,Subscription update
ch_0011844,Paid,2026-05-06 15:40:29,201.32,aud,Subscription update
ch_0011845,Paid,2026-05-06 15:51:47,600.65,aud,Subscription creation
ch_0011846,Paid,2026-05-06 16:22:13,590.66,aud,Subscription update
ch_0011847,Paid,2026-05-06 18:41:30,356.23,aud,Subscription update
ch_0011848,Paid,2026-05-06 19:50:11,349.89,aud,Subscription creation
ch_0011849,Paid,2026-05-06 19:56:26,195.98,aud,Subscription update
ch_0011850,Paid,2026-05-06 20:18:20,342.0,aud,Subscription update
ch_0011851,Paid,2026-05-07 12:32:41,604.65,aud,Subscription update
ch_0011852,Paid,2026-05-07 12:45:32,340.14,aud,Subscription update
ch_0011853,Paid,2026-05-07 16:00:06,197.66,aud,Subscription update
ch_0011854,Paid,2026-05-08 06:04:54,197.65,aud,Subscription update
ch_0011855,Paid,2026-05-08 07:51:09,194.23,aud,Subscription update
ch_0011856,Paid,2026-05-08 08:41:14,205.12,aud,Subscription update
ch_0011857,Paid,2026-05-08 09:22:36,265.41,aud,Initial consultation
ch_0011858,Paid,2026-05-08 09:39:39,357.17,aud,Subscription creation
ch_0011859,Paid,2026-05-08 10:56:11,192.43,aud,Subscription update
ch_0011860,Paid,2026-05-08 11:09:08,204.66,aud,Subscription update
ch_0011861,Paid,2026-05-08 12:21:05,176.11,aud,IV League - Booking
ch_0011862,Paid,2026-05-08 12:34:18,194.31,aud,Subscription update
ch_0011863,Paid,2026-05-08 19:57:38,348.61,aud,Subscription creation
ch_0011864,Paid,2026-05-08 20:06:24,613.27,aud,Subscription update
ch_0011865,Paid,2026-05-09 11:05:47,198.95,aud,Subscription update
ch_0011866,Paid,2026-05-09 11:38:16,204.85,aud,Subscription update
ch_0011867,Paid,2026-05-09 11:53:00,349.24,aud,Subscription creation
ch_0011868,Paid,2026-05-09 11:56:06,914.69,aud,Invoice payment
ch_0011869,Paid,2026-05-09 13:57:48,199.52,aud,Subscription update
ch_0011870,Paid,2026-05-09 14:43:14,339.94,aud,IV League - Booking
ch_0011871,Paid,2026-05-09 16:13:42,580.94,aud,Subscription update
ch_0011872,Paid,2026-05-09 18:42:09,197.76,aud,Subscription update
ch_0011873,Paid,2026-05-09 19:21:40,346.73,aud,Subscription creation
ch_0011874,Paid,2026-05-09 20:03:52,344.88,aud,Subscription update
ch_0011875,Paid,2026-05-09 20:31:47,197.73,aud,Subscription update
ch_0011876,Paid,2026-05-10 07:55:52,201.27,aud,Subscription update
ch_0011877,Paid,2026-05-10 08:40:54,201.77,aud,Subscription update
ch_0011878,Paid,2026-05-10 08:45:41,346.03,aud,Subscription update
ch_0011879,Paid,2026-05-10 09:18:53,257.53,aud,IV League - Booking
ch_0011880,Paid,2026-05-10 10:40:06,196.55,aud,Subscription update
ch_0011881,Paid,2026-05-10 11:00:33,601.18,aud,Subscription update
ch_0011882,Paid,2026-05-10 12:13:25,621.49,aud,Subscription update
ch_0011883,Paid,2026-05-10 14:08:05,198.56,aud,Subscription update
ch_0011884,Paid,2026-05-10 15:49:38,595.57,aud,Subscription update
ch_0011885,Paid,2026-05-10 16:03:51,198.16,aud,Subscription update
ch_0011886,Paid,2026-05-10 17:53:04,199.11,aud,Subscription update
ch_0011887,Paid,2026-05-10 20:03:01,610.08,aud,Subscription creation
ch_0011888,Paid,2026-05-11 08:22:40,205.11,aud,Subscription update
ch_0011889,Paid,2026-05-11 09:09:32,204.47,aud,Subscription update
ch_0011890,Paid,2026-05-11 10:03:15,202.98,aud,Subscription update
ch_0011891,Paid,2026-05-11 14:06:56,198.37,aud,Subscription update
ch_0011892,Paid,2026-05-11 14:54:17,199.72,aud,Subscription update
ch_0011893,Paid,2026-05-11 15:22:00,196.63,aud,Subscription update
ch_0011894,Paid,2026-05-11 15:41:29,200.94,aud,Subscription update
ch_0011895,Paid,2026-05-11 15:44:47,201.82,aud,Subscription update
ch_0011896,Paid,2026-05-11 17:05:42,349.11,aud,Subscription update
ch_0011897,Paid,2026-05-11 18:38:15,200.43,aud,Subscription update
ch_0011898,Paid,2026-05-11 19:32:32,337.03,aud,Subscription creation
ch_0011899,Paid,2026-05-11 19:52:09,198.24,aud,Subscription update
ch_0011900,Paid,2026-05-11 20:20:39,352.82,aud,Subscription creation
ch_0011901,Paid,2026-05-12 06:31:48,353.3,aud,Subscription update
ch_0011902,Paid,2026-05-12 06:34:08,207.59,aud,Subscription update
ch_0011903,Paid,2026-05-12 08:02:03,606.29,aud,Subscription update
ch_0011904,Paid,2026-05-12 10:11:12,347.47,aud,Subscription update
ch_0011905,Paid,2026-05-12 10:17:25,625.12,aud,Subscription creation
ch_0011906,Paid,2026-05-12 12:30:22,202.24,aud,Subscription update
ch_0011907,Paid,2026-05-12 15:09:10,197.08,aud,Subscription creation
ch_0011908,Paid,2026-05-12 15:14:21,203.97,aud,Subscription creation
ch_0011909,Paid,2026-05-12 17:55:55,342.93,aud,Subscription update
ch_0011910,Paid,2026-05-12 18:16:14,604.72,aud,Subscription update
ch_0011911,Paid,2026-05-12 19:48:40,201.64,aud,Subscription update
ch_0011912,Paid,2026-05-12 20:28:15,337.42,aud,Subscription update
ch_0011913,Paid,2026-05-13 06:34:14,198.32,aud,Subscription update
ch_0011914,Paid,2026-05-13 09:38:15,198.83,aud,Subscription update
ch_0011915,Paid,2026-05-13 11:02:57,2054.73,aud,Package initiation
ch_0011916,Paid,2026-05-13 11:20:43,205.41,aud,Subscription update
ch_0011917,Paid,2026-05-13 14:01:46,349.8,aud,Subscription update
ch_0011918,Paid,2026-05-13 16:34:48,208.9,aud,Subscription update
ch_0011919,Paid,2026-05-13 17:31:45,201.17,aud,Subscription update
ch_0011920,Paid,2026-05-13 20:45:49,360.46,aud,Subscription update
ch_0011921,Paid,2026-05-13 20:59:14,197.66,aud,Subscription creation
ch_0011922,Paid,2026-05-14 06:52:53,197.44,aud,Subscription update
ch_0011923,Paid,2026-05-14 07:14:00,201.68,aud,Subscription update
ch_0011924,Paid,2026-05-14 08:57:38,207.27,aud,Subscription update
ch_0011925,Paid,2026-05-14 11:18:16,582.63,aud,Subscription update
ch_0011926,Paid,2026-05-14 13:45:40,579.16,aud,Subscription update
ch_0011927,Paid,2026-05-14 14:23:43,193.93,aud,Subscription update
ch_0011928,Paid,2026-05-14 20:36:15,599.72,aud,Subscription update
ch_0011929,Paid,2026-05-15 07:44:00,201.23,aud,Subscription creation
ch_0011930,Paid,2026-05-15 08:12:06,583.66,aud,Subscription update
ch_0011931,Paid,2026-05-15 09:02:40,193.85,aud,Subscription update
ch_0011932,Paid,2026-05-15 09:45:47,197.32,aud,Subscription update
ch_0011933,Paid,2026-05-15 12:56:25,898.82,aud,Longevity panel
ch_0011934,Paid,2026-05-15 16:18:34,194.29,aud,Subscription update
ch_0011935,Paid,2026-05-15 16:50:39,196.43,aud,Subscription update
ch_0011936,Paid,2026-05-15 17:35:43,192.67,aud,Subscription update
ch_0011937,Paid,2026-05-15 17:59:35,608.92,aud,Subscription update
ch_0011938,Paid,2026-05-15 19:22:31,596.44,aud,Subscription update
ch_0011939,Paid,2026-05-15 20:04:29,345.78,aud,Subscription update
ch_0011940,Paid,2026-05-15 20:25:43,353.15,aud,Subscription update
ch_0011941,Paid,2026-05-15 20:31:00,197.41,aud,Subscription update
ch_0011942,Paid,2026-05-16 06:57:12,199.29,aud,Subscription update
ch_0011943,Paid,2026-05-16 07:57:12,596.43,aud,Subscription update
ch_0011944,Paid,2026-05-16 09:37:25,199.87,aud,Subscription update
ch_0011945,Paid,2026-05-16 11:04:00,351.67,aud,Subscription update
ch_0011946,Paid,2026-05-16 11:13:59,580.22,aud,Subscription update
ch_0011947,Paid,2026-05-16 11:44:19,198.64,aud,Subscription update
ch_0011948,Paid,2026-05-16 13:14:31,194.88,aud,Subscription update
ch_0011949,Paid,2026-05-16 13:40:35,604.78,aud,Subscription update
ch_0011950,Paid,2026-05-16 19:11:23,352.78,aud,Subscription update
ch_0011951,Paid,2026-05-17 07:17:31,201.75,aud,Subscription creation
ch_0011952,Paid,2026-05-17 07:49:34,203.47,aud,Subscription update
ch_0011953,Paid,2026-05-17 09:13:45,598.15,aud,Subscription creation
ch_0011954,Paid,2026-05-17 09:45:19,198.4,aud,Subscription update
ch_0011955,Paid,2026-05-17 10:12:25,204.03,aud,Subscription update
ch_0011956,Paid,2026-05-17 13:26:23,201.54,aud,Subscription update
ch_0011957,Paid,2026-05-17 14:49:39,206.99,aud,Subscription update
ch_0011958,Paid,2026-05-17 16:02:18,589.22,aud,Subscription update
ch_0011959,Paid,2026-05-17 16:58:15,344.1,aud,Subscription update
ch_0011960,Refunded,2026-05-17 18:29:47,349.0,aud,Subscription update
ch_0011961,Paid,2026-05-17 19:18:06,595.6,aud,Subscription update
ch_0011962,Paid,2026-05-17 19:50:50,359.32,aud,Subscription update
ch_0011963,Paid,2026-05-18 07:03:53,357.69,aud,Subscription update
ch_0011964,Paid,2026-05-18 12:45:31,579.69,aud,Subscription update
ch_0011965,Paid,2026-05-18 12:50:42,195.48,aud,Subscription update
ch_0011966,Paid,2026-05-18 14:39:18,589.54,aud,Subscription update
ch_0011967,Paid,2026-05-18 14:59:50,196.16,aud,Subscription update
ch_0011968,Paid,2026-05-18 15:32:42,361.27,aud,Subscription update
ch_0011969,Paid,2026-05-18 16:16:08,197.71,aud,Subscription update
ch_0011970,Paid,2026-05-18 20:37:19,610.06,aud,Subscription update
ch_0011971,Paid,2026-05-18 20:58:21,198.54,aud,Subscription update
ch_0011972,Paid,2026-05-19 06:04:58,352.13,aud,Subscription update
ch_0011973,Paid,2026-05-19 12:12:29,201.43,aud,Subscription update
ch_0011974,Paid,2026-05-19 14:31:37,205.75,aud,Subscription update
ch_0011975,Paid,2026-05-19 17:47:48,355.4,aud,Subscription update
ch_0011976,Paid,2026-05-19 18:17:27,605.06,aud,Subscription update
ch_0011977,Paid,2026-05-19 18:20:32,199.1,aud,Subscription update
ch_0011978,Paid,2026-05-19 18:47:03,346.82,aud,Subscription creation
ch_0011979,Paid,2026-05-19 19:44:06,192.38,aud,Subscription update
ch_0011980,Paid,2026-05-20 07:35:38,345.9,aud,Subscription update
ch_0011981,Paid,2026-05-20 07:54:40,201.53,aud,Subscription creation
ch_0011982,Paid,2026-05-20 16:37:19,199.28,aud,Subscription update
ch_0011983,Paid,2026-05-20 17:22:01,354.93,aud,Subscription update
ch_0011984,Paid,2026-05-20 17:45:31,199.95,aud,Subscription update
ch_0011985,Paid,2026-05-20 19:40:46,360.18,aud,Subscription update
ch_0011986,Paid,2026-05-20 20:38:50,195.61,aud,Subscription update
ch_0011987,Paid,2026-05-21 08:07:13,198.27,aud,Subscription creation
ch_0011988,Paid,2026-05-21 09:26:03,198.8,aud,Subscription update
ch_0011989,Paid,2026-05-21 09:51:39,205.87,aud,Subscription update
ch_0011990,Paid,2026-05-21 11:50:46,198.05,aud,Subscription update
ch_0011991,Paid,2026-05-21 13:22:10,347.6,aud,Subscription update
ch_0011992,Paid,2026-05-21 16:42:19,203.46,aud,Subscription update
ch_0011993,Paid,2026-05-22 08:29:09,193.63,aud,Subscription update
ch_0011994,Paid,2026-05-22 10:22:35,347.76,aud,Subscription update
ch_0011995,Paid,2026-05-22 10:45:00,205.42,aud,Subscription update
ch_0011996,Paid,2026-05-22 11:09:58,195.85,aud,Subscription update
ch_0011997,Paid,2026-05-22 14:50:27,606.4,aud,Subscription update
ch_0011998,Paid,2026-05-22 15:17:31,315.81,aud,IV League - Booking
ch_0011999,Paid,2026-05-22 17:18:25,185.23,aud,Subscription update
ch_0012000,Paid,2026-05-22 17:34:51,617.37,aud,Subscription update
ch_0012001,Paid,2026-05-22 19:05:22,195.81,aud,Subscription update
ch_0012002,Paid,2026-05-22 20:53:51,346.51,aud,Subscription update
ch_0012003,Paid,2026-05-23 06:32:04,194.39,aud,Subscription update
ch_0012004,Paid,2026-05-23 07:02:43,200.47,aud,Subscription update
ch_0012005,Paid,2026-05-23 08:40:05,348.63,aud,Subscription update
ch_0012006,Paid,2026-05-23 10:25:20,345.17,aud,Subscription update
ch_0012007,Paid,2026-05-23 12:56:38,195.73,aud,Subscription update
ch_0012008,Paid,2026-05-23 13:12:55,360.23,aud,Subscription update
ch_0012009,Paid,2026-05-23 17:45:35,195.68,aud,Subscription update
ch_0012010,Paid,2026-05-23 17:51:09,198.28,aud,Subscription update
ch_0012011,Paid,2026-05-23 18:00:17,194.22,aud,Subscription update
ch_0012012,Paid,2026-05-23 20:35:16,197.63,aud,Subscription update
ch_0012013,Paid,2026-05-23 20:47:39,344.01,aud,Subscription update
ch_0012014,Paid,2026-05-24 06:16:18,195.62,aud,Subscription update
ch_0012015,Paid,2026-05-24 06:42:20,199.37,aud,Subscription creation
ch_0012016,Paid,2026-05-24 09:07:35,347.25,aud,Subscription update
ch_0012017,Paid,2026-05-24 10:25:49,324.75,aud,IV League - Booking
ch_0012018,Paid,2026-05-24 14:25:04,348.06,aud,Subscription update
ch_0012019,Paid,2026-05-24 16:57:37,195.53,aud,Subscription creation
ch_0012020,Paid,2026-05-24 17:19:58,203.72,aud,Subscription update
ch_0012021,Paid,2026-05-24 17:32:32,202.19,aud,Subscription update
ch_0012022,Paid,2026-05-25 07:08:16,340.7,aud,Subscription creation
ch_0012023,Paid,2026-05-25 07:35:24,205.3,aud,Subscription creation
ch_0012024,Paid,2026-05-25 07:51:04,199.56,aud,Subscription update
ch_0012025,Paid,2026-05-25 11:47:17,353.57,aud,Subscription update
ch_0012026,Paid,2026-05-25 12:18:32,605.23,aud,Subscription creation
ch_0012027,Paid,2026-05-25 12:35:13,202.61,aud,Subscription update
ch_0012028,Paid,2026-05-25 13:09:45,587.54,aud,Subscription update
ch_0012029,Paid,2026-05-25 14:03:20,629.03,aud,Subscription update
ch_0012030,Paid,2026-05-25 14:13:31,206.95,aud,Subscription update
ch_0012031,Paid,2026-05-25 14:20:22,359.39,aud,Subscription update
ch_0012032,Paid,2026-05-25 14:20:42,197.14,aud,Subscription update
ch_0012033,Paid,2026-05-25 18:03:28,600.94,aud,Subscription creation
ch_0012034,Paid,2026-05-25 20:37:25,357.5,aud,Subscription update
ch_0012035,Paid,2026-05-26 06:09:04,360.23,aud,Subscription update
ch_0012036,Paid,2026-05-26 09:08:15,602.93,aud,Subscription update
ch_0012037,Paid,2026-05-26 10:53:01,203.18,aud,Subscription update
ch_0012038,Paid,2026-05-26 11:16:10,200.76,aud,Subscription update
ch_0012039,Paid,2026-05-26 14:26:31,607.22,aud,Subscription update
ch_0012040,Paid,2026-05-26 18:49:00,200.58,aud,Subscription update
ch_0012041,Paid,2026-05-26 19:16:58,199.95,aud,Subscription update
ch_0012042,Paid,2026-05-26 19:20:55,205.28,aud,Subscription update
ch_0012043,Paid,2026-05-26 20:26:18,197.68,aud,Subscription update
ch_0012044,Paid,2026-05-27 07:17:10,589.47,aud,Subscription update
ch_0012045,Paid,2026-05-27 10:53:28,604.5,aud,Subscription update
ch_0012046,Paid,2026-05-27 15:55:36,597.83,aud,Subscription creation
ch_0012047,Paid,2026-05-27 16:34:40,349.5,aud,Subscription update
ch_0012048,Paid,2026-05-27 20:49:40,201.94,aud,Subscription creation
ch_0012049,Paid,2026-05-28 08:47:33,194.62,aud,Subscription update
ch_0012050,Paid,2026-05-28 13:32:37,591.81,aud,Subscription update
ch_0012051,Paid,2026-05-28 15:08:16,346.0,aud,Subscription update
ch_0012052,Paid,2026-05-28 15:22:09,589.48,aud,Subscription update
ch_0012053,Paid,2026-05-28 17:34:20,190.14,aud,Subscription update
ch_0012054,Paid,2026-05-29 08:53:18,200.57,aud,Subscription update
ch_0012055,Paid,2026-05-29 09:33:56,343.72,aud,Subscription update
ch_0012056,Paid,2026-05-29 11:11:28,358.08,aud,Subscription update
ch_0012057,Paid,2026-05-29 11:46:38,905.12,aud,Package initiation
ch_0012058,Paid,2026-05-29 12:22:05,192.08,aud,Subscription update
ch_0012059,Paid,2026-05-29 14:00:04,342.05,aud,Subscription update
ch_0012060,Paid,2026-05-29 18:09:51,362.5,aud,Subscription update
ch_0012061,Paid,2026-05-29 18:41:53,361.55,aud,Subscription update
ch_0012062,Paid,2026-05-29 20:27:17,202.32,aud,Subscription update
ch_0012063,Paid,2026-05-29 20:53:06,195.6,aud,Subscription update
ch_0012064,Paid,2026-05-30 06:12:13,354.48,aud,Subscription update
ch_0012065,Paid,2026-05-30 07:16:12,357.49,aud,Subscription update
ch_0012066,Paid,2026-05-30 07:20:19,199.86,aud,Subscription update
ch_0012067,Paid,2026-05-30 07:38:02,204.04,aud,Subscription creation
ch_0012068,Paid,2026-05-30 08:09:50,201.0,aud,Subscription update
ch_0012069,Paid,2026-05-30 08:44:36,205.01,aud,Subscription update
ch_0012070,Paid,2026-05-30 09:16:01,196.48,aud,Subscription update
ch_0012071,Paid,2026-05-30 09:39:56,201.58,aud,Subscription update
ch_0012072,Paid,2026-05-30 09:54:53,347.01,aud,Subscription creation
ch_0012073,Paid,2026-05-30 10:36:32,202.02,aud,Subscription update
ch_0012074,Paid,2026-05-30 11:54:00,197.69,aud,Subscription update
ch_0012075,Paid,2026-05-30 13:11:55,596.17,aud,Subscription update
ch_0012076,Paid,2026-05-30 14:37:18,335.09,aud,Subscription update
ch_0012077,Paid,2026-05-30 17:01:44,196.21,aud,Subscription creation
ch_0012078,Paid,2026-05-30 17:04:40,198.01,aud,Subscription update
ch_0012079,Paid,2026-05-30 18:31:04,199.84,aud,Subscription update
ch_0012080,Paid,2026-05-31 08:36:21,352.38,aud,Subscription update
ch_0012081,Paid,2026-05-31 14:15:39,199.16,aud,Subscription update
ch_0012082,Paid,2026-05-31 19:25:03,193.39,aud,Subscription update
ch_0012083,Paid,2026-05-31 19:39:39,317.61,aud,IV League - Booking
ch_0012084,Paid,2026-05-31 20:25:08,198.78,aud,Subscription creation
ch_0012085,Paid,2026-06-01 07:46:44,2012.89,aud,Invoice payment
ch_0012086,Paid,2026-06-01 08:09:38,186.95,aud,Subscription update
ch_0012087,Paid,2026-06-01 09:50:10,355.17,aud,Subscription creation
ch_0012088,Paid,2026-06-01 10:06:54,605.03,aud,Subscription update
ch_0012089,Paid,2026-06-01 12:57:25,199.77,aud,Subscription update
ch_0012090,Paid,2026-06-01 16:17:20,198.61,aud,Subscription update
ch_0012091,Paid,2026-06-01 18:35:18,195.44,aud,Subscription update
ch_0012092,Paid,2026-06-01 20:43:17,197.88,aud,Subscription update
ch_0012093,Paid,2026-06-01 20:47:56,611.64,aud,Subscription update
ch_0012094,Paid,2026-06-02 07:09:20,349.39,aud,Subscription update
ch_0012095,Paid,2026-06-02 08:06:48,581.96,aud,Subscription creation
ch_0012096,Paid,2026-06-02 08:23:52,203.19,aud,Subscription update
ch_0012097,Paid,2026-06-02 09:53:34,338.2,aud,Subscription update
ch_0012098,Paid,2026-06-02 10:26:32,604.9,aud,Subscription update
ch_0012099,Paid,2026-06-02 12:42:46,363.75,aud,Subscription update
ch_0012100,Paid,2026-06-02 15:58:18,346.25,aud,Subscription update
ch_0012101,Paid,2026-06-02 17:23:50,2253.28,aud,Package initiation
ch_0012102,Paid,2026-06-02 18:32:53,348.16,aud,Subscription creation
ch_0012103,Paid,2026-06-03 06:47:56,173.15,aud,IV League - Booking
ch_0012104,Paid,2026-06-03 09:43:59,198.86,aud,Subscription update
ch_0012105,Paid,2026-06-03 11:03:47,195.92,aud,Subscription update
ch_0012106,Paid,2026-06-03 11:05:08,201.12,aud,Subscription update
ch_0012107,Paid,2026-06-03 11:38:41,346.37,aud,Subscription update
ch_0012108,Paid,2026-06-03 12:55:32,202.38,aud,Subscription creation
ch_0012109,Paid,2026-06-03 13:48:09,198.22,aud,Subscription update
ch_0012110,Paid,2026-06-03 14:28:31,202.24,aud,Subscription creation
ch_0012111,Paid,2026-06-03 14:40:54,585.89,aud,Subscription update
ch_0012112,Paid,2026-06-03 15:15:22,200.97,aud,Subscription update
ch_0012113,Paid,2026-06-03 15:59:44,203.54,aud,Subscription update
ch_0012114,Paid,2026-06-04 06:44:31,203.68,aud,Subscription update
ch_0012115,Paid,2026-06-04 07:54:11,203.29,aud,Subscription update
ch_0012116,Paid,2026-06-04 12:16:48,601.26,aud,Subscription update
ch_0012117,Paid,2026-06-04 13:09:20,197.02,aud,Subscription update
ch_0012118,Paid,2026-06-04 14:31:24,194.8,aud,Subscription update
ch_0012119,Paid,2026-06-04 15:19:31,616.0,aud,Subscription update
ch_0012120,Paid,2026-06-04 15:24:55,194.69,aud,Subscription update
ch_0012121,Paid,2026-06-04 16:36:33,204.95,aud,Subscription update
ch_0012122,Paid,2026-06-04 20:27:16,199.18,aud,Subscription update
ch_0012123,Paid,2026-06-05 06:58:28,204.74,aud,Subscription update
ch_0012124,Paid,2026-06-05 08:25:07,198.05,aud,Subscription update
ch_0012125,Paid,2026-06-05 08:41:30,197.27,aud,Subscription creation
ch_0012126,Paid,2026-06-05 09:25:12,354.05,aud,Subscription update
ch_0012127,Paid,2026-06-05 09:51:54,601.44,aud,Subscription update
ch_0012128,Paid,2026-06-05 10:44:25,603.57,aud,Subscription update
ch_0012129,Paid,2026-06-05 12:06:22,351.81,aud,Subscription update
ch_0012130,Paid,2026-06-05 15:44:40,355.32,aud,Subscription update
ch_0012131,Paid,2026-06-05 16:00:16,598.5,aud,Subscription update
ch_0012132,Paid,2026-06-05 16:51:23,356.98,aud,Subscription update
ch_0012133,Paid,2026-06-05 18:10:25,344.84,aud,Subscription update
ch_0012134,Paid,2026-06-05 18:54:26,623.59,aud,Subscription creation
ch_0012135,Paid,2026-06-05 20:34:34,192.0,aud,Subscription update
ch_0012136,Paid,2026-06-06 06:11:36,204.08,aud,Subscription update
ch_0012137,Paid,2026-06-06 08:57:37,204.52,aud,Subscription update
ch_0012138,Paid,2026-06-06 10:19:24,344.87,aud,Subscription update
ch_0012139,Paid,2026-06-06 10:48:37,201.42,aud,Subscription update
ch_0012140,Paid,2026-06-06 11:16:04,186.43,aud,Subscription update
ch_0012141,Paid,2026-06-06 11:52:32,207.29,aud,Subscription update
ch_0012142,Paid,2026-06-06 13:47:36,195.19,aud,Subscription creation
ch_0012143,Paid,2026-06-06 13:56:25,337.31,aud,Subscription update
ch_0012144,Paid,2026-06-06 15:56:19,403.62,aud,Initial consultation
ch_0012145,Paid,2026-06-06 16:24:37,611.67,aud,Subscription update
ch_0012146,Paid,2026-06-06 17:48:04,197.42,aud,Subscription update
ch_0012147,Paid,2026-06-06 20:36:53,198.45,aud,Subscription update
ch_0012148,Paid,2026-06-06 20:38:50,350.72,aud,Subscription creation
ch_0012149,Paid,2026-06-07 07:36:20,191.26,aud,Subscription update
ch_0012150,Paid,2026-06-07 07:56:36,345.93,aud,Subscription creation
ch_0012151,Paid,2026-06-07 10:36:22,590.4,aud,Subscription update
ch_0012152,Paid,2026-06-07 12:07:22,205.66,aud,Subscription creation
ch_0012153,Paid,2026-06-07 12:36:42,193.41,aud,Subscription update
ch_0012154,Paid,2026-06-07 14:13:03,597.59,aud,Subscription update
ch_0012155,Paid,2026-06-07 17:01:09,596.52,aud,Subscription update
ch_0012156,Paid,2026-06-07 17:38:53,597.62,aud,Subscription update
ch_0012157,Paid,2026-06-07 17:51:43,184.51,aud,IV League - Booking
ch_0012158,Paid,2026-06-07 20:07:25,347.97,aud,Subscription update
ch_0012159,Paid,2026-06-07 20:25:46,332.79,aud,Initial consultation
ch_0012160,Paid,2026-06-08 07:34:00,342.97,aud,Subscription update
ch_0012161,Paid,2026-06-08 07:57:04,200.42,aud,Subscription update
ch_0012162,Paid,2026-06-08 12:03:38,353.5,aud,Subscription update
ch_0012163,Paid,2026-06-08 12:27:56,199.81,aud,Subscription update
ch_0012164,Paid,2026-06-08 12:28:12,196.19,aud,Subscription update
ch_0012165,Paid,2026-06-08 14:20:40,201.37,aud,Subscription update
ch_0012166,Paid,2026-06-08 14:45:08,593.73,aud,Subscription update
ch_0012167,Paid,2026-06-08 18:39:32,189.99,aud,Subscription update
ch_0012168,Paid,2026-06-08 19:46:25,356.26,aud,Subscription update
ch_0012169,Paid,2026-06-09 06:15:50,194.2,aud,Subscription update
ch_0012170,Paid,2026-06-09 06:53:02,197.77,aud,Subscription creation
ch_0012171,Paid,2026-06-09 07:15:10,208.28,aud,Subscription update
ch_0012172,Paid,2026-06-09 08:51:46,337.82,aud,Subscription update
ch_0012173,Paid,2026-06-09 09:25:25,196.06,aud,Subscription update
ch_0012174,Paid,2026-06-09 09:30:24,360.9,aud,Subscription update
ch_0012175,Paid,2026-06-09 11:34:41,194.25,aud,Subscription update
ch_0012176,Paid,2026-06-09 17:22:58,201.36,aud,Subscription update
ch_0012177,Paid,2026-06-09 20:23:19,599.38,aud,Subscription update
ch_0012178,Paid,2026-06-09 20:31:39,343.1,aud,Subscription update
ch_0012179,Paid,2026-06-09 20:51:05,194.21,aud,Subscription update
ch_0012180,Paid,2026-06-10 06:35:29,199.76,aud,Subscription update
ch_0012181,Paid,2026-06-10 09:00:46,238.58,aud,IV League - Booking
ch_0012182,Paid,2026-06-10 11:13:04,202.25,aud,Subscription update
ch_0012183,Paid,2026-06-10 11:30:21,606.44,aud,Subscription update
ch_0012184,Paid,2026-06-10 13:02:51,313.92,aud,IV League - Booking
ch_0012185,Paid,2026-06-10 15:07:29,199.89,aud,Subscription update
ch_0012186,Paid,2026-06-10 15:53:30,195.34,aud,Subscription update
ch_0012187,Paid,2026-06-10 17:56:19,200.55,aud,Subscription creation
ch_0012188,Paid,2026-06-10 18:07:11,194.97,aud,Subscription update
ch_0012189,Paid,2026-06-10 20:43:50,205.03,aud,Subscription update
ch_0012190,Paid,2026-06-11 07:06:01,342.73,aud,Subscription update
ch_0012191,Paid,2026-06-11 08:09:38,357.39,aud,Subscription update
ch_0012192,Paid,2026-06-11 09:25:17,185.8,aud,IV League - Booking
ch_0012193,Paid,2026-06-11 09:33:59,195.92,aud,Subscription update
ch_0012194,Paid,2026-06-11 10:06:35,340.99,aud,Subscription update
ch_0012195,Paid,2026-06-11 13:44:17,360.52,aud,Subscription update
ch_0012196,Paid,2026-06-11 14:05:08,583.87,aud,Subscription update
ch_0012197,Paid,2026-06-11 15:04:49,596.54,aud,Subscription update
ch_0012198,Paid,2026-06-11 15:47:19,205.43,aud,Subscription update
ch_0012199,Paid,2026-06-11 18:34:41,605.64,aud,Subscription update
ch_0012200,Paid,2026-06-12 07:03:42,348.83,aud,Subscription creation
ch_0012201,Paid,2026-06-12 07:46:34,198.41,aud,Subscription update
ch_0012202,Paid,2026-06-12 11:00:25,350.25,aud,Subscription update
ch_0012203,Paid,2026-06-12 11:06:57,611.26,aud,Subscription update
ch_0012204,Paid,2026-06-12 11:53:16,198.1,aud,Subscription update
ch_0012205,Paid,2026-06-12 13:40:27,201.5,aud,Subscription update
ch_0012206,Paid,2026-06-12 13:48:25,568.0,aud,Subscription update
ch_0012207,Paid,2026-06-12 16:28:52,612.56,aud,Subscription update
ch_0012208,Paid,2026-06-13 06:12:14,607.36,aud,Subscription update
ch_0012209,Paid,2026-06-13 06:56:05,351.66,aud,Subscription update
ch_0012210,Paid,2026-06-13 07:31:21,347.04,aud,Subscription update
ch_0012211,Paid,2026-06-13 10:05:54,354.92,aud,Initial consultation
ch_0012212,Paid,2026-06-13 10:46:30,1418.97,aud,Package initiation
ch_0012213,Paid,2026-06-13 11:42:49,200.39,aud,Subscription update
ch_0012214,Paid,2026-06-13 13:56:42,314.45,aud,IV League - Booking
ch_0012215,Paid,2026-06-13 15:49:18,197.35,aud,Subscription update
ch_0012216,Paid,2026-06-13 15:54:28,354.78,aud,Subscription update
ch_0012217,Paid,2026-06-13 16:50:33,198.72,aud,Subscription update
ch_0012218,Paid,2026-06-13 17:48:27,197.03,aud,Subscription update
ch_0012219,Paid,2026-06-14 10:37:23,201.49,aud,Subscription update
ch_0012220,Paid,2026-06-14 14:04:13,352.61,aud,Subscription update
ch_0012221,Paid,2026-06-14 14:45:19,596.22,aud,Subscription update
ch_0012222,Paid,2026-06-14 16:09:14,199.68,aud,Subscription update
ch_0012223,Paid,2026-06-14 16:33:52,1617.03,aud,Invoice payment
ch_0012224,Paid,2026-06-14 17:29:47,203.59,aud,Subscription update
ch_0012225,Paid,2026-06-14 18:44:51,201.97,aud,Subscription update
ch_0012226,Paid,2026-06-14 20:08:10,602.67,aud,Subscription update
ch_0012227,Paid,2026-06-15 06:54:34,194.18,aud,Subscription update
ch_0012228,Paid,2026-06-15 07:02:51,348.47,aud,Subscription update
ch_0012229,Paid,2026-06-15 07:05:00,202.3,aud,Subscription update
ch_0012230,Paid,2026-06-15 09:20:49,297.14,aud,IV League - Booking
ch_0012231,Paid,2026-06-15 09:53:32,192.8,aud,Subscription update
ch_0012232,Paid,2026-06-15 15:02:27,204.68,aud,Subscription update
ch_0012233,Paid,2026-06-15 16:26:03,193.05,aud,Subscription update
ch_0012234,Paid,2026-06-15 16:43:53,195.86,aud,Subscription update
ch_0012235,Paid,2026-06-15 18:13:54,591.11,aud,Subscription update
ch_0012236,Paid,2026-06-15 18:27:38,582.96,aud,Subscription update
ch_0012237,Paid,2026-06-15 18:29:51,354.3,aud,Subscription creation
ch_0012238,Paid,2026-06-15 18:56:01,202.46,aud,Subscription update
ch_0012239,Paid,2026-06-15 19:14:10,201.69,aud,Subscription update
ch_0012240,Paid,2026-06-15 20:41:19,196.2,aud,Subscription update
ch_0012241,Paid,2026-06-16 07:22:50,346.6,aud,Subscription update
ch_0012242,Paid,2026-06-16 07:41:05,202.77,aud,Subscription update
ch_0012243,Paid,2026-06-16 07:54:37,577.91,aud,Subscription creation
ch_0012244,Paid,2026-06-16 10:15:24,333.99,aud,Subscription update
ch_0012245,Paid,2026-06-16 14:37:26,202.96,aud,Subscription creation
ch_0012246,Paid,2026-06-16 14:37:26,197.78,aud,Subscription update
ch_0012247,Paid,2026-06-16 15:25:39,199.38,aud,Subscription update
ch_0012248,Paid,2026-06-16 17:33:36,195.35,aud,Subscription update
ch_0012249,Paid,2026-06-17 07:51:33,353.83,aud,Subscription update
ch_0012250,Paid,2026-06-17 11:35:42,189.68,aud,Subscription update
ch_0012251,Paid,2026-06-17 12:14:32,614.57,aud,Subscription update
ch_0012252,Paid,2026-06-17 13:48:28,612.4,aud,Subscription update
ch_0012253,Paid,2026-06-17 15:48:07,620.34,aud,Subscription update
ch_0012254,Paid,2026-06-17 17:23:15,354.53,aud,Subscription update
ch_0012255,Paid,2026-06-17 17:38:34,208.35,aud,Subscription update
ch_0012256,Paid,2026-06-17 20:48:19,614.98,aud,Subscription creation
ch_0012257,Paid,2026-06-18 06:31:12,608.17,aud,Subscription update
ch_0012258,Paid,2026-06-18 09:04:49,301.95,aud,IV League - Booking
ch_0012259,Paid,2026-06-18 09:36:03,203.24,aud,Subscription update
ch_0012260,Paid,2026-06-18 09:37:41,201.91,aud,Subscription creation
ch_0012261,Paid,2026-06-18 11:22:24,346.38,aud,Subscription update
ch_0012262,Paid,2026-06-18 12:02:19,349.07,aud,Subscription update
ch_0012263,Paid,2026-06-18 12:22:53,593.04,aud,Subscription update
ch_0012264,Paid,2026-06-18 13:05:00,356.11,aud,Subscription update
ch_0012265,Paid,2026-06-18 14:00:21,201.84,aud,Subscription update
ch_0012266,Paid,2026-06-18 14:17:50,199.41,aud,Subscription creation
ch_0012267,Paid,2026-06-18 15:10:42,201.45,aud,Subscription update
ch_0012268,Paid,2026-06-18 15:15:10,199.75,aud,Subscription update
ch_0012269,Paid,2026-06-18 16:42:37,359.48,aud,Subscription update
ch_0012270,Paid,2026-06-18 20:28:58,195.39,aud,Subscription update
ch_0012271,Paid,2026-06-18 20:35:53,343.41,aud,Subscription update
ch_0012272,Paid,2026-06-19 10:23:51,198.43,aud,Subscription update
ch_0012273,Paid,2026-06-19 13:28:41,199.25,aud,Subscription update
ch_0012274,Paid,2026-06-19 14:18:41,202.25,aud,Subscription update
ch_0012275,Paid,2026-06-19 16:40:48,358.4,aud,Subscription update
ch_0012276,Paid,2026-06-19 18:51:57,604.59,aud,Subscription update
ch_0012277,Paid,2026-06-20 07:51:16,194.51,aud,Subscription update
ch_0012278,Paid,2026-06-20 09:18:12,585.69,aud,Subscription update
ch_0012279,Paid,2026-06-20 11:04:16,611.27,aud,Subscription update
ch_0012280,Paid,2026-06-20 13:02:03,607.51,aud,Subscription update
ch_0012281,Paid,2026-06-20 14:13:07,200.9,aud,Subscription update
ch_0012282,Paid,2026-06-20 14:31:54,195.89,aud,Subscription update
ch_0012283,Paid,2026-06-20 15:26:14,197.21,aud,Subscription update
ch_0012284,Paid,2026-06-20 15:48:04,202.05,aud,Subscription update
ch_0012285,Paid,2026-06-20 16:01:26,201.15,aud,Subscription update
ch_0012286,Paid,2026-06-20 17:51:42,202.27,aud,Subscription creation
ch_0012287,Paid,2026-06-20 19:25:10,200.38,aud,Subscription update
ch_0012288,Paid,2026-06-21 06:13:19,337.88,aud,Initial consultation
ch_0012289,Paid,2026-06-21 06:51:28,193.01,aud,Subscription creation
ch_0012290,Paid,2026-06-21 07:53:05,357.6,aud,Subscription update
ch_0012291,Paid,2026-06-21 10:21:17,189.21,aud,Subscription update
ch_0012292,Paid,2026-06-21 12:06:27,358.28,aud,Subscription update
ch_0012293,Paid,2026-06-21 14:54:50,198.04,aud,Subscription update
ch_0012294,Paid,2026-06-21 16:05:42,196.63,aud,Subscription update
ch_0012295,Paid,2026-06-21 16:39:45,195.56,aud,Subscription update
ch_0012296,Paid,2026-06-21 17:15:27,200.39,aud,Subscription update
ch_0012297,Paid,2026-06-21 19:07:57,349.1,aud,Subscription update
ch_0012298,Refunded,2026-06-21 19:27:35,349.0,aud,Subscription update
ch_0012299,Paid,2026-06-21 20:24:00,193.56,aud,Subscription update
ch_0012300,Paid,2026-06-22 08:01:35,199.75,aud,Subscription update
ch_0012301,Paid,2026-06-22 09:42:42,202.79,aud,Subscription update
ch_0012302,Paid,2026-06-22 10:49:17,201.31,aud,Subscription update
ch_0012303,Paid,2026-06-22 11:25:18,595.11,aud,Subscription update
ch_0012304,Paid,2026-06-22 20:29:25,204.96,aud,Subscription update
ch_0012305,Paid,2026-06-23 06:54:08,596.79,aud,Subscription update
ch_0012306,Paid,2026-06-23 10:35:40,190.73,aud,Subscription update
ch_0012307,Paid,2026-06-23 10:52:43,577.24,aud,Subscription update
ch_0012308,Paid,2026-06-23 13:54:38,190.95,aud,Subscription update
ch_0012309,Paid,2026-06-23 15:23:33,209.67,aud,Subscription update
ch_0012310,Paid,2026-06-23 16:10:43,340.94,aud,Subscription update
ch_0012311,Paid,2026-06-23 16:21:37,203.25,aud,Subscription update
ch_0012312,Paid,2026-06-24 07:54:57,198.23,aud,Subscription update
ch_0012313,Paid,2026-06-24 08:28:22,602.78,aud,Subscription update
ch_0012314,Paid,2026-06-24 08:45:19,206.07,aud,Subscription creation
ch_0012315,Paid,2026-06-24 14:12:29,191.77,aud,Subscription update
ch_0012316,Paid,2026-06-24 14:13:07,202.5,aud,Subscription update
ch_0012317,Paid,2026-06-24 14:59:34,354.72,aud,Subscription update
ch_0012318,Paid,2026-06-24 16:11:47,205.8,aud,Subscription update
ch_0012319,Paid,2026-06-24 20:21:35,199.05,aud,Subscription update
ch_0012320,Paid,2026-06-25 06:28:33,358.34,aud,Subscription update
ch_0012321,Paid,2026-06-25 07:54:57,198.74,aud,Subscription update
ch_0012322,Paid,2026-06-25 07:59:45,200.79,aud,Subscription update
ch_0012323,Paid,2026-06-25 08:01:15,354.29,aud,Subscription update
ch_0012324,Paid,2026-06-25 13:28:08,347.95,aud,Subscription update
ch_0012325,Paid,2026-06-25 14:02:35,344.05,aud,Subscription update
ch_0012326,Paid,2026-06-25 14:20:57,207.05,aud,Subscription update
ch_0012327,Paid,2026-06-25 16:52:43,194.07,aud,Subscription update
ch_0012328,Paid,2026-06-25 16:56:18,199.5,aud,Subscription creation
ch_0012329,Paid,2026-06-25 17:00:51,194.56,aud,Subscription update
ch_0012330,Paid,2026-06-25 19:46:58,592.07,aud,Subscription update
ch_0012331,Paid,2026-06-25 20:10:58,353.78,aud,Subscription update
ch_0012332,Paid,2026-06-26 07:34:02,196.9,aud,Subscription update
ch_0012333,Paid,2026-06-26 12:52:13,597.55,aud,Subscription update
ch_0012334,Paid,2026-06-26 19:25:00,344.14,aud,Subscription update
ch_0012335,Paid,2026-06-26 19:32:07,198.42,aud,Subscription update
ch_0012336,Paid,2026-06-26 20:33:00,588.4,aud,Subscription update
ch_0012337,Paid,2026-06-26 20:52:08,358.15,aud,Subscription creation
ch_0012338,Paid,2026-06-27 07:15:09,196.1,aud,Subscription update
ch_0012339,Paid,2026-06-27 07:27:50,608.59,aud,Subscription update
ch_0012340,Paid,2026-06-27 07:48:56,342.74,aud,Subscription update
ch_0012341,Paid,2026-06-27 10:46:56,193.63,aud,Subscription creation
ch_0012342,Paid,2026-06-27 14:51:09,350.76,aud,Subscription update
ch_0012343,Paid,2026-06-27 15:32:57,355.07,aud,Subscription update
ch_0012344,Paid,2026-06-27 15:57:16,199.88,aud,Subscription update
ch_0012345,Paid,2026-06-27 16:57:14,191.24,aud,Subscription update
ch_0012346,Paid,2026-06-27 17:45:06,358.78,aud,Subscription update
ch_0012347,Paid,2026-06-27 18:56:49,205.28,aud,Subscription update
ch_0012348,Paid,2026-06-27 18:59:04,196.66,aud,Subscription update
ch_0012349,Paid,2026-06-27 19:11:27,348.52,aud,Subscription update
ch_0012350,Paid,2026-06-28 07:51:22,197.03,aud,Subscription update
ch_0012351,Paid,2026-06-28 08:09:16,201.85,aud,Subscription update
ch_0012352,Paid,2026-06-28 08:56:20,200.65,aud,Subscription update
ch_0012353,Paid,2026-06-28 10:37:23,198.27,aud,Subscription update
ch_0012354,Paid,2026-06-28 14:11:13,196.7,aud,Subscription update
ch_0012355,Paid,2026-06-28 14:21:59,201.17,aud,Subscription update
ch_0012356,Paid,2026-06-28 14:40:56,208.68,aud,Subscription update
ch_0012357,Paid,2026-06-28 14:44:36,345.63,aud,Subscription creation
ch_0012358,Paid,2026-06-28 15:14:23,617.0,aud,Subscription update
ch_0012359,Paid,2026-06-28 15:53:20,203.36,aud,Subscription update
ch_0012360,Paid,2026-06-28 16:20:56,357.46,aud,Subscription update
ch_0012361,Paid,2026-06-28 16:36:13,200.36,aud,Subscription update
ch_0012362,Paid,2026-06-28 16:42:17,346.0,aud,Subscription update
ch_0012363,Paid,2026-06-28 17:42:36,200.8,aud,Subscription update
ch_0012364,Paid,2026-06-28 19:40:37,353.31,aud,Subscription update
ch_0012365,Paid,2026-06-29 07:17:45,344.59,aud,Subscription update
ch_0012366,Paid,2026-06-29 09:15:09,599.19,aud,Subscription update
ch_0012367,Paid,2026-06-29 10:29:06,346.58,aud,Subscription creation
ch_0012368,Paid,2026-06-29 12:42:14,197.87,aud,Subscription update
ch_0012369,Paid,2026-06-29 15:43:52,350.11,aud,Subscription update
ch_0012370,Paid,2026-06-29 16:21:15,210.3,aud,Subscription update
ch_0012371,Paid,2026-06-29 17:40:04,195.67,aud,Subscription update
ch_0012372,Paid,2026-06-29 19:27:08,193.69,aud,Subscription update
ch_0012373,Paid,2026-06-29 20:05:27,378.71,aud,IV League - Booking
ch_0012374,Paid,2026-06-29 20:20:19,345.72,aud,Subscription creation
ch_0012375,Paid,2026-06-30 07:15:19,199.01,aud,Subscription update
ch_0012376,Paid,2026-06-30 08:10:53,200.01,aud,Subscription update
ch_0012377,Paid,2026-06-30 08:21:26,189.0,aud,Subscription update
ch_0012378,Paid,2026-06-30 09:15:58,601.21,aud,Subscription update
ch_0012379,Paid,2026-06-30 12:44:15,199.02,aud,Subscription update
ch_0012380,Paid,2026-06-30 16:21:49,196.5,aud,Subscription update
ch_0012381,Paid,2026-06-30 18:26:05,199.63,aud,Subscription update
